source_pdf,source_page,source_table,manufacturer,category,series,base_model,variant_label,display_name,variant_source,part_number,msrp_usd_raw,resolution_raw,resolution_width,resolution_height,megapixels_calculated,megapixels_label_pdf,sensor_lens_hfov_raw,sensor_size_normalized,focal_length_min_mm,focal_length_max_mm,aperture_min_f,aperture_max_f,hfov_max_deg,hfov_min_deg,lens_variant_mm,frame_rate_variant_fps,max_fps_raw,optical_zoom_raw,min_illumination_raw,wdr_lightfinder_raw,optimized_ir_builtin_ir_raw,power_raw,io_ports_raw,audio_support_builtin_mic_raw,audio_support,builtin_mic,compute_capabilities_raw,included_video_analytics_raw,secure_boot_signed_video_secure_keystore_raw,sustainability_raw,special_features_raw,temperature_range_raw,sensitivity_raw,pan_tilt_raw,thermal_flag,radiometric_or_temperature_flag,raw_attribute_count,all_raw_pdf_fields_json
Default_Camera,,,ACME,,ACME Series,ACME T-1000,1 mm,ACME T-1000,,T1000-001,$999.99 ,3840x2196 (8MP),3840,2196,8,8 MP,1,1,1,100,1,100,100,100,1,,,,,,,,,,,,,,,,,,,,,,,
DayCor UV EyeScope.pdf,3,TECHNICAL SPECIFICATIONS,Ofil,UV corona / visible overlay cameras,DayCor UV EyeScope,DayCor UV EyeScope,,DayCor UV EyeScope,manufacturer_datasheet,300000,,HD 720p,1280,720,0.92,HD 720p,"Bi-spectral UV-visible; VIS 10.6-33 mm optical zoom; UV fixed 40 mm; HFOV 20°-6.7°; VFOV 11.25°-3.8°","Visible: 5.1 x 3.8 mm; UV: 17.5 mm diameter",10.6,33,,,20,6.7,40,25,25 FPS,"Visible optical zoom 10.6-33 mm; UV fixed 40 mm",0.06 Lux,,,"12V DC, 36 W","1GB Ethernet RJ45",,no,no,"UV/visible synchronized overlay; corona detection; RTSP/H.264 streaming","Corona and arcing detection; photon counting via UDP/ONVIF",,,Solar blind UV; ONVIF; UDP API; IP65,-20°C to +55°C,"Minimum discharge 1 pC @ 8 m",External PT platform (Pontis PT83 compatible),no,no,42,"{""Part Number"":""300000"",""Visible Lens"":""10.6-33 mm"",""UV Lens"":""40 mm fixed"",""Visible Sensor"":""5.1 x 3.8 mm"",""UV Sensor"":""17.5 mm diameter"",""HFOV"":""20-6.7 deg"",""VFOV"":""11.25-3.8 deg"",""Recommended Simulation Lens"":""10.6 mm"",""Recommended Distance"":""5-40 m"",""IFOV"":""0.15 mrad"",""Streaming"":""RTSP"",""ONVIF"":""S + UV event counting"",""API"":""UDP Command Protocol""}"
DayCor UV Eyelite.pdf,4,TECHNICAL SPECIFICATIONS,Ofil,UV corona / visible overlay cameras,DayCor UV Eyelite,DayCor UV Eyelite,,DayCor UV Eyelite,manufacturer_datasheet,260000,,HD 720p,1280,720,0.92,HD 720p,"Bi-spectral UV-visible; VIS 35-51 mm (digital zoom only); UV fixed 100 mm; HFOV 8°; VFOV 4.5°","Visible: 5.1 x 3.8 mm; UV: 17.5 mm diameter",35,35,,,8,8,100,25,25 FPS,"Digital zoom only (no optical zoom)",0.06 Lux,,,"12V DC, 36 W","1GB Ethernet RJ45",,no,no,"UV/visible synchronized overlay; corona detection; RTSP/H.264 streaming","Corona and arcing detection; photon counting via UDP/ONVIF",,,Solar blind UV; ONVIF; UDP API; IP65,-20°C to +55°C,"Minimum discharge 1 pC @ 15 m",External PT platform (Pontis PT83 compatible),no,no,40,"{""Part Number"":""260000"",""Visible Lens"":""35-51 mm (digital zoom only)"",""UV Lens"":""100 mm fixed"",""Visible Sensor"":""5.1 x 3.8 mm"",""UV Sensor"":""17.5 mm diameter"",""HFOV"":""8 deg"",""VFOV"":""4.5 deg"",""Recommended Simulation Lens"":""35 mm"",""Recommended Distance"":""1.5-100 m"",""IFOV"":""0.06 mrad"",""Streaming"":""RTSP"",""ONVIF"":""S + UV event counting"",""API"":""UDP Command Protocol""}"
DayCor UV Eye.pdf,4,TECHNICAL SPECIFICATIONS,Ofil,UV corona / visible overlay PT cameras,DayCor UV Eye,DayCor UV Eye,,DayCor UV Eye,manufacturer_datasheet,250000,,HD 720p,1280,720,0.92,HD 720p,"Bi-spectral UV-visible; VIS 28-51 mm optical zoom; UV 55-110 mm; HFOV 10°-6.3°; VFOV 5.6°-3.6°","Visible: 5.1 x 3.8 mm; UV: 17.5 mm diameter",28,51,,,10,6.3,55,25,25 FPS,"Visible optical zoom 28-51 mm; UV optical 55-110 mm; digital zoom supported",0.06 Lux,,,"12V DC, 36 W","HDMI; 1GB Ethernet RJ45",,no,no,"UV/visible synchronized overlay; corona detection; RTSP/H.264 streaming","Corona and arcing detection; photon counting via UDP/ONVIF",,,Solar blind UV; ONVIF; UDP API; HDMI; IP65,-20°C to +55°C,"Minimum discharge 1 pC @ 15 m",External PT platform (Pontis PT83 compatible),no,no,45,"{""Part Number"":""250000"",""Visible Lens"":""28-51 mm"",""UV Lens"":""55-110 mm"",""Visible Sensor"":""5.1 x 3.8 mm"",""UV Sensor"":""17.5 mm diameter"",""HFOV"":""10-6.3 deg"",""VFOV"":""5.6-3.6 deg"",""Recommended Simulation Lens"":""28 mm"",""Streaming"":""RTSP"",""ONVIF"":""S + UV event counting"",""API"":""UDP Command Protocol"",""Display Modes"":""Visible, UV, Combined""}"
PONTIS-EMC-IPCam72_SFP-DS-2025-05-28-EN.pdf,2,TECHNICAL DATA,Pontis,EMC hardened PTZ cameras,IPCam72_SFP,IPCam72_SFP,,IPCam72_SFP,,,,1920x1080 (HD 1080p),1920,1080,2.07,2 MP,"1/2.8 CMOS, 4.44~142.6 mm motorized varifocal, 32x optical zoom",1/2.8,4.44,142.6,1.6,4.4,61.8,2.19,,60,H.265/H.264 max 60 fps,32x,0.05 Lux color / 0.005 Lux B&W,120 dB WDR,,PoE or 12VDC,Alarm I/O 1 in / 1 out,Audio In/Out,yes,no,DIS image stabilization; Defog; Motion Detection,"Directional, Face, Motion, Auto Tracking, Loitering, Tampering, Virtual Line, Audio Detection",,200 V/m EMC hardened; Fibre optic SFP interface; ONVIF S/G/T; SUNAPI; DORI metrics available,,,"PT83 compatible; pan 0°-360° and tilt -70° to +20°",no,no,38,"{""Sensor"":""1/2.8 CMOS"",""Resolution"":""1920x1080"",""Zoom"":""32x optical"",""Lens"":""4.44-142.6 mm motorized varifocal"",""HFOV"":""61.8-2.19 deg"",""VFOV"":""36.2-1.24 deg"",""Min Illumination"":""0.05 Lux Color, 0.005 Lux B&W"",""WDR"":""120 dB"",""Defog"":""Yes"",""DIS"":""Yes"",""Analytics"":""Directional, Face, Motion, Auto Tracking, Loitering, Tampering, Virtual Line, Audio Detection"",""Audio"":""In/Out"",""Alarm IO"":""1 In / 1 Out"",""ONVIF"":""S/G/T"",""PTZ"":""Zoom built in camera; pan/tilt via PT83""}"
PONTIS-EMC-IRThermo6-DS-2025-03-15-EN.pdf,2,Technical Data,Pontis,EMC hardened thermal cameras,IRThermo6,IRThermo6,5 mm,IRThermo6 - 5 mm,lens_variant,5 mm,,640x480,640,480,0.31,640x480,"5 mm lens, 67° x 50° FOV",,5,5,,,67,67,5,32,32 Hz,No optical zoom,,,,Power supply required; IPCNV optical converter required,,,,,,Temperature ROI and threshold monitoring via PC software,,,RF immunity 200 V/m up to 18 GHz; CISPR 25 Class 5; ISO 11452; Ethernet interface; fibre optic signal lines,0°C to 300°C (optional 1000°C),≤50mK@25,Fixed lens with electric focusing function,yes,yes,24,"{""Lens"":""5 mm"",""Zoom"":""None"",""Focus"":""Fixed lens with electric focusing function"",""HFOV"":""67 deg"",""VFOV"":""50 deg"",""Angular Resolution"":""3.4 mrad"",""Detect Vehicle"":""451 m"",""Identify Vehicle"":""113 m"",""Detect Human"":""147 m"",""Identify Human"":""56 m""}"
PONTIS-EMC-IRThermo6-DS-2025-03-15-EN.pdf,2,Technical Data,Pontis,EMC hardened thermal cameras,IRThermo6,IRThermo6,7 mm,IRThermo6 - 7 mm,lens_variant,7 mm,,640x480,640,480,0.31,640x480,"7 mm lens, 51.2° x 38.5° FOV",,7,7,,,51.2,51.2,7,32,32 Hz,No optical zoom,,,,Power supply required; IPCNV optical converter required,,,,,,Temperature ROI and threshold monitoring via PC software,,,RF immunity 200 V/m up to 18 GHz; CISPR 25 Class 5; ISO 11452; Ethernet interface; fibre optic signal lines,0°C to 300°C (optional 1000°C),≤50mK@25,Fixed lens with electric focusing function,yes,yes,24,"{""Lens"":""7 mm"",""Zoom"":""None"",""Focus"":""Fixed lens with electric focusing function"",""HFOV"":""51.2 deg"",""VFOV"":""38.5 deg"",""Angular Resolution"":""2.4 mrad"",""Detect Vehicle"":""639 m"",""Identify Vehicle"":""160 m"",""Detect Human"":""208 m"",""Identify Human"":""80 m""}"
PONTIS-EMC-IRThermo6-DS-2025-03-15-EN.pdf,2,Technical Data,Pontis,EMC hardened thermal cameras,IRThermo6,IRThermo6,8 mm,IRThermo6 - 8 mm,lens_variant,8 mm,,640x480,640,480,0.31,640x480,"8 mm lens, customizable option",,8,8,,,,,8,32,32 Hz,No optical zoom,,,,Power supply required; IPCNV optical converter required,,,,,,Temperature ROI and threshold monitoring via PC software,,,RF immunity 200 V/m up to 18 GHz; CISPR 25 Class 5; ISO 11452; Ethernet interface; fibre optic signal lines,0°C to 300°C (optional 1000°C),≤50mK@25,Fixed lens with electric focusing function,yes,yes,24,"{""Lens"":""8 mm"",""Zoom"":""None"",""Focus"":""Fixed lens with electric focusing function"",""Status"":""Customizable lens option listed by manufacturer; FOV not published in available table""}"
PONTIS-EMC-IRThermo6-DS-2025-03-15-EN.pdf,2,Technical Data,Pontis,EMC hardened thermal cameras,IRThermo6,IRThermo6,10 mm,IRThermo6 - 10 mm,lens_variant,10 mm,,640x480,640,480,0.31,640x480,"10 mm lens, 36° x 27° FOV",,10,10,,,36,36,10,32,32 Hz,No optical zoom,,,,Power supply required; IPCNV optical converter required,,,,,,Temperature ROI and threshold monitoring via PC software,,,RF immunity 200 V/m up to 18 GHz; CISPR 25 Class 5; ISO 11452; Ethernet interface; fibre optic signal lines,0°C to 300°C (optional 1000°C),≤50mK@25,Fixed lens with electric focusing function,yes,yes,24,"{""Lens"":""10 mm"",""Zoom"":""None"",""Focus"":""Fixed lens with electric focusing function"",""HFOV"":""36 deg"",""VFOV"":""27 deg"",""Angular Resolution"":""1.7 mrad"",""Detect Vehicle"":""902 m"",""Identify Vehicle"":""225 m"",""Detect Human"":""294 m"",""Identify Human"":""113 m""}"
PONTIS-EMC-IRThermo6-DS-2025-03-15-EN.pdf,2,Technical Data,Pontis,EMC hardened thermal cameras,IRThermo6,IRThermo6,15 mm,IRThermo6 - 15 mm,lens_variant,15 mm,,640x480,640,480,0.31,640x480,"15 mm lens, 24.6° x 18.6° FOV",,15,15,,,24.6,24.6,15,32,32 Hz,No optical zoom,,,,Power supply required; IPCNV optical converter required,,,,,,Temperature ROI and threshold monitoring via PC software,,,RF immunity 200 V/m up to 18 GHz; CISPR 25 Class 5; ISO 11452; Ethernet interface; fibre optic signal lines,0°C to 300°C (optional 1000°C),≤50mK@25,Fixed lens with electric focusing function,yes,yes,24,"{""Lens"":""15 mm"",""Zoom"":""None"",""Focus"":""Fixed lens with electric focusing function"",""HFOV"":""24.6 deg"",""VFOV"":""18.6 deg"",""Angular Resolution"":""1.1 mrad"",""Detect Vehicle"":""1353 m"",""Identify Vehicle"":""338 m"",""Detect Human"":""441 m"",""Identify Human"":""169 m""}"
PONTIS-EMC-IRThermo6-DS-2025-03-15-EN.pdf,2,Technical Data,Pontis,EMC hardened thermal cameras,IRThermo6,IRThermo6,17 mm,IRThermo6 - 17 mm,lens_variant,17 mm,,640x480,640,480,0.31,640x480,"17 mm lens, 21.7° x 16.4° FOV",,17,17,,,21.7,21.7,17,32,32 Hz,No optical zoom,,,,Power supply required; IPCNV optical converter required,,,,,,Temperature ROI and threshold monitoring via PC software,,,RF immunity 200 V/m up to 18 GHz; CISPR 25 Class 5; ISO 11452; Ethernet interface; fibre optic signal lines,0°C to 300°C (optional 1000°C),≤50mK@25,Fixed lens with electric focusing function,yes,yes,24,"{""Lens"":""17 mm"",""Zoom"":""None"",""Focus"":""Fixed lens with electric focusing function"",""HFOV"":""21.7 deg"",""VFOV"":""16.4 deg"",""Angular Resolution"":""1.0 mrad"",""Detect Vehicle"":""1533 m"",""Identify Vehicle"":""383 m"",""Detect Human"":""500 m"",""Identify Human"":""192 m""}"
PONTIS-EMC-IRThermo6-DS-2025-03-15-EN.pdf,2,Technical Data,Pontis,EMC hardened thermal cameras,IRThermo6,IRThermo6,25 mm,IRThermo6 - 25 mm,lens_variant,25 mm,,640x480,640,480,0.31,640x480,"25 mm lens, 14.9° x 11.2° FOV",,25,25,,,14.9,14.9,25,32,32 Hz,No optical zoom,,,,Power supply required; IPCNV optical converter required,,,,,,Temperature ROI and threshold monitoring via PC software,,,RF immunity 200 V/m up to 18 GHz; CISPR 25 Class 5; ISO 11452; Ethernet interface; fibre optic signal lines,0°C to 300°C (optional 1000°C),≤50mK@25,Fixed lens with electric focusing function,yes,yes,24,"{""Lens"":""25 mm"",""Zoom"":""None"",""Focus"":""Fixed lens with electric focusing function"",""HFOV"":""14.9 deg"",""VFOV"":""11.2 deg"",""Angular Resolution"":""0.68 mrad"",""Detect Vehicle"":""2255 m"",""Identify Vehicle"":""564 m"",""Detect Human"":""735 m"",""Identify Human"":""282 m""}"
DataSheet_XNZ-L6320_260616_EN.pdf,2,Specifications,Hanwha Vision,Network zoom cameras,X Series,XNZ-L6320,,XNZ-L6320,manufacturer_datasheet,,,"1920x1080",1920,1080,2.07,2 MP,"1/2.8 CMOS, 4.44~142.6 mm motorized varifocal, 32x optical zoom",1/2.8,4.44,142.6,1.6,4.4,61.8,2.19,,60,H.265/H.264 max 60 fps,32x,0.05 Lux color / 0.005 Lux B&W,120 dB WDR,,PoE or 12VDC,Alarm I/O 1 in / 1 out,Audio In/Out,yes,no,DIS image stabilization; Defog; Motion Detection,"Directional, Face, Motion, Auto Tracking, Loitering, Tampering, Virtual Line, Audio Detection",ONVIF S/G/T; SUNAPI; Wisenet Open Platform,,120 dB WDR; Defog; SD card storage; DORI metrics; WiseStream II,,,"Motorized zoom only; external PT mount required",no,no,42,"{""Camera Module"":""XNZ-L6320"",""Sensor"":""1/2.8 CMOS"",""Resolution"":""1920x1080"",""Zoom"":""32x optical"",""Lens"":""4.44-142.6 mm motorized varifocal"",""HFOV"":""61.8-2.19 deg"",""VFOV"":""36.2-1.24 deg"",""Min Focus Distance"":""1.5 m"",""WDR"":""120 dB"",""DIS"":""Yes"",""Defog"":""Yes"",""ONVIF"":""S/G/T"",""Storage"":""MicroSD up to 256 GB"",""PoE"":""IEEE802.3af Class 3"",""Dimensions"":""72 x 63.9 x 135.4 mm"",""Weight"":""480 g""}"
Q1_2026_CheatSheet_msrp_R3_lorez.pdf,17,1,Axis,Axis modular cameras,AXIS F Series,AXIS F2105-RE,,F2105-RE,part_number_variants,02640-021,$269.00 ,1920x1080 (2.1 MP),1920,1080,2.07,2.1 MP,"1/2.8”
3 mm, F2.0
108°",1/2.8,3,3,2,108,108,108,,,See AXIS F91XX Main Units,,0.1/-,Forensic WDR / √,- / -,-,-,- /-,no,no,,-,- / - / -,"PVC free, BFR/CFR free",IP66/IP67/IP6K9K,,,,no,,16,"{""Max. video resolution"": ""1920x1080 (2.1 MP)"", ""Sensor size/Lens/Horizontal field of view"": ""1/2.8”\n3 mm, F2.0\n108°"", ""Min. illumination (lux) Color/B&W"": ""0.1/-"", ""Max. frames per second"": ""See AXIS F91XX Main Units"", ""Audio support/ Built-in mic"": ""- /-"", ""Included video analytics (for Axis video analytics, see page 4)"": ""-"", ""Power"": ""-"", ""In-/output ports"": ""-"", ""WDR/Lightfinder"": ""Forensic WDR / √"", ""Zipstream/H.264/H.265"": ""- / - / -"", ""OptimizedIR/Built-in IR"": ""- / -"", ""Secure Boot/Signed video/Secure keystore"": ""- / - / -"", ""Sustainability"": ""PVC free, BFR/CFR free"", ""Special features"": ""IP66/IP67/IP6K9K"", ""Axis Part Number"": ""02640-001\n02640-021 (8 pcs)"", ""MSRP"": ""$269.00\n$2,149.00 (8 pcs)""}"
Q1_2026_CheatSheet_msrp_R3_lorez.pdf,17,1,Axis,Axis modular cameras,AXIS F Series,AXIS F2105-RE,3 mm,F2105-RE 3 mm,part_number_variants,02640-001,$269.00 ,1920x1080 (2.1 MP),1920,1080,2.07,2.1 MP,"1/2.8”
3 mm, F2.0
108°",,3,3,2,2,,,3,,See AXIS F91XX Main Units,,0.1/-,Forensic WDR / √,- / -,-,-,- /-,no,no,,-,- / - / -,"PVC free, BFR/CFR free",IP66/IP67/IP6K9K,,,,no,,16,"{""Max. video resolution"": ""1920x1080 (2.1 MP)"", ""Sensor size/Lens/Horizontal field of view"": ""1/2.8”\n3 mm, F2.0\n108°"", ""Min. illumination (lux) Color/B&W"": ""0.1/-"", ""Max. frames per second"": ""See AXIS F91XX Main Units"", ""Audio support/ Built-in mic"": ""- /-"", ""Included video analytics (for Axis video analytics, see page 4)"": ""-"", ""Power"": ""-"", ""In-/output ports"": ""-"", ""WDR/Lightfinder"": ""Forensic WDR / √"", ""Zipstream/H.264/H.265"": ""- / - / -"", ""OptimizedIR/Built-in IR"": ""- / -"", ""Secure Boot/Signed video/Secure keystore"": ""- / - / -"", ""Sustainability"": ""PVC free, BFR/CFR free"", ""Special features"": ""IP66/IP67/IP6K9K"", ""Axis Part Number"": ""02640-001\n02640-021 (8 pcs)"", ""MSRP"": ""$269.00\n$2,149.00 (8 pcs)""}"
Q1_2026_CheatSheet_msrp_R3_lorez.pdf,17,1,Axis,Axis modular cameras,AXIS F Series,AXIS F2107-RE,,F2107-RE,part_number_variants,02868-021,$319.00 ,2592x1944 (5 MP),2592,1944,5.04,5 MP,"1/2.78"" 2.8 mm,
F2,2
110°",1/2.78,2.8,2.8,2.2,110,110,110,,,See AXIS F91XX Main Units,,0.25/-,Forensic WDR / √,- / -,-,-,- /-,no,no,,-,- / - / -,"PVC free, BFR/CFR free",IP66/IP67/IP6K9K,,,,no,,16,"{""Max. video resolution"": ""2592x1944 (5 MP)"", ""Sensor size/Lens/Horizontal field of view"": ""1/2.78\"" 2.8 mm,\nF2,2\n110°"", ""Min. illumination (lux) Color/B&W"": ""0.25/-"", ""Max. frames per second"": ""See AXIS F91XX Main Units"", ""Audio support/ Built-in mic"": ""- /-"", ""Included video analytics (for Axis video analytics, see page 4)"": ""-"", ""Power"": ""-"", ""In-/output ports"": ""-"", ""WDR/Lightfinder"": ""Forensic WDR / √"", ""Zipstream/H.264/H.265"": ""- / - / -"", ""OptimizedIR/Built-in IR"": ""- / -"", ""Secure Boot/Signed video/Secure keystore"": ""- / - / -"", ""Sustainability"": ""PVC free, BFR/CFR free"", ""Special features"": ""IP66/IP67/IP6K9K"", ""Axis Part Number"": ""02868-001\n02868-021 (8 pcs)"", ""MSRP"": ""$319.00\n$2,549.00 (8 pcs)""}"
Q1_2026_CheatSheet_msrp_R3_lorez.pdf,17,1,Axis,Axis modular cameras,AXIS F Series,AXIS F2107-RE,2.8 mm,F2107-RE 2.8 mm,part_number_variants,02868-001,$319.00 ,2592x1944 (5 MP),2592,1944,5.04,5 MP,"1/2.78"" 2.8 mm,
F2,2
110°",1/2.78,2.8,2.8,,,,,2.8,,See AXIS F91XX Main Units,,0.25/-,Forensic WDR / √,- / -,-,-,- /-,no,no,,-,- / - / -,"PVC free, BFR/CFR free",IP66/IP67/IP6K9K,,,,no,,16,"{""Max. video resolution"": ""2592x1944 (5 MP)"", ""Sensor size/Lens/Horizontal field of view"": ""1/2.78\"" 2.8 mm,\nF2,2\n110°"", ""Min. illumination (lux) Color/B&W"": ""0.25/-"", ""Max. frames per second"": ""See AXIS F91XX Main Units"", ""Audio support/ Built-in mic"": ""- /-"", ""Included video analytics (for Axis video analytics, see page 4)"": ""-"", ""Power"": ""-"", ""In-/output ports"": ""-"", ""WDR/Lightfinder"": ""Forensic WDR / √"", ""Zipstream/H.264/H.265"": ""- / - / -"", ""OptimizedIR/Built-in IR"": ""- / -"", ""Secure Boot/Signed video/Secure keystore"": ""- / - / -"", ""Sustainability"": ""PVC free, BFR/CFR free"", ""Special features"": ""IP66/IP67/IP6K9K"", ""Axis Part Number"": ""02868-001\n02868-021 (8 pcs)"", ""MSRP"": ""$319.00\n$2,549.00 (8 pcs)""}"
Q1_2026_CheatSheet_msrp_R3_lorez.pdf,17,1,Axis,Axis modular cameras,AXIS F Series,AXIS F2108,,F2108,part_number_variants,03056-021,$249.00 ,3840x2160 (8.3 MP),3840,2160,8.29,8.3 MP,"1/2.9”
4.3 mm, F1.8
110°",1/2.9,4.3,4.3,1.8,110,110,110,,,See AXIS F91XX Main Units,,0.4/-,Forensic WDR / √,- / -,-,-,- /-,no,no,,-,- / - / -,"PVC free, BFR/CFR free",-,,,,no,,16,"{""Max. video resolution"": ""3840x2160 (8.3 MP)"", ""Sensor size/Lens/Horizontal field of view"": ""1/2.9”\n4.3 mm, F1.8\n110°"", ""Min. illumination (lux) Color/B&W"": ""0.4/-"", ""Max. frames per second"": ""See AXIS F91XX Main Units"", ""Audio support/ Built-in mic"": ""- /-"", ""Included video analytics (for Axis video analytics, see page 4)"": ""-"", ""Power"": ""-"", ""In-/output ports"": ""-"", ""WDR/Lightfinder"": ""Forensic WDR / √"", ""Zipstream/H.264/H.265"": ""- / - / -"", ""OptimizedIR/Built-in IR"": ""- / -"", ""Secure Boot/Signed video/Secure keystore"": ""- / - / -"", ""Sustainability"": ""PVC free, BFR/CFR free"", ""Special features"": ""-"", ""Axis Part Number"": ""03056-001\n03056-021 (8 pcs)"", ""MSRP"": ""$249.00\n$1,989.00 (8 pcs)""}"
Q1_2026_CheatSheet_msrp_R3_lorez.pdf,17,1,Axis,Axis modular cameras,AXIS F Series,AXIS F2108,4.3 mm,F2108 4.3 mm,part_number_variants,03056-001,$249.00 ,3840x2160 (8.3 MP),3840,2160,8.29,8.3 MP,"1/2.9”
4.3 mm, F1.8
110°",,4.3,4.3,1.8,1.8,,,4.3,,See AXIS F91XX Main Units,,0.4/-,Forensic WDR / √,- / -,-,-,- /-,no,no,,-,- / - / -,"PVC free, BFR/CFR free",-,,,,no,,16,"{""Max. video resolution"": ""3840x2160 (8.3 MP)"", ""Sensor size/Lens/Horizontal field of view"": ""1/2.9”\n4.3 mm, F1.8\n110°"", ""Min. illumination (lux) Color/B&W"": ""0.4/-"", ""Max. frames per second"": ""See AXIS F91XX Main Units"", ""Audio support/ Built-in mic"": ""- /-"", ""Included video analytics (for Axis video analytics, see page 4)"": ""-"", ""Power"": ""-"", ""In-/output ports"": ""-"", ""WDR/Lightfinder"": ""Forensic WDR / √"", ""Zipstream/H.264/H.265"": ""- / - / -"", ""OptimizedIR/Built-in IR"": ""- / -"", ""Secure Boot/Signed video/Secure keystore"": ""- / - / -"", ""Sustainability"": ""PVC free, BFR/CFR free"", ""Special features"": ""-"", ""Axis Part Number"": ""03056-001\n03056-021 (8 pcs)"", ""MSRP"": ""$249.00\n$1,989.00 (8 pcs)""}"
Q1_2026_CheatSheet_msrp_R3_lorez.pdf,17,1,Axis,Axis modular cameras,AXIS F Series,AXIS F2115-R,,F2115-R,single_model,02639-001,$329.00 ,1920x1080 (2.1 MP),1920,1080,2.07,2.1 MP,"1/2.8""
3.2 – 5.7 mm, F2.2 - F3.1
107°-56°",1/2.8,3.2,5.7,2.2,3.1,107,56,,,See AXIS F91XX Main Units,,0.1/-,Forensic WDR / √,- / -,-,-,- /-,no,no,,-,- / - / -,"PVC free, BFR/CFR free",IP5X,,,,no,,16,"{""Max. video resolution"": ""1920x1080 (2.1 MP)"", ""Sensor size/Lens/Horizontal field of view"": ""1/2.8\""\n3.2 – 5.7 mm, F2.2 - F3.1\n107°-56°"", ""Min. illumination (lux) Color/B&W"": ""0.1/-"", ""Max. frames per second"": ""See AXIS F91XX Main Units"", ""Audio support/ Built-in mic"": ""- /-"", ""Included video analytics (for Axis video analytics, see page 4)"": ""-"", ""Power"": ""-"", ""In-/output ports"": ""-"", ""WDR/Lightfinder"": ""Forensic WDR / √"", ""Zipstream/H.264/H.265"": ""- / - / -"", ""OptimizedIR/Built-in IR"": ""- / -"", ""Secure Boot/Signed video/Secure keystore"": ""- / - / -"", ""Sustainability"": ""PVC free, BFR/CFR free"", ""Special features"": ""IP5X"", ""Axis Part Number"": ""02639-001"", ""MSRP"": ""$329.00""}"
Q1_2026_CheatSheet_msrp_R3_lorez.pdf,17,1,Axis,Axis modular cameras,AXIS F Series,AXIS F2135-RE,,F2135-RE,single_model,02641-001,$269.00 ,1920x1080 (2.1 MP),1920,1080,2.07,2.1 MP,"1/2.8""
1.98 mm, F2.0
185°",1/2.8,1.98,1.98,2,185,185,185,,,See AXIS F91XX Main Units,,0.1/-,Forensic WDR / √,- /-,-,-,- /-,no,no,,-,- / - / -,"PVC free, BFR/CFR free",IP66/IP67/IP6K9K,,,,no,,16,"{""Max. video resolution"": ""1920x1080 (2.1 MP)"", ""Sensor size/Lens/Horizontal field of view"": ""1/2.8\""\n1.98 mm, F2.0\n185°"", ""Min. illumination (lux) Color/B&W"": ""0.1/-"", ""Max. frames per second"": ""See AXIS F91XX Main Units"", ""Audio support/ Built-in mic"": ""- /-"", ""Included video analytics (for Axis video analytics, see page 4)"": ""-"", ""Power"": ""-"", ""In-/output ports"": ""-"", ""WDR/Lightfinder"": ""Forensic WDR / √"", ""Zipstream/H.264/H.265"": ""- / - / -"", ""OptimizedIR/Built-in IR"": ""- /-"", ""Secure Boot/Signed video/Secure keystore"": ""- / - / -"", ""Sustainability"": ""PVC free, BFR/CFR free"", ""Special features"": ""IP66/IP67/IP6K9K"", ""Axis Part Number"": ""02641-001"", ""MSRP"": ""$269.00""}"
Q1_2026_CheatSheet_msrp_R3_lorez.pdf,17,1,Axis,Axis modular cameras,AXIS F Series,AXIS F2137-RE,,F2137-RE,part_number_variants,02869-021,$319.00 ,2592x1944 (5 MP),2592,1944,5.04,5 MP,"1/2.78""
1.98 mm, F2.0
185°",1/2.78,1.98,1.98,2,185,185,185,,,See AXIS F91XX Main Units,,0.25/-,Forensic WDR / √,- /-,-,-,- /-,no,no,,-,- / - / -,"PVC free, BFR/CFR free",IP66/IP67/IP6K9K,,,,no,,16,"{""Max. video resolution"": ""2592x1944 (5 MP)"", ""Sensor size/Lens/Horizontal field of view"": ""1/2.78\""\n1.98 mm, F2.0\n185°"", ""Min. illumination (lux) Color/B&W"": ""0.25/-"", ""Max. frames per second"": ""See AXIS F91XX Main Units"", ""Audio support/ Built-in mic"": ""- /-"", ""Included video analytics (for Axis video analytics, see page 4)"": ""-"", ""Power"": ""-"", ""In-/output ports"": ""-"", ""WDR/Lightfinder"": ""Forensic WDR / √"", ""Zipstream/H.264/H.265"": ""- / - / -"", ""OptimizedIR/Built-in IR"": ""- /-"", ""Secure Boot/Signed video/Secure keystore"": ""- / - / -"", ""Sustainability"": ""PVC free, BFR/CFR free"", ""Special features"": ""IP66/IP67/IP6K9K"", ""Axis Part Number"": ""02869-001\n02869-021 (8 pcs)"", ""MSRP"": ""$319.00\n$2,549.00 (8 pcs)""}"
Q1_2026_CheatSheet_msrp_R3_lorez.pdf,17,1,Axis,Axis modular cameras,AXIS F Series,AXIS F2137-RE,1.98 mm,F2137-RE 1.98 mm,part_number_variants,02869-001,$319.00 ,2592x1944 (5 MP),2592,1944,5.04,5 MP,"1/2.78""
1.98 mm, F2.0
185°",,1.98,1.98,2,2,,,1.98,,See AXIS F91XX Main Units,,0.25/-,Forensic WDR / √,- /-,-,-,- /-,no,no,,-,- / - / -,"PVC free, BFR/CFR free",IP66/IP67/IP6K9K,,,,no,,16,"{""Max. video resolution"": ""2592x1944 (5 MP)"", ""Sensor size/Lens/Horizontal field of view"": ""1/2.78\""\n1.98 mm, F2.0\n185°"", ""Min. illumination (lux) Color/B&W"": ""0.25/-"", ""Max. frames per second"": ""See AXIS F91XX Main Units"", ""Audio support/ Built-in mic"": ""- /-"", ""Included video analytics (for Axis video analytics, see page 4)"": ""-"", ""Power"": ""-"", ""In-/output ports"": ""-"", ""WDR/Lightfinder"": ""Forensic WDR / √"", ""Zipstream/H.264/H.265"": ""- / - / -"", ""OptimizedIR/Built-in IR"": ""- /-"", ""Secure Boot/Signed video/Secure keystore"": ""- / - / -"", ""Sustainability"": ""PVC free, BFR/CFR free"", ""Special features"": ""IP66/IP67/IP6K9K"", ""Axis Part Number"": ""02869-001\n02869-021 (8 pcs)"", ""MSRP"": ""$319.00\n$2,549.00 (8 pcs)""}"
Q1_2026_CheatSheet_msrp_R3_lorez.pdf,17,1,Axis,Axis modular cameras,AXIS F Series,AXIS F4105-LRE,,F4105-LRE,part_number_variants,02364-021,$339.00 ,1920x1080 (2.1 MP),1920,1080,2.07,2.1 MP,"1/2.8""
2.8 mm, F1.6
110°",1/2.8,2.8,2.8,1.6,110,110,110,,,See AXIS F91XX Main Units,,0.3,Forensic WDR / √,- / √,-,-,- /-,no,no,,-,- / - / -,"PVC free, BFR/CFR free","Exchangable lenses
IP66/IP67/IP6K9K
IK10",,,,no,,16,"{""Max. video resolution"": ""1920x1080 (2.1 MP)"", ""Sensor size/Lens/Horizontal field of view"": ""1/2.8\""\n2.8 mm, F1.6\n110°"", ""Min. illumination (lux) Color/B&W"": ""0.3"", ""Max. frames per second"": ""See AXIS F91XX Main Units"", ""Audio support/ Built-in mic"": ""- /-"", ""Included video analytics (for Axis video analytics, see page 4)"": ""-"", ""Power"": ""-"", ""In-/output ports"": ""-"", ""WDR/Lightfinder"": ""Forensic WDR / √"", ""Zipstream/H.264/H.265"": ""- / - / -"", ""OptimizedIR/Built-in IR"": ""- / √"", ""Secure Boot/Signed video/Secure keystore"": ""- / - / -"", ""Sustainability"": ""PVC free, BFR/CFR free"", ""Special features"": ""Exchangable lenses\nIP66/IP67/IP6K9K\nIK10"", ""Axis Part Number"": ""02364-001\n02364-021 (8 pcs)"", ""MSRP"": ""$339.00\n$2,709.00 (8 pcs)""}"
Q1_2026_CheatSheet_msrp_R3_lorez.pdf,17,1,Axis,Axis modular cameras,AXIS F Series,AXIS F4105-LRE,2.8 mm,F4105-LRE 2.8 mm,part_number_variants,02364-001,$339.00 ,1920x1080 (2.1 MP),1920,1080,2.07,2.1 MP,"1/2.8""
2.8 mm, F1.6
110°",,2.8,2.8,1.6,1.6,,,2.8,,See AXIS F91XX Main Units,,0.3,Forensic WDR / √,- / √,-,-,- /-,no,no,,-,- / - / -,"PVC free, BFR/CFR free","Exchangable lenses
IP66/IP67/IP6K9K
IK10",,,,no,,16,"{""Max. video resolution"": ""1920x1080 (2.1 MP)"", ""Sensor size/Lens/Horizontal field of view"": ""1/2.8\""\n2.8 mm, F1.6\n110°"", ""Min. illumination (lux) Color/B&W"": ""0.3"", ""Max. frames per second"": ""See AXIS F91XX Main Units"", ""Audio support/ Built-in mic"": ""- /-"", ""Included video analytics (for Axis video analytics, see page 4)"": ""-"", ""Power"": ""-"", ""In-/output ports"": ""-"", ""WDR/Lightfinder"": ""Forensic WDR / √"", ""Zipstream/H.264/H.265"": ""- / - / -"", ""OptimizedIR/Built-in IR"": ""- / √"", ""Secure Boot/Signed video/Secure keystore"": ""- / - / -"", ""Sustainability"": ""PVC free, BFR/CFR free"", ""Special features"": ""Exchangable lenses\nIP66/IP67/IP6K9K\nIK10"", ""Axis Part Number"": ""02364-001\n02364-021 (8 pcs)"", ""MSRP"": ""$339.00\n$2,709.00 (8 pcs)""}"
Q1_2026_CheatSheet_msrp_R3_lorez.pdf,17,1,Axis,Axis modular cameras,AXIS F Series,AXIS F4105-SLRE,,F4105-SLRE,part_number_variants,02927-021,$529.00 ,1920x1080 (2.1 MP),1920,1080,2.07,2.1 MP,"1/2.8""
2.8 mm, F1.6
110°",1/2.8,2.8,2.8,1.6,110,110,110,,,See AXIS F91XX Main Units,,0.3,Forensic WDR / √,- / √,-,-,- /-,no,no,,-,- / - / -,"PVC free, BFR/CFR free","Exchangable lenses
IP66/IP67/IP69
NEMA 4X/NSF/ANSI
Standard 169, IK10",,,,no,,16,"{""Max. video resolution"": ""1920x1080 (2.1 MP)"", ""Sensor size/Lens/Horizontal field of view"": ""1/2.8\""\n2.8 mm, F1.6\n110°"", ""Min. illumination (lux) Color/B&W"": ""0.3"", ""Max. frames per second"": ""See AXIS F91XX Main Units"", ""Audio support/ Built-in mic"": ""- /-"", ""Included video analytics (for Axis video analytics, see page 4)"": ""-"", ""Power"": ""-"", ""In-/output ports"": ""-"", ""WDR/Lightfinder"": ""Forensic WDR / √"", ""Zipstream/H.264/H.265"": ""- / - / -"", ""OptimizedIR/Built-in IR"": ""- / √"", ""Secure Boot/Signed video/Secure keystore"": ""- / - / -"", ""Sustainability"": ""PVC free, BFR/CFR free"", ""Special features"": ""Exchangable lenses\nIP66/IP67/IP69\nNEMA 4X/NSF/ANSI\nStandard 169, IK10"", ""Axis Part Number"": ""02927-001\n02927-021 (8 pcs)"", ""MSRP"": ""$529.00\n$4,229.00 (8 pcs)""}"
Q1_2026_CheatSheet_msrp_R3_lorez.pdf,17,1,Axis,Axis modular cameras,AXIS F Series,AXIS F4105-SLRE,2.8 mm,F4105-SLRE 2.8 mm,part_number_variants,02927-001,$529.00 ,1920x1080 (2.1 MP),1920,1080,2.07,2.1 MP,"1/2.8""
2.8 mm, F1.6
110°",,2.8,2.8,1.6,1.6,,,2.8,,See AXIS F91XX Main Units,,0.3,Forensic WDR / √,- / √,-,-,- /-,no,no,,-,- / - / -,"PVC free, BFR/CFR free","Exchangable lenses
IP66/IP67/IP69
NEMA 4X/NSF/ANSI
Standard 169, IK10",,,,no,,16,"{""Max. video resolution"": ""1920x1080 (2.1 MP)"", ""Sensor size/Lens/Horizontal field of view"": ""1/2.8\""\n2.8 mm, F1.6\n110°"", ""Min. illumination (lux) Color/B&W"": ""0.3"", ""Max. frames per second"": ""See AXIS F91XX Main Units"", ""Audio support/ Built-in mic"": ""- /-"", ""Included video analytics (for Axis video analytics, see page 4)"": ""-"", ""Power"": ""-"", ""In-/output ports"": ""-"", ""WDR/Lightfinder"": ""Forensic WDR / √"", ""Zipstream/H.264/H.265"": ""- / - / -"", ""OptimizedIR/Built-in IR"": ""- / √"", ""Secure Boot/Signed video/Secure keystore"": ""- / - / -"", ""Sustainability"": ""PVC free, BFR/CFR free"", ""Special features"": ""Exchangable lenses\nIP66/IP67/IP69\nNEMA 4X/NSF/ANSI\nStandard 169, IK10"", ""Axis Part Number"": ""02927-001\n02927-021 (8 pcs)"", ""MSRP"": ""$529.00\n$4,229.00 (8 pcs)""}"
Q1_2026_CheatSheet_msrp_R3_lorez.pdf,17,1,Axis,Axis modular cameras,AXIS F Series,AXIS F4108,,F4108,part_number_variants,03055-021,$249.00 ,3840x2160 (8.3 MP),3840,2160,8.29,8.3 MP,"1/2.9”
4.3 mm, F1.8
107°",1/2.9,4.3,4.3,1.8,107,107,107,,,See AXIS F91XX Main Units,,0.5/-,Forensic WDR / √,- / -,-,-,- /-,no,no,,-,- / - / -,"PVC free, BFR/CFR free",IP42,,,,no,,16,"{""Max. video resolution"": ""3840x2160 (8.3 MP)"", ""Sensor size/Lens/Horizontal field of view"": ""1/2.9”\n4.3 mm, F1.8\n107°"", ""Min. illumination (lux) Color/B&W"": ""0.5/-"", ""Max. frames per second"": ""See AXIS F91XX Main Units"", ""Audio support/ Built-in mic"": ""- /-"", ""Included video analytics (for Axis video analytics, see page 4)"": ""-"", ""Power"": ""-"", ""In-/output ports"": ""-"", ""WDR/Lightfinder"": ""Forensic WDR / √"", ""Zipstream/H.264/H.265"": ""- / - / -"", ""OptimizedIR/Built-in IR"": ""- / -"", ""Secure Boot/Signed video/Secure keystore"": ""- / - / -"", ""Sustainability"": ""PVC free, BFR/CFR free"", ""Special features"": ""IP42"", ""Axis Part Number"": ""03055-001\n03055-021 (8 pcs)"", ""MSRP"": ""$249.00\n$1,989.00 (8 pcs)""}"
Q1_2026_CheatSheet_msrp_R3_lorez.pdf,17,1,Axis,Axis modular cameras,AXIS F Series,AXIS F4108,4.3 mm,F4108 4.3 mm,part_number_variants,03055-001,$249.00 ,3840x2160 (8.3 MP),3840,2160,8.29,8.3 MP,"1/2.9”
4.3 mm, F1.8
107°",,4.3,4.3,1.8,1.8,,,4.3,,See AXIS F91XX Main Units,,0.5/-,Forensic WDR / √,- / -,-,-,- /-,no,no,,-,- / - / -,"PVC free, BFR/CFR free",IP42,,,,no,,16,"{""Max. video resolution"": ""3840x2160 (8.3 MP)"", ""Sensor size/Lens/Horizontal field of view"": ""1/2.9”\n4.3 mm, F1.8\n107°"", ""Min. illumination (lux) Color/B&W"": ""0.5/-"", ""Max. frames per second"": ""See AXIS F91XX Main Units"", ""Audio support/ Built-in mic"": ""- /-"", ""Included video analytics (for Axis video analytics, see page 4)"": ""-"", ""Power"": ""-"", ""In-/output ports"": ""-"", ""WDR/Lightfinder"": ""Forensic WDR / √"", ""Zipstream/H.264/H.265"": ""- / - / -"", ""OptimizedIR/Built-in IR"": ""- / -"", ""Secure Boot/Signed video/Secure keystore"": ""- / - / -"", ""Sustainability"": ""PVC free, BFR/CFR free"", ""Special features"": ""IP42"", ""Axis Part Number"": ""03055-001\n03055-021 (8 pcs)"", ""MSRP"": ""$249.00\n$1,989.00 (8 pcs)""}"
Q1_2026_CheatSheet_msrp_R3_lorez.pdf,17,1,Axis,Axis modular cameras,AXIS F Series,AXIS F7225-RE,,F7225-RE,part_number_variants,02363-021,$269.00 ,1920x1080 (2.1 MP),1920,1080,2.07,2.1 MP,"1/2.8""
3.7mm F2.5
97°",1/2.8,3.7,3.7,2.5,97,97,97,,,See AXIS F91XX Main Units,,0.3/-,Forensic WDR / √,- / -,-,-,- /-,no,no,,-,- / - / -,"PVC free, BFR/CFR free",IP66/IP67,,,,no,,16,"{""Max. video resolution"": ""1920x1080 (2.1 MP)"", ""Sensor size/Lens/Horizontal field of view"": ""1/2.8\""\n3.7mm F2.5\n97°"", ""Min. illumination (lux) Color/B&W"": ""0.3/-"", ""Max. frames per second"": ""See AXIS F91XX Main Units"", ""Audio support/ Built-in mic"": ""- /-"", ""Included video analytics (for Axis video analytics, see page 4)"": ""-"", ""Power"": ""-"", ""In-/output ports"": ""-"", ""WDR/Lightfinder"": ""Forensic WDR / √"", ""Zipstream/H.264/H.265"": ""- / - / -"", ""OptimizedIR/Built-in IR"": ""- / -"", ""Secure Boot/Signed video/Secure keystore"": ""- / - / -"", ""Sustainability"": ""PVC free, BFR/CFR free"", ""Special features"": ""IP66/IP67"", ""Axis Part Number"": ""02363-001\n02363-021 (8 pcs)"", ""MSRP"": ""$269.00\n$2,149.00 (8 pcs)""}"
Q1_2026_CheatSheet_msrp_R3_lorez.pdf,17,1,Axis,Axis modular cameras,AXIS F Series,AXIS F7225-RE,3.7 mm,F7225-RE 3.7 mm,part_number_variants,02363-001,$269.00 ,1920x1080 (2.1 MP),1920,1080,2.07,2.1 MP,"1/2.8""
3.7mm F2.5
97°",,3.7,3.7,2.5,2.5,,,3.7,,See AXIS F91XX Main Units,,0.3/-,Forensic WDR / √,- / -,-,-,- /-,no,no,,-,- / - / -,"PVC free, BFR/CFR free",IP66/IP67,,,,no,,16,"{""Max. video resolution"": ""1920x1080 (2.1 MP)"", ""Sensor size/Lens/Horizontal field of view"": ""1/2.8\""\n3.7mm F2.5\n97°"", ""Min. illumination (lux) Color/B&W"": ""0.3/-"", ""Max. frames per second"": ""See AXIS F91XX Main Units"", ""Audio support/ Built-in mic"": ""- /-"", ""Included video analytics (for Axis video analytics, see page 4)"": ""-"", ""Power"": ""-"", ""In-/output ports"": ""-"", ""WDR/Lightfinder"": ""Forensic WDR / √"", ""Zipstream/H.264/H.265"": ""- / - / -"", ""OptimizedIR/Built-in IR"": ""- / -"", ""Secure Boot/Signed video/Secure keystore"": ""- / - / -"", ""Sustainability"": ""PVC free, BFR/CFR free"", ""Special features"": ""IP66/IP67"", ""Axis Part Number"": ""02363-001\n02363-021 (8 pcs)"", ""MSRP"": ""$269.00\n$2,149.00 (8 pcs)""}"
Q1_2026_CheatSheet_msrp_R3_lorez.pdf,16,2,Axis,Axis modular cameras,AXIS F Series,AXIS F9104-B Mk II,,F9104-B Mk II,single_model,03000-001,$569.00 ,3840x2160 4K,3840,2160,8.29,,-,,,,,,,,,,60,,-,Forensic WDR / -,- / -,"PoE Class 4, DC",0,- /-,no,no,,"AXIS Object Analytics
Active tampering alarm
AXIS Scene Metadata",,PVC free,"Quad view
Supports 4 sensor units",,,,no,,16,"{""Max. video resolution"": ""3840x2160 4K"", ""Sensor size/Lens/Horizontal field of view"": ""-"", ""Min. illumination (lux) Color/B&W"": ""-"", ""Max. frames per second"": ""60"", ""Audio support/ Built-in mic"": ""- /-"", ""Included video analytics (for Axis video analytics, see page 4)"": ""AXIS Object Analytics\nActive tampering alarm\nAXIS Scene Metadata"", ""Power"": ""PoE Class 4, DC"", ""In-/output ports"": ""0"", ""WDR/Lightfinder"": ""Forensic WDR / -"", ""Zipstream/H.264/H.265"": ""√ / √ / √"", ""OptimizedIR/Built-in IR"": ""- / -"", ""Secure Boot/ Signed video/ Secure keystore"": ""√ / - / √"", ""Sustainability"": ""PVC free"", ""Special features"": ""Quad view\nSupports 4 sensor units"", ""Axis Part Number"": ""03000-001"", ""MSRP"": ""$569.00""}"
Q1_2026_CheatSheet_msrp_R3_lorez.pdf,16,2,Axis,Axis modular cameras,AXIS F Series,AXIS F9111-R Mk II,,F9111-R Mk II,single_model,02998-001,$619.00 ,3840x2160 4K,3840,2160,8.29,,-,,,,,,,,,,180,,-,Forensic WDR / -,- / -,"PoE Class 4, DC",4,√ / -,yes,no,,"AXIS Object Analytics
Active tampering alarm
AXIS Scene Metadata",,PVC free,Ignition control,,,,no,,16,"{""Max. video resolution"": ""3840x2160 4K"", ""Sensor size/Lens/Horizontal field of view"": ""-"", ""Min. illumination (lux) Color/B&W"": ""-"", ""Max. frames per second"": ""180"", ""Audio support/ Built-in mic"": ""√ / -"", ""Included video analytics (for Axis video analytics, see page 4)"": ""AXIS Object Analytics\nActive tampering alarm\nAXIS Scene Metadata"", ""Power"": ""PoE Class 4, DC"", ""In-/output ports"": ""4"", ""WDR/Lightfinder"": ""Forensic WDR / -"", ""Zipstream/H.264/H.265"": ""√ / √ / √"", ""OptimizedIR/Built-in IR"": ""- / -"", ""Secure Boot/ Signed video/ Secure keystore"": ""√ / - / √"", ""Sustainability"": ""PVC free"", ""Special features"": ""Ignition control"", ""Axis Part Number"": ""02998-001"", ""MSRP"": ""$619.00""}"
Q1_2026_CheatSheet_msrp_R3_lorez.pdf,16,2,Axis,Axis modular cameras,AXIS F Series,AXIS F9114-B Mk II,,F9114-B Mk II,single_model,03001-001,$699.00 ,3840x2160 4K,3840,2160,8.29,,-,,,,,,,,,,60,,-,Forensic WDR / -,- / -,"PoE Class 4, DC",4,√ / -,yes,no,,"AXIS Object Analytics
Active tampering alarm
AXIS Scene Metadata",,PVC free,"Quad view
Supports 4 sensor units",,,,no,,16,"{""Max. video resolution"": ""3840x2160 4K"", ""Sensor size/Lens/Horizontal field of view"": ""-"", ""Min. illumination (lux) Color/B&W"": ""-"", ""Max. frames per second"": ""60"", ""Audio support/ Built-in mic"": ""√ / -"", ""Included video analytics (for Axis video analytics, see page 4)"": ""AXIS Object Analytics\nActive tampering alarm\nAXIS Scene Metadata"", ""Power"": ""PoE Class 4, DC"", ""In-/output ports"": ""4"", ""WDR/Lightfinder"": ""Forensic WDR / -"", ""Zipstream/H.264/H.265"": ""√ / √ / √"", ""OptimizedIR/Built-in IR"": ""- / -"", ""Secure Boot/ Signed video/ Secure keystore"": ""√ / - / √"", ""Sustainability"": ""PVC free"", ""Special features"": ""Quad view\nSupports 4 sensor units"", ""Axis Part Number"": ""03001-001"", ""MSRP"": ""$699.00""}"
Q1_2026_CheatSheet_msrp_R3_lorez.pdf,16,2,Axis,Axis modular cameras,AXIS F Series,AXIS F9114-R Mk II,,F9114-R Mk II,single_model,02999-001,$719.00 ,3840x2160 4K,3840,2160,8.29,,-,,,,,,,,,,60,,-,Forensic WDR / -,- / -,"PoE Class 4, DC",4,√ / -,yes,no,,"AXIS Object Analytics
Active tampering alarm
AXIS Scene Metadata",,PVC free,"Ignition control
Quad view
Supports 4 sensor units",,,,no,,16,"{""Max. video resolution"": ""3840x2160 4K"", ""Sensor size/Lens/Horizontal field of view"": ""-"", ""Min. illumination (lux) Color/B&W"": ""-"", ""Max. frames per second"": ""60"", ""Audio support/ Built-in mic"": ""√ / -"", ""Included video analytics (for Axis video analytics, see page 4)"": ""AXIS Object Analytics\nActive tampering alarm\nAXIS Scene Metadata"", ""Power"": ""PoE Class 4, DC"", ""In-/output ports"": ""4"", ""WDR/Lightfinder"": ""Forensic WDR / -"", ""Zipstream/H.264/H.265"": ""√ / √ / √"", ""OptimizedIR/Built-in IR"": ""- / -"", ""Secure Boot/ Signed video/ Secure keystore"": ""√ / - / √"", ""Sustainability"": ""PVC free"", ""Special features"": ""Ignition control\nQuad view\nSupports 4 sensor units"", ""Axis Part Number"": ""02999-001"", ""MSRP"": ""$719.00""}"
Q1_2026_CheatSheet_msrp_R3_lorez.pdf,18,1,Axis,Axis modular cameras,AXIS FA Series,AXIS FA11051,,FA11051,single_model,,$159.00 ,1920x1080 (2.1 MP),1920,1080,2.07,2.1 MP,"1/3”
2.8 mm, F2.0
111°",3-Jan,2.8,2.8,2,111,111,111,,,25/30,,0.2/-,Forensic WDR / -,- / -,-,-,- / -,no,no,,-,- / - / -,PVC free,Exchangable lenses,,,,no,,16,"{""Max. video resolution"": ""1920x1080 (2.1 MP)"", ""Sensor size/Lens/Horizontal field of view"": ""1/3”\n2.8 mm, F2.0\n111°"", ""Min. illumination (lux) Color/B&W"": ""0.2/-"", ""Max. frames per second"": ""25/30"", ""Audio support/ Built-in mic"": ""- / -"", ""Included video analytics (for Axis video analytics, see page 4)"": ""-"", ""Power"": ""-"", ""In-/output ports"": ""-"", ""WDR/Lightfinder"": ""Forensic WDR / -"", ""Zipstream/H.264/H.265"": ""- / - / -"", ""OptimizedIR/Built-in IR"": ""- / -"", ""Secure Boot/ Signed video/Secure keystore"": ""- / - / -"", ""Sustainability"": ""PVC free"", ""Special features"": ""Exchangable lenses"", ""Axis Part Number"": ""0913-001"", ""MSRP"": ""$159.00""}"
Q1_2026_CheatSheet_msrp_R3_lorez.pdf,18,1,Axis,Axis modular cameras,AXIS FA Series,AXIS FA11251,,FA11251,single_model,,$169.00 ,1920x1080 (2.1 MP),1920,1080,2.07,2.1 MP,"1/3”
3.7 mm, F2.5
91°",3-Jan,3.7,3.7,2.5,91,91,91,,,25/30,,0.25/-,Forensic WDR / -,- / -,-,-,- / -,no,no,,-,- / - / -,PVC free,-,,,,no,,16,"{""Max. video resolution"": ""1920x1080 (2.1 MP)"", ""Sensor size/Lens/Horizontal field of view"": ""1/3”\n3.7 mm, F2.5\n91°"", ""Min. illumination (lux) Color/B&W"": ""0.25/-"", ""Max. frames per second"": ""25/30"", ""Audio support/ Built-in mic"": ""- / -"", ""Included video analytics (for Axis video analytics, see page 4)"": ""-"", ""Power"": ""-"", ""In-/output ports"": ""-"", ""WDR/Lightfinder"": ""Forensic WDR / -"", ""Zipstream/H.264/H.265"": ""- / - / -"", ""OptimizedIR/Built-in IR"": ""- / -"", ""Secure Boot/ Signed video/Secure keystore"": ""- / - / -"", ""Sustainability"": ""PVC free"", ""Special features"": ""-"", ""Axis Part Number"": ""0914-001"", ""MSRP"": ""$169.00""}"
Q1_2026_CheatSheet_msrp_R3_lorez.pdf,18,1,Axis,Axis modular cameras,AXIS FA Series,AXIS FA3105-L1,,FA3105-L1,single_model,01026-001,$169.00 ,1920x1080 (2.1 MP),1920,1080,2.07,2.1 MP,"1/3”
3.13 mm, F2.0
103°",3-Jan,3.13,3.13,2,103,103,103,,,25/30,,0.2/ -,Forensic WDR / -,- / √,-,-,- / -,no,no,,-,- / - / -,PVC free,-,,,,no,,16,"{""Max. video resolution"": ""1920x1080 (2.1 MP)"", ""Sensor size/Lens/Horizontal field of view"": ""1/3”\n3.13 mm, F2.0\n103°"", ""Min. illumination (lux) Color/B&W"": ""0.2/ -"", ""Max. frames per second"": ""25/30"", ""Audio support/ Built-in mic"": ""- / -"", ""Included video analytics (for Axis video analytics, see page 4)"": ""-"", ""Power"": ""-"", ""In-/output ports"": ""-"", ""WDR/Lightfinder"": ""Forensic WDR / -"", ""Zipstream/H.264/H.265"": ""- / - / -"", ""OptimizedIR/Built-in IR"": ""- / √"", ""Secure Boot/ Signed video/Secure keystore"": ""- / - / -"", ""Sustainability"": ""PVC free"", ""Special features"": ""-"", ""Axis Part Number"": ""01026-001"", ""MSRP"": ""$169.00""}"
Q1_2026_CheatSheet_msrp_R3_lorez.pdf,18,1,Axis,Axis modular cameras,AXIS FA Series,AXIS FA41151,,FA41151,single_model,01001-001,$199.00 ,1920x1080 (2.1 MP),1920,1080,2.07,2.1 MP,"1/3”
2.8 - 6.0 mm, F2.0
99° - 53°",3-Jan,2.8,6,2,99,99,53,,,25/30,,0.2/-,Forensic WDR / -,- / -,-,-,- / -,no,no,,-,- / - / -,PVC free,-,,,,no,,16,"{""Max. video resolution"": ""1920x1080 (2.1 MP)"", ""Sensor size/Lens/Horizontal field of view"": ""1/3”\n2.8 - 6.0 mm, F2.0\n99° - 53°"", ""Min. illumination (lux) Color/B&W"": ""0.2/-"", ""Max. frames per second"": ""25/30"", ""Audio support/ Built-in mic"": ""- / -"", ""Included video analytics (for Axis video analytics, see page 4)"": ""-"", ""Power"": ""-"", ""In-/output ports"": ""-"", ""WDR/Lightfinder"": ""Forensic WDR / -"", ""Zipstream/H.264/H.265"": ""- / - / -"", ""OptimizedIR/Built-in IR"": ""- / -"", ""Secure Boot/ Signed video/Secure keystore"": ""- / - / -"", ""Sustainability"": ""PVC free"", ""Special features"": ""-"", ""Axis Part Number"": ""01001-001"", ""MSRP"": ""$199.00""}"
Q1_2026_CheatSheet_msrp_R3_lorez.pdf,18,1,Axis,Axis modular cameras,AXIS FA Series,AXIS FA51,,FA51,single_model,02196-001,$339.00 ,1920x1080 (2.1 MP),1920,1080,2.07,2.1 MP,-,,,,,,,,,,25/30,,-,Forensic WDR / -,- / -,PoE Class 3,2,- / -,no,no,,"AXIS Guard Suite
AXIS Video Motion Detection
AXIS Face Detector
Active tampering alarm",√ / - / √,"PVC free, BFR/CFR free","Barebone
Supports 1 sensor unit
Memory card slot
HDMI",,,,no,,16,"{""Max. video resolution"": ""1920x1080 (2.1 MP)"", ""Sensor size/Lens/Horizontal field of view"": ""-"", ""Min. illumination (lux) Color/B&W"": ""-"", ""Max. frames per second"": ""25/30"", ""Audio support/ Built-in mic"": ""- / -"", ""Included video analytics (for Axis video analytics, see page 4)"": ""AXIS Guard Suite\nAXIS Video Motion Detection\nAXIS Face Detector\nActive tampering alarm"", ""Power"": ""PoE Class 3"", ""In-/output ports"": ""2"", ""WDR/Lightfinder"": ""Forensic WDR / -"", ""Zipstream/H.264/H.265"": ""√ / √ / -"", ""OptimizedIR/Built-in IR"": ""- / -"", ""Secure Boot/ Signed video/Secure keystore"": ""√ / - / √"", ""Sustainability"": ""PVC free, BFR/CFR free"", ""Special features"": ""Barebone\nSupports 1 sensor unit\nMemory card slot\nHDMI"", ""Axis Part Number"": ""02196-001"", ""MSRP"": ""$339.00""}"
Q1_2026_CheatSheet_msrp_R3_lorez.pdf,18,1,Axis,Axis modular cameras,AXIS FA Series,AXIS FA51-B,,FA51-B,single_model,02196-041,"$2,999.00 (10 pcs)",1920x1080 (2.1 MP),1920,1080,2.07,2.1 MP,-,,,,,,,,,,25/30,,-,Forensic WDR / -,- / -,PoE Class 3,2,- / -,no,no,,"AXIS Guard Suite
AXIS Video Motion Detection
AXIS Face Detector
Active tampering alarm",√ / - / √,"PVC free, BFR/CFR free","Supports 1 sensor unit
Memory card slot
HDMI",,,,no,,16,"{""Max. video resolution"": ""1920x1080 (2.1 MP)"", ""Sensor size/Lens/Horizontal field of view"": ""-"", ""Min. illumination (lux) Color/B&W"": ""-"", ""Max. frames per second"": ""25/30"", ""Audio support/ Built-in mic"": ""- / -"", ""Included video analytics (for Axis video analytics, see page 4)"": ""AXIS Guard Suite\nAXIS Video Motion Detection\nAXIS Face Detector\nActive tampering alarm"", ""Power"": ""PoE Class 3"", ""In-/output ports"": ""2"", ""WDR/Lightfinder"": ""Forensic WDR / -"", ""Zipstream/H.264/H.265"": ""√ / √ / -"", ""OptimizedIR/Built-in IR"": ""- / -"", ""Secure Boot/ Signed video/Secure keystore"": ""√ / - / √"", ""Sustainability"": ""PVC free, BFR/CFR free"", ""Special features"": ""Supports 1 sensor unit\nMemory card slot\nHDMI"", ""Axis Part Number"": ""02196-041 (10 pcs)"", ""MSRP"": ""$2,999.00 (10 pcs)""}"
Q1_2026_CheatSheet_msrp_R3_lorez.pdf,18,1,Axis,Axis modular cameras,AXIS FA Series,AXIS FA54,,FA54,single_model,,$519.00 ,1920x1080 (2.1 MP),1920,1080,2.07,2.1 MP,-,,,,,,,,,,25/30,,-,Forensic WDR / -,- / -,DC,4,√ / -,yes,no,,"Audio detection
AXIS Video Motion Detection
Active tampering alarm",- / - / -,PVC free,"Supports 4 sensor units
2x memory card slots
HDMI
Quad view",,,,no,,16,"{""Max. video resolution"": ""1920x1080 (2.1 MP)"", ""Sensor size/Lens/Horizontal field of view"": ""-"", ""Min. illumination (lux) Color/B&W"": ""-"", ""Max. frames per second"": ""25/30"", ""Audio support/ Built-in mic"": ""√ / -"", ""Included video analytics (for Axis video analytics, see page 4)"": ""Audio detection\nAXIS Video Motion Detection\nActive tampering alarm"", ""Power"": ""DC"", ""In-/output ports"": ""4"", ""WDR/Lightfinder"": ""Forensic WDR / -"", ""Zipstream/H.264/H.265"": ""√ / √ / -"", ""OptimizedIR/Built-in IR"": ""- / -"", ""Secure Boot/ Signed video/Secure keystore"": ""- / - / -"", ""Sustainability"": ""PVC free"", ""Special features"": ""Supports 4 sensor units\n2x memory card slots\nHDMI\nQuad view"", ""Axis Part Number"": ""0878-004"", ""MSRP"": ""$519.00""}"
Q1_2026_CheatSheet_msrp_R3_lorez.pdf,13,1,Axis,Axis box cameras,AXIS M10 Series,AXIS M1055-L,,M1055-L,single_model,02349-001,$309.00 ,1920x1080 (2.1 MP),1920,1080,2.07,2.1 MP,"1/2.9''
3.16 mm, F2.0
103°",1/2.9,3.16,3.16,2,103,103,103,,,25/30,,0.18/0.00,WDR/ √,- / √,PoE Class 2,2,- / -,no,no,Deep learning processing unit,"AXIS Object Analytics
AXIS Video Motion Detection
Active tampering alarm
AXIS Scene Metadata",√ / √ / √,"PVC free, BFR/CFR free
70% recycled plastics",Edge-to-edge technology,,,,no,,17,"{""Max. video resolution"": ""1920x1080 (2.1 MP)"", ""Sensor size/Lens/Horizontal field of view"": ""1/2.9''\n3.16 mm, F2.0\n103°"", ""Min. illumination (lux) Color/B&W"": ""0.18/0.00"", ""Max. frames per second"": ""25/30"", ""Audio support/ Built-in mic"": ""- / -"", ""Compute capabilities"": ""Deep learning processing unit"", ""Included video analytics (for Axis video analytics, see page 4)"": ""AXIS Object Analytics\nAXIS Video Motion Detection\nActive tampering alarm\nAXIS Scene Metadata"", ""Power"": ""PoE Class 2"", ""In-/output ports"": ""2"", ""WDR/Lightfinder"": ""WDR/ √"", ""Zipstream/ H.264/H.265/AV1"": ""√ / √ / √ / -"", ""OptimizedIR/Built-in IR"": ""- / √"", ""Secure Boot/Signed video/Secure keystore"": ""√ / √ / √"", ""Sustainability"": ""PVC free, BFR/CFR free\n70% recycled plastics"", ""Special features"": ""Edge-to-edge technology"", ""Axis Part Number"": ""02349-001"", ""MSRP"": ""$309.00""}"
Q1_2026_CheatSheet_msrp_R3_lorez.pdf,13,1,Axis,Axis box cameras,AXIS M10 Series,AXIS M1075-L Mk II,,M1075-L Mk II,single_model,03280-001,$359.00 ,1920x1080 (2.1 MP),1920,1080,2.07,2.1 MP,"1/2.9''
3.16 mm, F2.0
103°",1/2.9,3.16,3.16,2,103,103,103,,,25/30,,0.18/0.00,WDR/ √,- / √,PoE Class 3,2,√ / √,yes,yes,Deep learning processing unit,"AXIS Object Analytics
Audio detection
AXIS Video Motion Detection
Active tampering alarm
AXIS Scene Metadata
AXIS Audio Analytics",√ / √ / √,"PVC free
68% recycled plastics","Built-in PIR sensor
HDMI
Edge-to-edge technology
WLAN option",,,,no,,17,"{""Max. video resolution"": ""1920x1080 (2.1 MP)"", ""Sensor size/Lens/Horizontal field of view"": ""1/2.9''\n3.16 mm, F2.0\n103°"", ""Min. illumination (lux) Color/B&W"": ""0.18/0.00"", ""Max. frames per second"": ""25/30"", ""Audio support/ Built-in mic"": ""√ / √"", ""Compute capabilities"": ""Deep learning processing unit"", ""Included video analytics (for Axis video analytics, see page 4)"": ""AXIS Object Analytics\nAudio detection\nAXIS Video Motion Detection\nActive tampering alarm\nAXIS Scene Metadata\nAXIS Audio Analytics"", ""Power"": ""PoE Class 3"", ""In-/output ports"": ""2"", ""WDR/Lightfinder"": ""WDR/ √"", ""Zipstream/ H.264/H.265/AV1"": ""√ / √ / √ / -"", ""OptimizedIR/Built-in IR"": ""- / √"", ""Secure Boot/Signed video/Secure keystore"": ""√ / √ / √"", ""Sustainability"": ""PVC free\n68% recycled plastics"", ""Special features"": ""Built-in PIR sensor\nHDMI\nEdge-to-edge technology\nWLAN option"", ""Axis Part Number"": ""03280-001"", ""MSRP"": ""$359.00""}"
Q1_2026_CheatSheet_msrp_R3_lorez.pdf,13,1,Axis,Axis box cameras,AXIS M11 Series,AXIS M1135 Mk II,,M1135 Mk II,single_model,02483-001,$479.00 ,1920x1080 (2.1 MP),1920,1080,2.07,2.1 MP,"1/2.9"", 3 - 10.5 mm, F1.4, 90°- 33°
1/2.9"", i-CS lens 3.5 - 10 mm, F1.8, 101°- 33°",1/2.9,3,10.5,1.4,1.8,101,33,,,25/30,,"DC-iris: 0.15/0.03
i-CS: 0.17/0.03",Forensic WDR/ √,- / -,"PoE Class 3, DC",1-Jan,√ / √,yes,yes,Machine learning processing unit,"AXIS Object Analytics
AXIS Video Motion Detection
Active tampering alarm
AXIS Live Privacy Shield
AXIS Scene Metadata",√ / √ / √,"PVC free
20% recycled plastics","Edge-to-edge technology
Remote zoom & focus with i-CS lens",,,,no,,17,"{""Max. video resolution"": ""1920x1080 (2.1 MP)"", ""Sensor size/Lens/Horizontal field of view"": ""1/2.9\"", 3 - 10.5 mm, F1.4, 90°- 33°\n1/2.9\"", i-CS lens 3.5 - 10 mm, F1.8, 101°- 33°"", ""Min. illumination (lux) Color/B&W"": ""DC-iris: 0.15/0.03\ni-CS: 0.17/0.03"", ""Max. frames per second"": ""25/30"", ""Audio support/ Built-in mic"": ""√ / √"", ""Compute capabilities"": ""Machine learning processing unit"", ""Included video analytics (for Axis video analytics, see page 4)"": ""AXIS Object Analytics\nAXIS Video Motion Detection\nActive tampering alarm\nAXIS Live Privacy Shield\nAXIS Scene Metadata"", ""Power"": ""PoE Class 3, DC"", ""In-/output ports"": ""1/1"", ""WDR/Lightfinder"": ""Forensic WDR/ √"", ""Zipstream/ H.264/H.265/AV1"": ""√ / √ / √ / -"", ""OptimizedIR/Built-in IR"": ""- / -"", ""Secure Boot/Signed video/Secure keystore"": ""√ / √ / √"", ""Sustainability"": ""PVC free\n20% recycled plastics"", ""Special features"": ""Edge-to-edge technology\nRemote zoom & focus with i-CS lens"", ""Axis Part Number"": ""02483-001"", ""MSRP"": ""$479.00""}"
Q1_2026_CheatSheet_msrp_R3_lorez.pdf,13,1,Axis,Axis box cameras,AXIS M11 Series,AXIS M1135-E Mk II,,M1135-E Mk II,single_model,02485-001,$579.00 ,1920x1080 (2.1 MP),1920,1080,2.07,2.1 MP,"1/2.9"", 3 - 10.5 mm, F1.4, 90°- 33°
1/2.9"", i-CS lens 3.5 - 10 mm, F1.8, 101°- 33°",1/2.9,3,10.5,1.4,1.8,101,33,,,25/30,,"DC-iris: 0.15/0.03
i-CS: 0.17/0.03",Forensic WDR/ √,- / -,"PoE Class 3, DC",1-Jan,√ / -,yes,no,Machine learning processing unit,"AXIS Object Analytics
AXIS Video Motion Detection
Active tampering alarm
AXIS Scene Metadata",√ / √ / √,PVC free,"Edge-to-edge technology
Remote zoom & focus with i-CS lens
IP66/NEMA 4X, IK10",,,,no,,17,"{""Max. video resolution"": ""1920x1080 (2.1 MP)"", ""Sensor size/Lens/Horizontal field of view"": ""1/2.9\"", 3 - 10.5 mm, F1.4, 90°- 33°\n1/2.9\"", i-CS lens 3.5 - 10 mm, F1.8, 101°- 33°"", ""Min. illumination (lux) Color/B&W"": ""DC-iris: 0.15/0.03\ni-CS: 0.17/0.03"", ""Max. frames per second"": ""25/30"", ""Audio support/ Built-in mic"": ""√ / -"", ""Compute capabilities"": ""Machine learning processing unit"", ""Included video analytics (for Axis video analytics, see page 4)"": ""AXIS Object Analytics\nAXIS Video Motion Detection\nActive tampering alarm\nAXIS Scene Metadata"", ""Power"": ""PoE Class 3, DC"", ""In-/output ports"": ""1/1"", ""WDR/Lightfinder"": ""Forensic WDR/ √"", ""Zipstream/ H.264/H.265/AV1"": ""√ / √ / √ / -"", ""OptimizedIR/Built-in IR"": ""- / -"", ""Secure Boot/Signed video/Secure keystore"": ""√ / √ / √"", ""Sustainability"": ""PVC free"", ""Special features"": ""Edge-to-edge technology\nRemote zoom & focus with i-CS lens\nIP66/NEMA 4X, IK10"", ""Axis Part Number"": ""02485-001"", ""MSRP"": ""$579.00""}"
Q1_2026_CheatSheet_msrp_R3_lorez.pdf,13,1,Axis,Axis box cameras,AXIS M11 Series,AXIS M1137 Mk II,,M1137 Mk II,single_model,02484-001,$569.00 ,2592x1944 (5 MP),2592,1944,5.04,5 MP,"1/2.7"", 2.8 - 13 mm, F1.4, 112°– 24°
1/2.7'', i-CS lens 3.5 - 10 mm, F1.8, 99°- 31°",1/2.7,2.8,13,1.4,1.8,112,24,,,25/30,,"DC-iris: 0.17/0.03
i-CS: 0.19/0.04",Forensic WDR/ √,- / -,"PoE Class 3, DC",1-Jan,√ / √,yes,yes,Machine learning processing unit,"AXIS Object Analytics
AXIS Video Motion Detection
Active tampering alarm
AXIS Live Privacy Shield
AXIS Scene Metadata",√ / √ / √,"PVC free
20% recycled plastics","Edge-to-edge technology
Remote zoom & focus with i-CS lens",,,,no,,17,"{""Max. video resolution"": ""2592x1944 (5 MP)"", ""Sensor size/Lens/Horizontal field of view"": ""1/2.7\"", 2.8 - 13 mm, F1.4, 112°– 24°\n1/2.7'', i-CS lens 3.5 - 10 mm, F1.8, 99°- 31°"", ""Min. illumination (lux) Color/B&W"": ""DC-iris: 0.17/0.03\ni-CS: 0.19/0.04"", ""Max. frames per second"": ""25/30"", ""Audio support/ Built-in mic"": ""√ / √"", ""Compute capabilities"": ""Machine learning processing unit"", ""Included video analytics (for Axis video analytics, see page 4)"": ""AXIS Object Analytics\nAXIS Video Motion Detection\nActive tampering alarm\nAXIS Live Privacy Shield\nAXIS Scene Metadata"", ""Power"": ""PoE Class 3, DC"", ""In-/output ports"": ""1/1"", ""WDR/Lightfinder"": ""Forensic WDR/ √"", ""Zipstream/ H.264/H.265/AV1"": ""√ / √ / √ / -"", ""OptimizedIR/Built-in IR"": ""- / -"", ""Secure Boot/Signed video/Secure keystore"": ""√ / √ / √"", ""Sustainability"": ""PVC free\n20% recycled plastics"", ""Special features"": ""Edge-to-edge technology\nRemote zoom & focus with i-CS lens"", ""Axis Part Number"": ""02484-001"", ""MSRP"": ""$569.00""}"
Q1_2026_CheatSheet_msrp_R3_lorez.pdf,13,1,Axis,Axis box cameras,AXIS M11 Series,AXIS M1137-E Mk II,,M1137-E Mk II,single_model,02486-001,$679.00 ,2592x1944 (5 MP),2592,1944,5.04,5 MP,"1/2.7"", 2.8 - 13 mm, F1.4, 112°– 24°
1/2.7'', i-CS lens 3.5 - 10 mm, F1.8, 99°- 31°",1/2.7,2.8,13,1.4,1.8,112,24,,,25/30,,"DC-iris: 0.17/0.03
i-CS: 0.19/0.04",Forensic WDR/ √,- / -,"PoE Class 3, DC",1-Jan,√ / -,yes,no,Machine learning processing unit,"AXIS Object Analytics
AXIS Video Motion Detection
Active tampering alarm
AXIS Scene Metadata",√ / √ / √,PVC free,"Edge-to-edge technology
Remote zoom & focus with i-CS lens
IP66/NEMA 4X, IK10",,,,no,,17,"{""Max. video resolution"": ""2592x1944 (5 MP)"", ""Sensor size/Lens/Horizontal field of view"": ""1/2.7\"", 2.8 - 13 mm, F1.4, 112°– 24°\n1/2.7'', i-CS lens 3.5 - 10 mm, F1.8, 99°- 31°"", ""Min. illumination (lux) Color/B&W"": ""DC-iris: 0.17/0.03\ni-CS: 0.19/0.04"", ""Max. frames per second"": ""25/30"", ""Audio support/ Built-in mic"": ""√ / -"", ""Compute capabilities"": ""Machine learning processing unit"", ""Included video analytics (for Axis video analytics, see page 4)"": ""AXIS Object Analytics\nAXIS Video Motion Detection\nActive tampering alarm\nAXIS Scene Metadata"", ""Power"": ""PoE Class 3, DC"", ""In-/output ports"": ""1/1"", ""WDR/Lightfinder"": ""Forensic WDR/ √"", ""Zipstream/ H.264/H.265/AV1"": ""√ / √ / √ / -"", ""OptimizedIR/Built-in IR"": ""- / -"", ""Secure Boot/Signed video/Secure keystore"": ""√ / √ / √"", ""Sustainability"": ""PVC free"", ""Special features"": ""Edge-to-edge technology\nRemote zoom & focus with i-CS lens\nIP66/NEMA 4X, IK10"", ""Axis Part Number"": ""02486-001"", ""MSRP"": ""$679.00""}"
Q1_2026_CheatSheet_msrp_R3_lorez.pdf,15,1,Axis,Axis bullet cameras,AXIS M20 Series,AXIS M2035-LE,,M2035-LE,single_model,02124-001,$399.00 ,1920x1080 (2.1 MP),1920,1080,2.07,2.1 MP,"1/2.9”, 3.2 mm, F1.4, 101°
1/2.9”, 7.5 mm, F1.6, 39°",1/2.9,3.2,7.5,1.4,1.6,101,1,,,25/30,-,"3.2 mm: 0.16/0.00
7.5 mm: 0.17/0.00",WDR /√,- / √,PoE Class 3,-,√ / -,yes,no,Deep learning processing unit,"AXIS Object Analytics
AXIS Video Motion Detection
Active tampering alarm
AXIS Scene Metadata
AXIS Live Privacy Shield",√ / √ / √,"PVC free, BFR/CFR free","Edge-to-edge technology
IP66/IP67/NEMA 4X, IK08",,,,no,,18,"{""Max. video resolution"": ""1920x1080 (2.1 MP)"", ""Sensor size/Lens/Horizontal field of view"": ""1/2.9”, 3.2 mm, F1.4, 101°\n1/2.9”, 7.5 mm, F1.6, 39°"", ""Min. illumination (lux) Color/B&W"": ""3.2 mm: 0.16/0.00\n7.5 mm: 0.17/0.00"", ""Max. frames per second"": ""25/30"", ""Optical zoom"": ""-"", ""Audio support/ Built-in mic"": ""√ / -"", ""Compute capabilities"": ""Deep learning processing unit"", ""Included video analytics (for Axis video analytics, see page 4)"": ""AXIS Object Analytics\nAXIS Video Motion Detection\nActive tampering alarm\nAXIS Scene Metadata\nAXIS Live Privacy Shield"", ""Power"": ""PoE Class 3"", ""In-/output ports"": ""-"", ""WDR/Lightfinder"": ""WDR /√"", ""Zipstream/ H.264/H.265/AV1"": ""√ / √ / √ / -"", ""OptimizedIR/Built-in IR"": ""- / √"", ""Secure Boot/Signed video/Secure keystore"": ""√ / √ / √"", ""Sustainability"": ""PVC free, BFR/CFR free"", ""Special features"": ""Edge-to-edge technology\nIP66/IP67/NEMA 4X, IK08"", ""Axis Part Number"": ""02124-001"", ""MSRP"": ""$399.00""}"
Q1_2026_CheatSheet_msrp_R3_lorez.pdf,15,1,Axis,Axis bullet cameras,AXIS M20 Series,AXIS M2036-LE,,M2036-LE,single_model,02125-001,$449.00 ,2668x1512 (4 MP),2668,1512,4.03,4 MP,"1/2.7”
2.4 mm, F2.1
129°",1/2.7,2.4,2.4,2.1,129,129,129,,,25/30,-,0.18/0.00,WDR /√,- / √,PoE Class 3,-,√ / -,yes,no,Deep learning processing unit,"AXIS Object Analytics
AXIS Video Motion Detection
Active tampering alarm
AXIS Scene Metadata
AXIS Live Privacy Shield",√ / √ / √,"PVC free, BFR/CFR free","Edge-to-edge technology
IP66/IP67/NEMA 4X, IK08",,,,no,,18,"{""Max. video resolution"": ""2668x1512 (4 MP)"", ""Sensor size/Lens/Horizontal field of view"": ""1/2.7”\n2.4 mm, F2.1\n129°"", ""Min. illumination (lux) Color/B&W"": ""0.18/0.00"", ""Max. frames per second"": ""25/30"", ""Optical zoom"": ""-"", ""Audio support/ Built-in mic"": ""√ / -"", ""Compute capabilities"": ""Deep learning processing unit"", ""Included video analytics (for Axis video analytics, see page 4)"": ""AXIS Object Analytics\nAXIS Video Motion Detection\nActive tampering alarm\nAXIS Scene Metadata\nAXIS Live Privacy Shield"", ""Power"": ""PoE Class 3"", ""In-/output ports"": ""-"", ""WDR/Lightfinder"": ""WDR /√"", ""Zipstream/ H.264/H.265/AV1"": ""√ / √ / √ / -"", ""OptimizedIR/Built-in IR"": ""- / √"", ""Secure Boot/Signed video/Secure keystore"": ""√ / √ / √"", ""Sustainability"": ""PVC free, BFR/CFR free"", ""Special features"": ""Edge-to-edge technology\nIP66/IP67/NEMA 4X, IK08"", ""Axis Part Number"": ""02125-001"", ""MSRP"": ""$449.00""}"
Q1_2026_CheatSheet_msrp_R3_lorez.pdf,27,1,Axis,Axis panoramic cameras,AXIS M30 Series,AXIS M3057-PLR Mk II,,M3057-PLR Mk II,single_model,02457-001,"$1,059.00 ",2048x2048 (6 MP),2048,2048,4.19,6 MP,"1/1.8”
1.56 mm, F2.0
185°",1/1.8,1.56,1.56,2,185,185,185,,,50/60,,0.16/0.00,Forensic WDR / √,√ / √,PoE Class 3,1-Jan,- / -,no,no,-,"AXIS Guard Suite
AXIS Video Motion Detection
Active tampering alarm",√ / - / √,PVC free,"Dewarped views
IP66/NEMA 4X, IK10",,,,no,,18,"{""Max. video resolution"": ""2048x2048 (6 MP)"", ""Sensor size/Lens/Horizontal field of view"": ""1/1.8”\n1.56 mm, F2.0\n185°"", ""Day and night"": ""√"", ""Min. illumination (lux) Color/B&W"": ""0.16/0.00"", ""Max. frames per second"": ""50/60"", ""Audio support/ Built-in mic"": ""- / -"", ""Compute capabilities"": ""-"", ""Included video analytics (for Axis video analytics, see page 4)"": ""AXIS Guard Suite\nAXIS Video Motion Detection\nActive tampering alarm"", ""Power"": ""PoE Class 3"", ""In-/output ports"": ""1/1"", ""WDR/Lightfinder"": ""Forensic WDR / √"", ""Zipstream/ H.264/H.265/AV1"": ""√ / √ / √ / -"", ""OptimizedIR/Built-in IR"": ""√ / √"", ""Secure Boot/Signed video/Secure keystore"": ""√ / - / √"", ""Sustainability"": ""PVC free"", ""Special features"": ""Dewarped views\nIP66/NEMA 4X, IK10"", ""Axis Part Number"": ""02457-001"", ""MSRP"": ""$1,059.00""}"
Q1_2026_CheatSheet_msrp_R3_lorez.pdf,27,1,Axis,Axis panoramic cameras,AXIS M30 Series,AXIS M3077-PLVE,,M3077-PLVE,single_model,02018-001,$789.00 ,2016x2016 (6 MP),2016,2016,4.06,6 MP,"1/1.8""
1.6 mm, F2.0,
183°",1/1.8,1.6,1.6,2,2,183,183,,,25/30,,0.16/0.00,Forensic WDR / √,√ / √,PoE Class 3,1-Jan,√ / √,yes,yes,-,"AXIS Guard Suite
AXIS Video Motion Detection
Active tampering alarm",√ / - / √,PVC free,"Dewarped views
IP66/NEMA 4X, IK10",,,,no,,18,"{""Max. video resolution"": ""2016x2016 (6 MP)"", ""Sensor size/Lens/Horizontal field of view"": ""1/1.8\""\n1.6 mm, F2.0,\n183°"", ""Day and night"": ""√"", ""Min. illumination (lux) Color/B&W"": ""0.16/0.00"", ""Max. frames per second"": ""25/30"", ""Audio support/ Built-in mic"": ""√ / √"", ""Compute capabilities"": ""-"", ""Included video analytics (for Axis video analytics, see page 4)"": ""AXIS Guard Suite\nAXIS Video Motion Detection\nActive tampering alarm"", ""Power"": ""PoE Class 3"", ""In-/output ports"": ""1/1"", ""WDR/Lightfinder"": ""Forensic WDR / √"", ""Zipstream/ H.264/H.265/AV1"": ""√ / √ / √ / -"", ""OptimizedIR/Built-in IR"": ""√ / √"", ""Secure Boot/Signed video/Secure keystore"": ""√ / - / √"", ""Sustainability"": ""PVC free"", ""Special features"": ""Dewarped views\nIP66/NEMA 4X, IK10"", ""Axis Part Number"": ""02018-001"", ""MSRP"": ""$789.00""}"
Q1_2026_CheatSheet_msrp_R3_lorez.pdf,23,1,Axis,Axis dome cameras,AXIS M30 Series,AXIS M3085-V,,M3085-V,single_model,02373-001,$319.00 ,1920x1080 (2.1 MP),1920,1080,2.07,2.1 MP,"1/2.9""
3.1 mm, F2.0, 102°",1/2.9,3.1,3.1,2,2,102,102,,,25/30,,0.18/0.03,WDR /√,,PoE Class 2,-,√ / -,yes,no,Deep learning processing unit,"AXIS Object Analytics
AXIS Video Motion Detection
AXIS Scene Metadata
Active tampering alarm
AXIS Live Privacy Shield",√ / √ / √,"PVC free, BFR/CFR free
57% recycled plastic","Edge-to-edge technology
IK08",,,,no,,17,"{""Max. video resolution"": ""1920x1080 (2.1 MP)"", ""Sensor size/Lens/Horizontal field of view"": ""1/2.9\""\n3.1 mm, F2.0, 102°"", ""Min. illumination (lux) Color/B&W"": ""0.18/0.03"", ""Max. frames per second"": ""25/30"", ""Audio support/ Built-in mic"": ""√ / -"", ""Compute capabilities"": ""Deep learning processing unit"", ""Included video analytics (for Axis video analytics, see page 4)"": ""AXIS Object Analytics\nAXIS Video Motion Detection\nAXIS Scene Metadata\nActive tampering alarm\nAXIS Live Privacy Shield"", ""Power"": ""PoE Class 2"", ""In-/output ports"": ""-"", ""WDR/Lightfinder"": ""WDR /√"", ""Zipstream/ H.264/H.265/AV1"": ""√ / √ / √ / -"", ""OptimizedIR/ Built-in IR"": ""- / -"", ""Secure Boot/ Signed video/Secure keystore"": ""√ / √ / √"", ""Sustainability"": ""PVC free, BFR/CFR free\n57% recycled plastic"", ""Special features"": ""Edge-to-edge technology\nIK08"", ""Axis Part Number"": ""02373-001"", ""MSRP"": ""$319.00""}"
Q1_2026_CheatSheet_msrp_R3_lorez.pdf,23,1,Axis,Axis dome cameras,AXIS M30 Series,AXIS M3086-V,,M3086-V,single_model,02374-001,$389.00 ,2688x1512 (4.1 MP),2688,1512,4.06,4.1 MP,"1/2.7""
2.4 mm, F2.1, 130°",1/2.7,2.4,2.4,2.1,2.1,130,130,,,25/30,,0.19/0.03,WDR /√,,PoE Class 2,-,√ / √*,yes,yes,Deep learning processing unit,"AXIS Object Analytics
AXIS Video Motion Detection
AXIS Scene Metadata
Active tampering alarm
AXIS Live Privacy Shield
AXIS Audio Analytics**",√ / √ / √,"PVC free, BFR/CFR free
57% recycled plastic","Edge-to-edge technology
IK08",,,,no,,17,"{""Max. video resolution"": ""2688x1512 (4.1 MP)"", ""Sensor size/Lens/Horizontal field of view"": ""1/2.7\""\n2.4 mm, F2.1, 130°"", ""Min. illumination (lux) Color/B&W"": ""0.19/0.03"", ""Max. frames per second"": ""25/30"", ""Audio support/ Built-in mic"": ""√ / √*"", ""Compute capabilities"": ""Deep learning processing unit"", ""Included video analytics (for Axis video analytics, see page 4)"": ""AXIS Object Analytics\nAXIS Video Motion Detection\nAXIS Scene Metadata\nActive tampering alarm\nAXIS Live Privacy Shield\nAXIS Audio Analytics**"", ""Power"": ""PoE Class 2"", ""In-/output ports"": ""-"", ""WDR/Lightfinder"": ""WDR /√"", ""Zipstream/ H.264/H.265/AV1"": ""√ / √ / √ / -"", ""OptimizedIR/ Built-in IR"": ""- / -"", ""Secure Boot/ Signed video/Secure keystore"": ""√ / √ / √"", ""Sustainability"": ""PVC free, BFR/CFR free\n57% recycled plastic"", ""Special features"": ""Edge-to-edge technology\nIK08"", ""Axis Part Number"": ""02374-001"", ""MSRP"": ""$389.00""}"
Q1_2026_CheatSheet_msrp_R3_lorez.pdf,23,1,Axis,Axis dome cameras,AXIS M30 Series,AXIS M3088-V,,M3088-V,single_model,02375-001,$479.00 ,3840x2160 (8.3 MP),3840,2160,8.29,8.3 MP,"1/2.8”
2.9 mm, F2.0, 109°",1/2.8,2.9,2.9,2,2,109,109,,,15-Dec,,0.25 / 0.05,WDR / -,,PoE Class 2,-,√ / -,yes,no,Deep learning processing unit,"AXIS Object Analytics
AXIS Video Motion Detection
AXIS Scene Metadata
Active tampering alarm
AXIS Live Privacy Shield",√ / √ / √,"PVC free, BFR/CFR free
57% recycled plastic","Edge-to-edge technology
IK08",,,,no,,17,"{""Max. video resolution"": ""3840x2160 (8.3 MP)"", ""Sensor size/Lens/Horizontal field of view"": ""1/2.8”\n2.9 mm, F2.0, 109°"", ""Min. illumination (lux) Color/B&W"": ""0.25 / 0.05"", ""Max. frames per second"": ""12/15"", ""Audio support/ Built-in mic"": ""√ / -"", ""Compute capabilities"": ""Deep learning processing unit"", ""Included video analytics (for Axis video analytics, see page 4)"": ""AXIS Object Analytics\nAXIS Video Motion Detection\nAXIS Scene Metadata\nActive tampering alarm\nAXIS Live Privacy Shield"", ""Power"": ""PoE Class 2"", ""In-/output ports"": ""-"", ""WDR/Lightfinder"": ""WDR / -"", ""Zipstream/ H.264/H.265/AV1"": ""√ / √ / √ / -"", ""OptimizedIR/ Built-in IR"": ""- / -"", ""Secure Boot/ Signed video/Secure keystore"": ""√ / √ / √"", ""Sustainability"": ""PVC free, BFR/CFR free\n57% recycled plastic"", ""Special features"": ""Edge-to-edge technology\nIK08"", ""Axis Part Number"": ""02375-001"", ""MSRP"": ""$479.00""}"
Q1_2026_CheatSheet_msrp_R3_lorez.pdf,23,1,Axis,Axis dome cameras,AXIS M31 Series,AXIS M3125-LVE (black and white),Black,M3125-LVE (black and white) Black,part_number_variants,02917-001,$419.00 ,1920x1080 (2.1 MP),1920,1080,2.07,2.1 MP,"1/2.8”
2.9 mm, F2.0, 110°",1/2.8,2.9,2.9,2,2,110,110,,,50/60,,0.15/0.00,WDR /√,,PoE Class 3,-,- / -,no,no,Deep learning processing unit,"AXIS Object Analytics
AXIS Video Motion Detection
Active tampering alarm
AXIS Live Privacy Shield
AXIS Scene Metadata",√ / √ / √,PVC free,IP66/67/NEMA 250 Type 4X,,,,no,,17,"{""Max. video resolution"": ""1920x1080 (2.1 MP)"", ""Sensor size/Lens/Horizontal field of view"": ""1/2.8”\n2.9 mm, F2.0, 110°"", ""Min. illumination (lux) Color/B&W"": ""0.15/0.00"", ""Max. frames per second"": ""50/60"", ""Audio support/ Built-in mic"": ""- / -"", ""Compute capabilities"": ""Deep learning processing unit"", ""Included video analytics (for Axis video analytics, see page 4)"": ""AXIS Object Analytics\nAXIS Video Motion Detection\nActive tampering alarm\nAXIS Live Privacy Shield\nAXIS Scene Metadata"", ""Power"": ""PoE Class 3"", ""In-/output ports"": ""-"", ""WDR/Lightfinder"": ""WDR /√"", ""Zipstream/ H.264/H.265/AV1"": ""√ / √ / √ / -"", ""OptimizedIR/ Built-in IR"": ""√ / √"", ""Secure Boot/ Signed video/Secure keystore"": ""√ / √ / √"", ""Sustainability"": ""PVC free"", ""Special features"": ""IP66/67/NEMA 250 Type 4X"", ""Axis Part Number"": ""White: 02916-001\nBlack: 02917-001"", ""MSRP"": ""White: $419.00\nBlack: $419.00""}"
Q1_2026_CheatSheet_msrp_R3_lorez.pdf,23,1,Axis,Axis dome cameras,AXIS M31 Series,AXIS M3125-LVE (black and white),White,M3125-LVE (black and white) White,part_number_variants,02916-001,$419.00 ,1920x1080 (2.1 MP),1920,1080,2.07,2.1 MP,"1/2.8”
2.9 mm, F2.0, 110°",1/2.8,2.9,2.9,2,2,110,110,,,50/60,,0.15/0.00,WDR /√,,PoE Class 3,-,- / -,no,no,Deep learning processing unit,"AXIS Object Analytics
AXIS Video Motion Detection
Active tampering alarm
AXIS Live Privacy Shield
AXIS Scene Metadata",√ / √ / √,PVC free,IP66/67/NEMA 250 Type 4X,,,,no,,17,"{""Max. video resolution"": ""1920x1080 (2.1 MP)"", ""Sensor size/Lens/Horizontal field of view"": ""1/2.8”\n2.9 mm, F2.0, 110°"", ""Min. illumination (lux) Color/B&W"": ""0.15/0.00"", ""Max. frames per second"": ""50/60"", ""Audio support/ Built-in mic"": ""- / -"", ""Compute capabilities"": ""Deep learning processing unit"", ""Included video analytics (for Axis video analytics, see page 4)"": ""AXIS Object Analytics\nAXIS Video Motion Detection\nActive tampering alarm\nAXIS Live Privacy Shield\nAXIS Scene Metadata"", ""Power"": ""PoE Class 3"", ""In-/output ports"": ""-"", ""WDR/Lightfinder"": ""WDR /√"", ""Zipstream/ H.264/H.265/AV1"": ""√ / √ / √ / -"", ""OptimizedIR/ Built-in IR"": ""√ / √"", ""Secure Boot/ Signed video/Secure keystore"": ""√ / √ / √"", ""Sustainability"": ""PVC free"", ""Special features"": ""IP66/67/NEMA 250 Type 4X"", ""Axis Part Number"": ""White: 02916-001\nBlack: 02917-001"", ""MSRP"": ""White: $419.00\nBlack: $419.00""}"
Q1_2026_CheatSheet_msrp_R3_lorez.pdf,23,1,Axis,Axis dome cameras,AXIS M31 Series,AXIS M3126-LVE (black and white),Black,M3126-LVE (black and white) Black,part_number_variants,02919-001,$529.00 ,2688x1512 (4.1 MP),2688,1512,4.06,4.1 MP,"1/2.7”
2.4 mm, F2.1, 130°",1/2.7,2.4,2.4,2.1,2.1,130,130,,,25/30,,0.19/0.00,WDR /√,,PoE Class 3,-,- / -,no,no,Deep learning processing unit,"AXIS Object Analytics
AXIS Video Motion Detection
Active tampering alarm
AXIS Live Privacy Shield
AXIS Scene Metadata",√ / √ / √,PVC free,IP66/67/NEMA 250 Type 4X,,,,no,,17,"{""Max. video resolution"": ""2688x1512 (4.1 MP)"", ""Sensor size/Lens/Horizontal field of view"": ""1/2.7”\n2.4 mm, F2.1, 130°"", ""Min. illumination (lux) Color/B&W"": ""0.19/0.00"", ""Max. frames per second"": ""25/30"", ""Audio support/ Built-in mic"": ""- / -"", ""Compute capabilities"": ""Deep learning processing unit"", ""Included video analytics (for Axis video analytics, see page 4)"": ""AXIS Object Analytics\nAXIS Video Motion Detection\nActive tampering alarm\nAXIS Live Privacy Shield\nAXIS Scene Metadata"", ""Power"": ""PoE Class 3"", ""In-/output ports"": ""-"", ""WDR/Lightfinder"": ""WDR /√"", ""Zipstream/ H.264/H.265/AV1"": ""√ / √ / √ / -"", ""OptimizedIR/ Built-in IR"": ""√ / √"", ""Secure Boot/ Signed video/Secure keystore"": ""√ / √ / √"", ""Sustainability"": ""PVC free"", ""Special features"": ""IP66/67/NEMA 250 Type 4X"", ""Axis Part Number"": ""White: 02918-001\nBlack: 02919-001"", ""MSRP"": ""White: $529.00\nBlack: $529.00""}"
Q1_2026_CheatSheet_msrp_R3_lorez.pdf,23,1,Axis,Axis dome cameras,AXIS M31 Series,AXIS M3126-LVE (black and white),White,M3126-LVE (black and white) White,part_number_variants,02918-001,$529.00 ,2688x1512 (4.1 MP),2688,1512,4.06,4.1 MP,"1/2.7”
2.4 mm, F2.1, 130°",1/2.7,2.4,2.4,2.1,2.1,130,130,,,25/30,,0.19/0.00,WDR /√,,PoE Class 3,-,- / -,no,no,Deep learning processing unit,"AXIS Object Analytics
AXIS Video Motion Detection
Active tampering alarm
AXIS Live Privacy Shield
AXIS Scene Metadata",√ / √ / √,PVC free,IP66/67/NEMA 250 Type 4X,,,,no,,17,"{""Max. video resolution"": ""2688x1512 (4.1 MP)"", ""Sensor size/Lens/Horizontal field of view"": ""1/2.7”\n2.4 mm, F2.1, 130°"", ""Min. illumination (lux) Color/B&W"": ""0.19/0.00"", ""Max. frames per second"": ""25/30"", ""Audio support/ Built-in mic"": ""- / -"", ""Compute capabilities"": ""Deep learning processing unit"", ""Included video analytics (for Axis video analytics, see page 4)"": ""AXIS Object Analytics\nAXIS Video Motion Detection\nActive tampering alarm\nAXIS Live Privacy Shield\nAXIS Scene Metadata"", ""Power"": ""PoE Class 3"", ""In-/output ports"": ""-"", ""WDR/Lightfinder"": ""WDR /√"", ""Zipstream/ H.264/H.265/AV1"": ""√ / √ / √ / -"", ""OptimizedIR/ Built-in IR"": ""√ / √"", ""Secure Boot/ Signed video/Secure keystore"": ""√ / √ / √"", ""Sustainability"": ""PVC free"", ""Special features"": ""IP66/67/NEMA 250 Type 4X"", ""Axis Part Number"": ""White: 02918-001\nBlack: 02919-001"", ""MSRP"": ""White: $529.00\nBlack: $529.00""}"
Q1_2026_CheatSheet_msrp_R3_lorez.pdf,23,1,Axis,Axis dome cameras,AXIS M31 Series,AXIS M3128-LVE (black and white),Black,M3128-LVE (black and white) Black,part_number_variants,02921-001,$629.00 ,3840x2160 (8.3 MP),3840,2160,8.29,8.3 MP,"1/2.8
2.9 mm, F2.0, 110°",1/2.8,2.9,2.9,2,2,110,110,,,15-Dec,,0.22/0.00,WDR / -,,PoE Class 3,-,- / -,no,no,Deep learning processing unit,"AXIS Object Analytics
AXIS Video Motion Detection
Active tampering alarm
AXIS Live Privacy Shield
AXIS Scene Metadata",√ / √ / √,PVC free,IP66/67/NEMA 250 Type 4X,,,,no,,17,"{""Max. video resolution"": ""3840x2160 (8.3 MP)"", ""Sensor size/Lens/Horizontal field of view"": ""1/2.8\n2.9 mm, F2.0, 110°"", ""Min. illumination (lux) Color/B&W"": ""0.22/0.00"", ""Max. frames per second"": ""12/15"", ""Audio support/ Built-in mic"": ""- / -"", ""Compute capabilities"": ""Deep learning processing unit"", ""Included video analytics (for Axis video analytics, see page 4)"": ""AXIS Object Analytics\nAXIS Video Motion Detection\nActive tampering alarm\nAXIS Live Privacy Shield\nAXIS Scene Metadata"", ""Power"": ""PoE Class 3"", ""In-/output ports"": ""-"", ""WDR/Lightfinder"": ""WDR / -"", ""Zipstream/ H.264/H.265/AV1"": ""√ / √ / √ / -"", ""OptimizedIR/ Built-in IR"": ""√ / √"", ""Secure Boot/ Signed video/Secure keystore"": ""√ / √ / √"", ""Sustainability"": ""PVC free"", ""Special features"": ""IP66/67/NEMA 250 Type 4X"", ""Axis Part Number"": ""White: 02920-001\nBlack: 02921-001"", ""MSRP"": ""White: $629.00\nBlack: $629.00""}"
Q1_2026_CheatSheet_msrp_R3_lorez.pdf,23,1,Axis,Axis dome cameras,AXIS M31 Series,AXIS M3128-LVE (black and white),White,M3128-LVE (black and white) White,part_number_variants,02920-001,$629.00 ,3840x2160 (8.3 MP),3840,2160,8.29,8.3 MP,"1/2.8
2.9 mm, F2.0, 110°",1/2.8,2.9,2.9,2,2,110,110,,,15-Dec,,0.22/0.00,WDR / -,,PoE Class 3,-,- / -,no,no,Deep learning processing unit,"AXIS Object Analytics
AXIS Video Motion Detection
Active tampering alarm
AXIS Live Privacy Shield
AXIS Scene Metadata",√ / √ / √,PVC free,IP66/67/NEMA 250 Type 4X,,,,no,,17,"{""Max. video resolution"": ""3840x2160 (8.3 MP)"", ""Sensor size/Lens/Horizontal field of view"": ""1/2.8\n2.9 mm, F2.0, 110°"", ""Min. illumination (lux) Color/B&W"": ""0.22/0.00"", ""Max. frames per second"": ""12/15"", ""Audio support/ Built-in mic"": ""- / -"", ""Compute capabilities"": ""Deep learning processing unit"", ""Included video analytics (for Axis video analytics, see page 4)"": ""AXIS Object Analytics\nAXIS Video Motion Detection\nActive tampering alarm\nAXIS Live Privacy Shield\nAXIS Scene Metadata"", ""Power"": ""PoE Class 3"", ""In-/output ports"": ""-"", ""WDR/Lightfinder"": ""WDR / -"", ""Zipstream/ H.264/H.265/AV1"": ""√ / √ / √ / -"", ""OptimizedIR/ Built-in IR"": ""√ / √"", ""Secure Boot/ Signed video/Secure keystore"": ""√ / √ / √"", ""Sustainability"": ""PVC free"", ""Special features"": ""IP66/67/NEMA 250 Type 4X"", ""Axis Part Number"": ""White: 02920-001\nBlack: 02921-001"", ""MSRP"": ""White: $629.00\nBlack: $629.00""}"
Q1_2026_CheatSheet_msrp_R3_lorez.pdf,23,1,Axis,Axis dome cameras,AXIS M32 Series,AXIS M3215-LVE,,M3215-LVE,single_model,02371-001,$619.00 ,1920x1080 (2.1 MP),1920,1080,2.07,2.1 MP,"1/2.9”
3.1 mm, F2.0, 101°",1/2.9,3.1,3.1,2,2,101,101,,,25/30,,0.14/0.00,Forensic WDR /√,,PoE Class 3,1-Jan,√ / -,yes,no,Deep learning processing unit,"AXIS Object Analytics
AXIS Video Motion Detection
AXIS Image Health Analytics
AXIS Live Privacy Shield
Audio detection
AXIS Scene Metadata",√ / √ / √,"PVC free, BFR/CFR free","Case open sensor
Conduit-ready
Edge-to-edge technology
IP66/NEMA 250 Type 4X/
NEMA TS 2 (2.2.7-2.2.9), IK10",,,,no,,17,"{""Max. video resolution"": ""1920x1080 (2.1 MP)"", ""Sensor size/Lens/Horizontal field of view"": ""1/2.9”\n3.1 mm, F2.0, 101°"", ""Min. illumination (lux) Color/B&W"": ""0.14/0.00"", ""Max. frames per second"": ""25/30"", ""Audio support/ Built-in mic"": ""√ / -"", ""Compute capabilities"": ""Deep learning processing unit"", ""Included video analytics (for Axis video analytics, see page 4)"": ""AXIS Object Analytics\nAXIS Video Motion Detection\nAXIS Image Health Analytics\nAXIS Live Privacy Shield\nAudio detection\nAXIS Scene Metadata"", ""Power"": ""PoE Class 3"", ""In-/output ports"": ""1/1"", ""WDR/Lightfinder"": ""Forensic WDR /√"", ""Zipstream/ H.264/H.265/AV1"": ""√ / √ / √ / -"", ""OptimizedIR/ Built-in IR"": ""√ / √"", ""Secure Boot/ Signed video/Secure keystore"": ""√ / √ / √"", ""Sustainability"": ""PVC free, BFR/CFR free"", ""Special features"": ""Case open sensor\nConduit-ready\nEdge-to-edge technology\nIP66/NEMA 250 Type 4X/\nNEMA TS 2 (2.2.7-2.2.9), IK10"", ""Axis Part Number"": ""02371-001"", ""MSRP"": ""$619.00""}"
Q1_2026_CheatSheet_msrp_R3_lorez.pdf,23,1,Axis,Axis dome cameras,AXIS M32 Series,AXIS M3216-LVE,,M3216-LVE,single_model,02372-001,$729.00 ,2688x1512 (4.1 MP),2688,1512,4.06,4.1 MP,"1/2.7”
2.9 mm, F2.0, 102°",1/2.7,2.9,2.9,2,2,102,102,,,25/30,,0.16/0.00,Forensic WDR /√,,PoE Class 3,1-Jan,√ / -,yes,no,Deep learning processing unit,"AXIS Object Analytics
AXIS Video Motion Detection
AXIS Image Health Analytics
AXIS Live Privacy Shield
Audio detection
AXIS Scene Metadata",√ / √ / √,"PVC free, BFR/CFR free","Case open sensor
Conduit-ready
Edge-to-edge technology
IP66/NEMA 250 Type 4X/
NEMA TS 2 (2.2.7-2.2.9), IK10",,,,no,,17,"{""Max. video resolution"": ""2688x1512 (4.1 MP)"", ""Sensor size/Lens/Horizontal field of view"": ""1/2.7”\n2.9 mm, F2.0, 102°"", ""Min. illumination (lux) Color/B&W"": ""0.16/0.00"", ""Max. frames per second"": ""25/30"", ""Audio support/ Built-in mic"": ""√ / -"", ""Compute capabilities"": ""Deep learning processing unit"", ""Included video analytics (for Axis video analytics, see page 4)"": ""AXIS Object Analytics\nAXIS Video Motion Detection\nAXIS Image Health Analytics\nAXIS Live Privacy Shield\nAudio detection\nAXIS Scene Metadata"", ""Power"": ""PoE Class 3"", ""In-/output ports"": ""1/1"", ""WDR/Lightfinder"": ""Forensic WDR /√"", ""Zipstream/ H.264/H.265/AV1"": ""√ / √ / √ / -"", ""OptimizedIR/ Built-in IR"": ""√ / √"", ""Secure Boot/ Signed video/Secure keystore"": ""√ / √ / √"", ""Sustainability"": ""PVC free, BFR/CFR free"", ""Special features"": ""Case open sensor\nConduit-ready\nEdge-to-edge technology\nIP66/NEMA 250 Type 4X/\nNEMA TS 2 (2.2.7-2.2.9), IK10"", ""Axis Part Number"": ""02372-001"", ""MSRP"": ""$729.00""}"
Q1_2026_CheatSheet_msrp_R3_lorez.pdf,23,1,Axis,Axis dome cameras,AXIS M39,AXIS M3905-R,,M3905-R,single_model,02501-001,$349.00 ,1920x1080 (2.1 MP),1920,1080,2.07,2.1 MP,"1/2.9”, 3.6 mm, F2.0, 88°
1/2.9”, 2.8 mm, F1.5, 107°",1/2.9,2.8,3.6,1.5,2,107,1,,,25/30,,"0,07/0.00",Forensic WDR /√,,PoE Class 1,-,- / -,no,no,-,"AXIS Guard Suite
AXIS Video Motion Detection
Active tampering alarm",√ / √ / √,"PVC free, BFR/CFR free","P66/IP67/NEMA 4X
(Indoor only), IK10",,,,no,,17,"{""Max. video resolution"": ""1920x1080 (2.1 MP)"", ""Sensor size/Lens/Horizontal field of view"": ""1/2.9”, 3.6 mm, F2.0, 88°\n1/2.9”, 2.8 mm, F1.5, 107°"", ""Min. illumination (lux) Color/B&W"": ""0,07/0.00"", ""Max. frames per second"": ""25/30"", ""Audio support/ Built-in mic"": ""- / -"", ""Compute capabilities"": ""-"", ""Included video analytics (for Axis video analytics, see page 4)"": ""AXIS Guard Suite\nAXIS Video Motion Detection\nActive tampering alarm"", ""Power"": ""PoE Class 1"", ""In-/output ports"": ""-"", ""WDR/Lightfinder"": ""Forensic WDR /√"", ""Zipstream/ H.264/H.265/AV1"": ""√ / √ / √ / -"", ""OptimizedIR/ Built-in IR"": ""- / -"", ""Secure Boot/ Signed video/Secure keystore"": ""√ / √ / √"", ""Sustainability"": ""PVC free, BFR/CFR free"", ""Special features"": ""P66/IP67/NEMA 4X\n(Indoor only), IK10"", ""Axis Part Number"": ""02501-001"", ""MSRP"": ""$349.00""}"
Q1_2026_CheatSheet_msrp_R3_lorez.pdf,24,1,Axis,Axis dome cameras,AXIS M42 Series,AXIS M4215-LV,,M4215-LV,single_model,02677-001,$509.00 ,1920x1080 (2.1 MP),1920,1080,2.07,2.1 MP,"1/2.8"", 3.5-6.6 mm
F1.7-2.6, 93°-47°",1/2.8,3.5,6.6,1.7,2.6,93,47,,,25/30,,0.14/0.00,WDR /√,√ / √,PoE Class 3,-,√ / -,yes,no,Deep learning processing unit,"AXIS Object Analytics
AXIS Video Motion Detection
AXIS Face Detector
Active tampering alarm
AXIS Live Privacy Shield
AXIS Scene Metadata",√ / √ / √,"PVC free, BFR/CFR free","HDMI
Edge-to-edge technology
IK08",,,,no,,17,"{""Max. video resolution"": ""1920x1080 (2.1 MP)"", ""Sensor size/Lens/Horizontal field of view"": ""1/2.8\"", 3.5-6.6 mm\nF1.7-2.6, 93°-47°"", ""Min. illumination (lux) Color/B&W"": ""0.14/0.00"", ""Max. frames per second"": ""25/30"", ""Audio support/ Built-in mic"": ""√ / -"", ""Compute capabilities"": ""Deep learning processing unit"", ""Included video analytics (for Axis video analytics, see page 4)"": ""AXIS Object Analytics\nAXIS Video Motion Detection\nAXIS Face Detector\nActive tampering alarm\nAXIS Live Privacy Shield\nAXIS Scene Metadata"", ""Power"": ""PoE Class 3"", ""In-/output ports"": ""-"", ""WDR/Lightfinder"": ""WDR /√"", ""Zipstream/ H.264/H.265/AV1"": ""√ / √ / √ / -"", ""OptimizedIR/Built-in IR"": ""√ / √"", ""Secure Boot/Signed video/Secure keystore"": ""√ / √ / √"", ""Sustainability"": ""PVC free, BFR/CFR free"", ""Special features"": ""HDMI\nEdge-to-edge technology\nIK08"", ""Axis Part Number"": ""02677-001"", ""MSRP"": ""$509.00""}"
Q1_2026_CheatSheet_msrp_R3_lorez.pdf,24,1,Axis,Axis dome cameras,AXIS M42 Series,AXIS M4215-V,,M4215-V,single_model,02676-001,$469.00 ,1920x1080 (2.1 MP),1920,1080,2.07,2.1 MP,"1/2.8"", 3.5-6.6 mm
F1.7-2.6, 93°-47°",1/2.8,3.5,6.6,1.7,2.6,93,47,,,25/30,,0.14/0.03,WDR /√,- / -,PoE Class 2,-,√ / -,yes,no,Deep learning processing unit,"AXIS Object Analytics
AXIS Video Motion Detection
AXIS Face Detector
Active tampering alarm
AXIS Live Privacy Shield
AXIS Scene Metadata",√ / √ / √,"PVC free, BFR/CFR free","HDMI
Edge-to-edge technology
IK08",,,,no,,17,"{""Max. video resolution"": ""1920x1080 (2.1 MP)"", ""Sensor size/Lens/Horizontal field of view"": ""1/2.8\"", 3.5-6.6 mm\nF1.7-2.6, 93°-47°"", ""Min. illumination (lux) Color/B&W"": ""0.14/0.03"", ""Max. frames per second"": ""25/30"", ""Audio support/ Built-in mic"": ""√ / -"", ""Compute capabilities"": ""Deep learning processing unit"", ""Included video analytics (for Axis video analytics, see page 4)"": ""AXIS Object Analytics\nAXIS Video Motion Detection\nAXIS Face Detector\nActive tampering alarm\nAXIS Live Privacy Shield\nAXIS Scene Metadata"", ""Power"": ""PoE Class 2"", ""In-/output ports"": ""-"", ""WDR/Lightfinder"": ""WDR /√"", ""Zipstream/ H.264/H.265/AV1"": ""√ / √ / √ / -"", ""OptimizedIR/Built-in IR"": ""- / -"", ""Secure Boot/Signed video/Secure keystore"": ""√ / √ / √"", ""Sustainability"": ""PVC free, BFR/CFR free"", ""Special features"": ""HDMI\nEdge-to-edge technology\nIK08"", ""Axis Part Number"": ""02676-001"", ""MSRP"": ""$469.00""}"
Q1_2026_CheatSheet_msrp_R3_lorez.pdf,24,1,Axis,Axis dome cameras,AXIS M42 Series,AXIS M4216-LV,,M4216-LV,single_model,02113-001,$549.00 ,2304x1728 (4 MP),2304,1728,3.98,4 MP,"1/2.7"", 3-6 mm
F1.9-2.7, 100°-45°",1/2.7,3,6,1.9,2.7,100,45,,,25/30,,0.18/0.00,WDR /√,√ / √,PoE Class 3,-,√ / -,yes,no,Deep learning processing unit,"AXIS Object Analytics
AXIS Video Motion Detection
AXIS Face Detector
Active tampering alarm
AXIS Live Privacy Shield
AXIS Scene Metadata",√ / √ / √,"PVC free, BFR/CFR free
43% recycled plastics","HDMI
Edge-to-edge technology
IK08",,,,no,,17,"{""Max. video resolution"": ""2304x1728 (4 MP)"", ""Sensor size/Lens/Horizontal field of view"": ""1/2.7\"", 3-6 mm\nF1.9-2.7, 100°-45°"", ""Min. illumination (lux) Color/B&W"": ""0.18/0.00"", ""Max. frames per second"": ""25/30"", ""Audio support/ Built-in mic"": ""√ / -"", ""Compute capabilities"": ""Deep learning processing unit"", ""Included video analytics (for Axis video analytics, see page 4)"": ""AXIS Object Analytics\nAXIS Video Motion Detection\nAXIS Face Detector\nActive tampering alarm\nAXIS Live Privacy Shield\nAXIS Scene Metadata"", ""Power"": ""PoE Class 3"", ""In-/output ports"": ""-"", ""WDR/Lightfinder"": ""WDR /√"", ""Zipstream/ H.264/H.265/AV1"": ""√ / √ / √ / -"", ""OptimizedIR/Built-in IR"": ""√ / √"", ""Secure Boot/Signed video/Secure keystore"": ""√ / √ / √"", ""Sustainability"": ""PVC free, BFR/CFR free\n43% recycled plastics"", ""Special features"": ""HDMI\nEdge-to-edge technology\nIK08"", ""Axis Part Number"": ""02113-001"", ""MSRP"": ""$549.00""}"
Q1_2026_CheatSheet_msrp_R3_lorez.pdf,24,1,Axis,Axis dome cameras,AXIS M42 Series,AXIS M4216-V,,M4216-V,single_model,02112-001,$509.00 ,2304x1728 (4 MP),2304,1728,3.98,4 MP,"1/2.7"", 3-6 mm
F1.9-2.7, 100°-45°",1/2.7,3,6,1.9,2.7,100,45,,,25/30,,0.18/0.03,WDR /√,- / -,PoE Class 2,-,√ / -,yes,no,Deep learning processing unit,"AXIS Object Analytics
AXIS Video Motion Detection
AXIS Face Detector
Active tampering alarm
AXIS Live Privacy Shield
AXIS Scene Metadata",√ / √ / √,"PVC free, BFR/CFR free","HDMI
Edge-to-edge technology
IK08",,,,no,,17,"{""Max. video resolution"": ""2304x1728 (4 MP)"", ""Sensor size/Lens/Horizontal field of view"": ""1/2.7\"", 3-6 mm\nF1.9-2.7, 100°-45°"", ""Min. illumination (lux) Color/B&W"": ""0.18/0.03"", ""Max. frames per second"": ""25/30"", ""Audio support/ Built-in mic"": ""√ / -"", ""Compute capabilities"": ""Deep learning processing unit"", ""Included video analytics (for Axis video analytics, see page 4)"": ""AXIS Object Analytics\nAXIS Video Motion Detection\nAXIS Face Detector\nActive tampering alarm\nAXIS Live Privacy Shield\nAXIS Scene Metadata"", ""Power"": ""PoE Class 2"", ""In-/output ports"": ""-"", ""WDR/Lightfinder"": ""WDR /√"", ""Zipstream/ H.264/H.265/AV1"": ""√ / √ / √ / -"", ""OptimizedIR/Built-in IR"": ""- / -"", ""Secure Boot/Signed video/Secure keystore"": ""√ / √ / √"", ""Sustainability"": ""PVC free, BFR/CFR free"", ""Special features"": ""HDMI\nEdge-to-edge technology\nIK08"", ""Axis Part Number"": ""02112-001"", ""MSRP"": ""$509.00""}"
Q1_2026_CheatSheet_msrp_R3_lorez.pdf,24,1,Axis,Axis dome cameras,AXIS M42 Series,AXIS M4218-LV,,M4218-LV,single_model,02679-001,$589.00 ,3840x2160 (8.3 MP),3840,2160,8.29,8.3 MP,"1/2.8"", 3.5-6.6 mm
F1.7-2.6, 93°-47°",1/2.8,3.5,6.6,1.7,2.6,93,47,,,12.5/15,,0.24/0.00,WDR / -,√ / √,PoE Class 3,-,√ / -,yes,no,Deep learning processing unit,"AXIS Object Analytics
AXIS Video Motion Detection
AXIS Face Detector
Active tampering alarm
AXIS Live Privacy Shield
AXIS Scene Metadata",√ / √ / √,"PVC free, BFR/CFR free","HDMI
Edge-to-edge technology
IK08",,,,no,,17,"{""Max. video resolution"": ""3840x2160 (8.3 MP)"", ""Sensor size/Lens/Horizontal field of view"": ""1/2.8\"", 3.5-6.6 mm\nF1.7-2.6, 93°-47°"", ""Min. illumination (lux) Color/B&W"": ""0.24/0.00"", ""Max. frames per second"": ""12.5/15"", ""Audio support/ Built-in mic"": ""√ / -"", ""Compute capabilities"": ""Deep learning processing unit"", ""Included video analytics (for Axis video analytics, see page 4)"": ""AXIS Object Analytics\nAXIS Video Motion Detection\nAXIS Face Detector\nActive tampering alarm\nAXIS Live Privacy Shield\nAXIS Scene Metadata"", ""Power"": ""PoE Class 3"", ""In-/output ports"": ""-"", ""WDR/Lightfinder"": ""WDR / -"", ""Zipstream/ H.264/H.265/AV1"": ""√ / √ / √ / -"", ""OptimizedIR/Built-in IR"": ""√ / √"", ""Secure Boot/Signed video/Secure keystore"": ""√ / √ / √"", ""Sustainability"": ""PVC free, BFR/CFR free"", ""Special features"": ""HDMI\nEdge-to-edge technology\nIK08"", ""Axis Part Number"": ""02679-001"", ""MSRP"": ""$589.00""}"
Q1_2026_CheatSheet_msrp_R3_lorez.pdf,24,1,Axis,Axis dome cameras,AXIS M42 Series,AXIS M4218-V,,M4218-V,single_model,02678-001,$549.00 ,3840x2160 (8.3 MP),3840,2160,8.29,8.3 MP,"1/2.8"", 3.5-6.6 mm
F1.7-2.6, 93°-47°",1/2.8,3.5,6.6,1.7,2.6,93,47,,,12.5/15,,0.24/0.04,WDR / -,- / -,PoE Class 2,-,√ / -,yes,no,Deep learning processing unit,"AXIS Object Analytics
AXIS Video Motion Detection
AXIS Face Detector
Active tampering alarm
AXIS Live Privacy Shield
AXIS Scene Metadata",√ / √ / √,"PVC free, BFR/CFR free","HDMI
Edge-to-edge technology
IK08",,,,no,,17,"{""Max. video resolution"": ""3840x2160 (8.3 MP)"", ""Sensor size/Lens/Horizontal field of view"": ""1/2.8\"", 3.5-6.6 mm\nF1.7-2.6, 93°-47°"", ""Min. illumination (lux) Color/B&W"": ""0.24/0.04"", ""Max. frames per second"": ""12.5/15"", ""Audio support/ Built-in mic"": ""√ / -"", ""Compute capabilities"": ""Deep learning processing unit"", ""Included video analytics (for Axis video analytics, see page 4)"": ""AXIS Object Analytics\nAXIS Video Motion Detection\nAXIS Face Detector\nActive tampering alarm\nAXIS Live Privacy Shield\nAXIS Scene Metadata"", ""Power"": ""PoE Class 2"", ""In-/output ports"": ""-"", ""WDR/Lightfinder"": ""WDR / -"", ""Zipstream/ H.264/H.265/AV1"": ""√ / √ / √ / -"", ""OptimizedIR/Built-in IR"": ""- / -"", ""Secure Boot/Signed video/Secure keystore"": ""√ / √ / √"", ""Sustainability"": ""PVC free, BFR/CFR free"", ""Special features"": ""HDMI\nEdge-to-edge technology\nIK08"", ""Axis Part Number"": ""02678-001"", ""MSRP"": ""$549.00""}"
Q1_2026_CheatSheet_msrp_R3_lorez.pdf,24,1,Axis,Axis dome cameras,AXIS M42 Series,AXIS M4225-LVE,,M4225-LVE,single_model,02814-001,$629.00 ,1920x1080 (2.1 MP),1920,1080,2.07,2.1 MP,"1/2.8"", 3.2-7.2 mm
F1.6-2.7, 100°-38°",1/2.8,3.2,7.2,1.6,2.7,100,38,,,25/30,,0.12/0.00,WDR /√,√ / √,PoE Class 3,-,"- / -
Acoustic sensor",no,,Deep learning processing unit,"AXIS Object Analytics
AXIS Audio Analytics
AXIS Video Motion Detection
AXIS Image Health Analytics
AXIS Scene Metadata",√ / √ / √,"PVC free, BFR/CFR free
43% recycled plastics","Edge-to-edge technology
IP66/NEMA 250 Type 4X, IK10",,,,no,,17,"{""Max. video resolution"": ""1920x1080 (2.1 MP)"", ""Sensor size/Lens/Horizontal field of view"": ""1/2.8\"", 3.2-7.2 mm\nF1.6-2.7, 100°-38°"", ""Min. illumination (lux) Color/B&W"": ""0.12/0.00"", ""Max. frames per second"": ""25/30"", ""Audio support/ Built-in mic"": ""- / -\nAcoustic sensor"", ""Compute capabilities"": ""Deep learning processing unit"", ""Included video analytics (for Axis video analytics, see page 4)"": ""AXIS Object Analytics\nAXIS Audio Analytics\nAXIS Video Motion Detection\nAXIS Image Health Analytics\nAXIS Scene Metadata"", ""Power"": ""PoE Class 3"", ""In-/output ports"": ""-"", ""WDR/Lightfinder"": ""WDR /√"", ""Zipstream/ H.264/H.265/AV1"": ""√ / √ / √ / -"", ""OptimizedIR/Built-in IR"": ""√ / √"", ""Secure Boot/Signed video/Secure keystore"": ""√ / √ / √"", ""Sustainability"": ""PVC free, BFR/CFR free\n43% recycled plastics"", ""Special features"": ""Edge-to-edge technology\nIP66/NEMA 250 Type 4X, IK10"", ""Axis Part Number"": ""02814-001"", ""MSRP"": ""$629.00""}"
Q1_2026_CheatSheet_msrp_R3_lorez.pdf,24,1,Axis,Axis dome cameras,AXIS M42 Series,AXIS M4227-LVE,,M4227-LVE,single_model,02815-001,$789.00 ,2592x1944 (5 MP),2592,1944,5.04,5 MP,"1/2.7"", 3.2-7.2 mm
F1.6-2.7, 98°-38°",1/2.7,3.2,7.2,1.6,2.7,98,38,,,25/30,,0.13/0.00,WDR /√,√ / √,PoE Class 3,-,"- / -
Acoustic sensor",no,,Deep learning processing unit,"AXIS Object Analytics
AXIS Audio Analytics
AXIS Video Motion Detection
AXIS Image Health Analytics
AXIS Scene Metadata",√ / √ / √,"PVC free, BFR/CFR free
43% recycled plastics","Edge-to-edge technology
IP66/NEMA 250 Type 4X, IK10",,,,no,,17,"{""Max. video resolution"": ""2592x1944 (5 MP)"", ""Sensor size/Lens/Horizontal field of view"": ""1/2.7\"", 3.2-7.2 mm\nF1.6-2.7, 98°-38°"", ""Min. illumination (lux) Color/B&W"": ""0.13/0.00"", ""Max. frames per second"": ""25/30"", ""Audio support/ Built-in mic"": ""- / -\nAcoustic sensor"", ""Compute capabilities"": ""Deep learning processing unit"", ""Included video analytics (for Axis video analytics, see page 4)"": ""AXIS Object Analytics\nAXIS Audio Analytics\nAXIS Video Motion Detection\nAXIS Image Health Analytics\nAXIS Scene Metadata"", ""Power"": ""PoE Class 3"", ""In-/output ports"": ""-"", ""WDR/Lightfinder"": ""WDR /√"", ""Zipstream/ H.264/H.265/AV1"": ""√ / √ / √ / -"", ""OptimizedIR/Built-in IR"": ""√ / √"", ""Secure Boot/Signed video/Secure keystore"": ""√ / √ / √"", ""Sustainability"": ""PVC free, BFR/CFR free\n43% recycled plastics"", ""Special features"": ""Edge-to-edge technology\nIP66/NEMA 250 Type 4X, IK10"", ""Axis Part Number"": ""02815-001"", ""MSRP"": ""$789.00""}"
Q1_2026_CheatSheet_msrp_R3_lorez.pdf,24,1,Axis,Axis dome cameras,AXIS M42 Series,AXIS M4228-LVE,,M4228-LVE,single_model,02816-001,$899.00 ,3840x2160 (8.3 MP),3840,2160,8.29,8.3 MP,"1/2.8"", 3.2-7.2 mm
F1.6-2.7, 100°-38°",1/2.8,3.2,7.2,1.6,2.7,100,38,,,25/30,,0.14/0.00,WDR /√,√ / √,PoE Class 3,-,"- / -
Acoustic sensor",no,,Deep learning processing unit,"AXIS Object Analytics
AXIS Audio Analytics
AXIS Video Motion Detection
AXIS Image Health Analytics
AXIS Scene Metadata",√ / √ / √,"PVC free, BFR/CFR free
43% recycled plastics","Edge-to-edge technology
IP66/NEMA 250 Type 4X, IK10",,,,no,,17,"{""Max. video resolution"": ""3840x2160 (8.3 MP)"", ""Sensor size/Lens/Horizontal field of view"": ""1/2.8\"", 3.2-7.2 mm\nF1.6-2.7, 100°-38°"", ""Min. illumination (lux) Color/B&W"": ""0.14/0.00"", ""Max. frames per second"": ""25/30"", ""Audio support/ Built-in mic"": ""- / -\nAcoustic sensor"", ""Compute capabilities"": ""Deep learning processing unit"", ""Included video analytics (for Axis video analytics, see page 4)"": ""AXIS Object Analytics\nAXIS Audio Analytics\nAXIS Video Motion Detection\nAXIS Image Health Analytics\nAXIS Scene Metadata"", ""Power"": ""PoE Class 3"", ""In-/output ports"": ""-"", ""WDR/Lightfinder"": ""WDR /√"", ""Zipstream/ H.264/H.265/AV1"": ""√ / √ / √ / -"", ""OptimizedIR/Built-in IR"": ""√ / √"", ""Secure Boot/Signed video/Secure keystore"": ""√ / √ / √"", ""Sustainability"": ""PVC free, BFR/CFR free\n43% recycled plastics"", ""Special features"": ""Edge-to-edge technology\nIP66/NEMA 250 Type 4X, IK10"", ""Axis Part Number"": ""02816-001"", ""MSRP"": ""$899.00""}"
Q1_2026_CheatSheet_msrp_R3_lorez.pdf,26,1,Axis,Axis panoramic cameras,AXIS M43 Series,AXIS M4308-PLE,,M4308-PLE,single_model,02100-001,"$1,059.00 ",2880x2880 (12 MP),2880,2880,8.29,12 MP,"1/1.7”
1.3 mm, F2.4
183°",1/1.7,1.3,1.3,2.4,183,183,183,,,25/30,,0.19/0.00,Forensic WDR / √,√ / √,Poe Class 4,1-Jan,√ / √,yes,yes,Deep learning processing unit,"AXIS Object Analytics
AXIS Video Motion Detection
Active tampering alarm
Audio detection
AXIS Scene Metadata",√ / √ / √,PVC free,"Dewarped views
IP66/NEMA 4X, IK09",,,,no,,18,"{""Max. video resolution"": ""2880x2880 (12 MP)"", ""Sensor size/Lens/Horizontal field of view"": ""1/1.7”\n1.3 mm, F2.4\n183°"", ""Day and night"": ""√"", ""Min. illumination (lux) Color/B&W"": ""0.19/0.00"", ""Max. frames per second"": ""25/30"", ""Audio support/ Built-in mic"": ""√ / √"", ""Compute capabilities"": ""Deep learning processing unit"", ""Included video analytics (for Axis video analytics, see page 4)"": ""AXIS Object Analytics\nAXIS Video Motion Detection\nActive tampering alarm\nAudio detection\nAXIS Scene Metadata"", ""Power"": ""Poe Class 4"", ""In-/output ports"": ""1/1"", ""WDR/Lightfinder"": ""Forensic WDR / √"", ""Zipstream/ H.264/H.265/AV1"": ""√ / √ / √ / -"", ""OptimizedIR/Built-in IR"": ""√ / √"", ""Secure Boot/Signed video/Secure keystore"": ""√ / √ / √"", ""Sustainability"": ""PVC free"", ""Special features"": ""Dewarped views\nIP66/NEMA 4X, IK09"", ""Axis Part Number"": ""02100-001"", ""MSRP"": ""$1,059.00""}"
Q1_2026_CheatSheet_msrp_R3_lorez.pdf,27,1,Axis,Axis panoramic cameras,AXIS M43 Series,AXIS M4317-PLR,,M4317-PLR,single_model,02833-001,$769.00 ,2160x2160 (6 MP),2160,2160,4.67,6 MP,"1/1.8”
1.1 mm, F2.2
182°",1/1.8,1.1,1.1,2.2,182,182,182,,,50/60,,0.16/0.03,Forensic WDR / √,√ / √,PoE Class 3,1-Jan,√ / -,yes,no,Deep learning processing unit,"AXIS Object Analytics
AXIS Video Motion Detection
AXIS Scene Metadata",√ / √ / √,"PVC free, BFR/CFR free","Dewarped views
IP66/NEMA 4X",,,,no,,18,"{""Max. video resolution"": ""2160x2160 (6 MP)"", ""Sensor size/Lens/Horizontal field of view"": ""1/1.8”\n1.1 mm, F2.2\n182°"", ""Day and night"": ""√"", ""Min. illumination (lux) Color/B&W"": ""0.16/0.03"", ""Max. frames per second"": ""50/60"", ""Audio support/ Built-in mic"": ""√ / -"", ""Compute capabilities"": ""Deep learning processing unit"", ""Included video analytics (for Axis video analytics, see page 4)"": ""AXIS Object Analytics\nAXIS Video Motion Detection\nAXIS Scene Metadata"", ""Power"": ""PoE Class 3"", ""In-/output ports"": ""1/1"", ""WDR/Lightfinder"": ""Forensic WDR / √"", ""Zipstream/ H.264/H.265/AV1"": ""√ / √ / √ / -"", ""OptimizedIR/Built-in IR"": ""√ / √"", ""Secure Boot/Signed video/Secure keystore"": ""√ / √ / √"", ""Sustainability"": ""PVC free, BFR/CFR free"", ""Special features"": ""Dewarped views\nIP66/NEMA 4X"", ""Axis Part Number"": ""02833-001"", ""MSRP"": ""$769.00""}"
Q1_2026_CheatSheet_msrp_R3_lorez.pdf,27,1,Axis,Axis panoramic cameras,AXIS M43 Series,AXIS M4317-PLVE,,M4317-PLVE,single_model,02510-001,$769.00 ,2160x2160 (6 MP),2160,2160,4.67,6 MP,"1/1.8”
1.1 mm, F2.2
182°",1/1.8,1.1,1.1,2.2,182,182,182,,,50/60,,0.16/0.03,Forensic WDR / √,√ / √,PoE Class 3,1-Jan,√ / -,yes,no,Deep learning processing unit,"AXIS Object Analytics
AXIS Video Motion Detection
AXIS Scene Metadata",√ / √ / √,"PVC free, BFR/CFR free","Dewarped views
IP66/NEMA 4X, IK10",,,,no,,18,"{""Max. video resolution"": ""2160x2160 (6 MP)"", ""Sensor size/Lens/Horizontal field of view"": ""1/1.8”\n1.1 mm, F2.2\n182°"", ""Day and night"": ""√"", ""Min. illumination (lux) Color/B&W"": ""0.16/0.03"", ""Max. frames per second"": ""50/60"", ""Audio support/ Built-in mic"": ""√ / -"", ""Compute capabilities"": ""Deep learning processing unit"", ""Included video analytics (for Axis video analytics, see page 4)"": ""AXIS Object Analytics\nAXIS Video Motion Detection\nAXIS Scene Metadata"", ""Power"": ""PoE Class 3"", ""In-/output ports"": ""1/1"", ""WDR/Lightfinder"": ""Forensic WDR / √"", ""Zipstream/ H.264/H.265/AV1"": ""√ / √ / √ / -"", ""OptimizedIR/Built-in IR"": ""√ / √"", ""Secure Boot/Signed video/Secure keystore"": ""√ / √ / √"", ""Sustainability"": ""PVC free, BFR/CFR free"", ""Special features"": ""Dewarped views\nIP66/NEMA 4X, IK10"", ""Axis Part Number"": ""02510-001"", ""MSRP"": ""$769.00""}"
Q1_2026_CheatSheet_msrp_R3_lorez.pdf,27,1,Axis,Axis panoramic cameras,AXIS M43 Series,AXIS M4318-PLR,,M4318-PLR,single_model,02834-001,$949.00 ,2992x2992 (12 MP),2992,2992,8.95,12 MP,"1/2.3”
1.2 mm, F2.2
182°",1/2.3,1.2,1.2,2.2,182,182,182,,,25/30,,0.19/0.04,Forensic WDR / √,√ / √,PoE Class 3,1-Jan,√ / -,yes,no,Deep learning processing unit,"AXIS Object Analytics
AXIS Video Motion Detection
AXIS Scene Metadata",√ / √ / √,"PVC free, BFR/CFR free","Dewarped views
IP66/NEMA 4X",,,,no,,18,"{""Max. video resolution"": ""2992x2992 (12 MP)"", ""Sensor size/Lens/Horizontal field of view"": ""1/2.3”\n1.2 mm, F2.2\n182°"", ""Day and night"": ""√"", ""Min. illumination (lux) Color/B&W"": ""0.19/0.04"", ""Max. frames per second"": ""25/30"", ""Audio support/ Built-in mic"": ""√ / -"", ""Compute capabilities"": ""Deep learning processing unit"", ""Included video analytics (for Axis video analytics, see page 4)"": ""AXIS Object Analytics\nAXIS Video Motion Detection\nAXIS Scene Metadata"", ""Power"": ""PoE Class 3"", ""In-/output ports"": ""1/1"", ""WDR/Lightfinder"": ""Forensic WDR / √"", ""Zipstream/ H.264/H.265/AV1"": ""√ / √ / √ / -"", ""OptimizedIR/Built-in IR"": ""√ / √"", ""Secure Boot/Signed video/Secure keystore"": ""√ / √ / √"", ""Sustainability"": ""PVC free, BFR/CFR free"", ""Special features"": ""Dewarped views\nIP66/NEMA 4X"", ""Axis Part Number"": ""02834-001"", ""MSRP"": ""$949.00""}"
Q1_2026_CheatSheet_msrp_R3_lorez.pdf,27,1,Axis,Axis panoramic cameras,AXIS M43 Series,AXIS M4318-PLVE,,M4318-PLVE,single_model,02511-001,$949.00 ,2992x2992 (12 MP),2992,2992,8.95,12 MP,"1/2.3”
1.2 mm, F2.2
182°",1/2.3,1.2,1.2,2.2,182,182,182,,,25/30,,0.19/0.04,Forensic WDR / √,√ / √,PoE Class 3,1-Jan,√ / -,yes,no,Deep learning processing unit,"AXIS Object Analytics
AXIS Video Motion Detection
AXIS Scene Metadata",√ / √ / √,"PVC free, BFR/CFR free","Dewarped views
IP66/NEMA 4X, IK10",,,,no,,18,"{""Max. video resolution"": ""2992x2992 (12 MP)"", ""Sensor size/Lens/Horizontal field of view"": ""1/2.3”\n1.2 mm, F2.2\n182°"", ""Day and night"": ""√"", ""Min. illumination (lux) Color/B&W"": ""0.19/0.04"", ""Max. frames per second"": ""25/30"", ""Audio support/ Built-in mic"": ""√ / -"", ""Compute capabilities"": ""Deep learning processing unit"", ""Included video analytics (for Axis video analytics, see page 4)"": ""AXIS Object Analytics\nAXIS Video Motion Detection\nAXIS Scene Metadata"", ""Power"": ""PoE Class 3"", ""In-/output ports"": ""1/1"", ""WDR/Lightfinder"": ""Forensic WDR / √"", ""Zipstream/ H.264/H.265/AV1"": ""√ / √ / √ / -"", ""OptimizedIR/Built-in IR"": ""√ / √"", ""Secure Boot/Signed video/Secure keystore"": ""√ / √ / √"", ""Sustainability"": ""PVC free, BFR/CFR free"", ""Special features"": ""Dewarped views\nIP66/NEMA 4X, IK10"", ""Axis Part Number"": ""02511-001"", ""MSRP"": ""$949.00""}"
Q1_2026_CheatSheet_msrp_R3_lorez.pdf,26,1,Axis,Axis panoramic cameras,AXIS M43 Series,AXIS M4327-P,,M4327-P,single_model,02636-004,$559.00 ,2160x2160 (6 MP),2160,2160,4.67,6 MP,"1/1.8”
1.1 mm, F2.2
182°",1/1.8,1.1,1.1,2.2,182,182,182,,,50/60,,0.16/0.03,Forensic WDR / √,- / -,Poe Class 3,-,√ / -,yes,no,Deep learning processing unit,"AXIS Object Analytics
AXIS Video Motion Detection
AXIS Scene Metadata",√ / √ / √,"PVC free, BFR/CFR free",Dewarped views,,,,no,,18,"{""Max. video resolution"": ""2160x2160 (6 MP)"", ""Sensor size/Lens/Horizontal field of view"": ""1/1.8”\n1.1 mm, F2.2\n182°"", ""Day and night"": ""√"", ""Min. illumination (lux) Color/B&W"": ""0.16/0.03"", ""Max. frames per second"": ""50/60"", ""Audio support/ Built-in mic"": ""√ / -"", ""Compute capabilities"": ""Deep learning processing unit"", ""Included video analytics (for Axis video analytics, see page 4)"": ""AXIS Object Analytics\nAXIS Video Motion Detection\nAXIS Scene Metadata"", ""Power"": ""Poe Class 3"", ""In-/output ports"": ""-"", ""WDR/Lightfinder"": ""Forensic WDR / √"", ""Zipstream/ H.264/H.265/AV1"": ""√ / √ / √ / -"", ""OptimizedIR/Built-in IR"": ""- / -"", ""Secure Boot/Signed video/Secure keystore"": ""√ / √ / √"", ""Sustainability"": ""PVC free, BFR/CFR free"", ""Special features"": ""Dewarped views"", ""Axis Part Number"": ""02636-004"", ""MSRP"": ""$559.00""}"
Q1_2026_CheatSheet_msrp_R3_lorez.pdf,26,1,Axis,Axis panoramic cameras,AXIS M43 Series,AXIS M4328-P,,M4328-P,single_model,02637-004,$739.00 ,2992x2992 (12 MP),2992,2992,8.95,12 MP,"1/2.3”
1.2 mm, F2.2
182°",1/2.3,1.2,1.2,2.2,182,182,182,,,25/30,,0.19/0.04,Forensic WDR / √,- / -,Poe Class 3,-,√ / -,yes,no,Deep learning processing unit,"AXIS Object Analytics
AXIS Video Motion Detection
AXIS Scene Metadata",√ / √ / √,"PVC free, BFR/CFR free",Dewarped views,,,,no,,18,"{""Max. video resolution"": ""2992x2992 (12 MP)"", ""Sensor size/Lens/Horizontal field of view"": ""1/2.3”\n1.2 mm, F2.2\n182°"", ""Day and night"": ""√"", ""Min. illumination (lux) Color/B&W"": ""0.19/0.04"", ""Max. frames per second"": ""25/30"", ""Audio support/ Built-in mic"": ""√ / -"", ""Compute capabilities"": ""Deep learning processing unit"", ""Included video analytics (for Axis video analytics, see page 4)"": ""AXIS Object Analytics\nAXIS Video Motion Detection\nAXIS Scene Metadata"", ""Power"": ""Poe Class 3"", ""In-/output ports"": ""-"", ""WDR/Lightfinder"": ""Forensic WDR / √"", ""Zipstream/ H.264/H.265/AV1"": ""√ / √ / √ / -"", ""OptimizedIR/Built-in IR"": ""- / -"", ""Secure Boot/Signed video/Secure keystore"": ""√ / √ / √"", ""Sustainability"": ""PVC free, BFR/CFR free"", ""Special features"": ""Dewarped views"", ""Axis Part Number"": ""02637-004"", ""MSRP"": ""$739.00""}"
Q1_2026_CheatSheet_msrp_R3_lorez.pdf,32,1,Axis,Axis pan/tilt/zoom cameras,AXIS M50 Series,AXIS M5000-G,,M5000-G,single_model,02188-004,"$1,269.00 ","PTZ camera: 1920x1080
Overview cameras: 2592x1944",1920,1080,2.07,,"PTZ camera: 1/2.8”
4.7 – 47 mm, F1.6 – 3.0, 61.8°– 6.7°
Overview cameras: 1/2.8” 2.39 mm, F2.0, 360°",1/2.8,2.39,47,1.6,3,360,6.7,,,"PTZ camera: 25/30
Overview cameras: 12",10,"PTZ camera: 0.09/0.01
Overview cameras: 0.08/0.03",Forensic Capture / -,- / -,"PoE Class 4, DC",4,√ / -,yes,no,-,"AXIS Loitering Guard
AXIS Video Motion Detection
Audio detection
Advanced gatekeeper",√ / √ / √,"PVC free, BFR/CFR free","Wireless I/O with Z-Wave Plus®
Shock detection",,,,no,,19,"{""Max. video resolution"": ""PTZ camera: 1920x1080\nOverview cameras: 2592x1944"", ""Sensor size/Lens/Horizontal field of view"": ""PTZ camera: 1/2.8”\n4.7 – 47 mm, F1.6 – 3.0, 61.8°– 6.7°\nOverview cameras: 1/2.8” 2.39 mm, F2.0, 360°"", ""Day and night"": ""√"", ""Min. illumination (lux) Color/B&W"": ""PTZ camera: 0.09/0.01\nOverview cameras: 0.08/0.03"", ""Max. frames per second"": ""PTZ camera: 25/30\nOverview cameras: 12"", ""Optical zoom"": ""10"", ""Audio support/ Built-in mic"": ""√ / -"", ""Compute capabilities"": ""-"", ""Included video analytics (for Axis video analytics, see page 4)"": ""AXIS Loitering Guard\nAXIS Video Motion Detection\nAudio detection\nAdvanced gatekeeper"", ""Power"": ""PoE Class 4, DC"", ""In-/output ports"": ""4"", ""WDR/Lightfinder"": ""Forensic Capture / -"", ""Zipstream/ H.264/H.265/AV1"": ""√ / √ / √ / -"", ""OptimizedIR/Built-in IR"": ""- / -"", ""Secure Boot/ Signed video/Secure keystore"": ""√ / √ / √"", ""Sustainability"": ""PVC free, BFR/CFR free"", ""Special features"": ""Wireless I/O with Z-Wave Plus®\nShock detection"", ""Axis Part Number"": ""02188-004"", ""MSRP"": ""$1,269.00""}"
Q1_2026_CheatSheet_msrp_R3_lorez.pdf,32,1,Axis,Axis pan/tilt/zoom cameras,AXIS M50 Series,AXIS M5074,,M5074,single_model,02345-001,$579.00 ,1280x720 (1 MP),1280,720,0.92,1 MP,"1/2.8”
2.2 - 11.0 mm, F1.4 - 2.5
71° - 14°",1/2.8,2.2,11,1.4,2.5,71,14,,,50/60,5,0.1/-,Forensic WDR / -,- / -,PoE Class 3,-,√ / √,yes,yes,-,"Audio volume detection
Scream detection
Removed object detection
AXIS Video Motion Detection
Active tampering alarm",- / - / -,PVC free,-,,,,no,,19,"{""Max. video resolution"": ""1280x720 (1 MP)"", ""Sensor size/Lens/Horizontal field of view"": ""1/2.8”\n2.2 - 11.0 mm, F1.4 - 2.5\n71° - 14°"", ""Day and night"": ""√"", ""Min. illumination (lux) Color/B&W"": ""0.1/-"", ""Max. frames per second"": ""50/60"", ""Optical zoom"": ""5"", ""Audio support/ Built-in mic"": ""√ / √"", ""Compute capabilities"": ""-"", ""Included video analytics (for Axis video analytics, see page 4)"": ""Audio volume detection\nScream detection\nRemoved object detection\nAXIS Video Motion Detection\nActive tampering alarm"", ""Power"": ""PoE Class 3"", ""In-/output ports"": ""-"", ""WDR/Lightfinder"": ""Forensic WDR / -"", ""Zipstream/ H.264/H.265/AV1"": ""√ / √ / √ / -"", ""OptimizedIR/Built-in IR"": ""- / -"", ""Secure Boot/ Signed video/Secure keystore"": ""- / - / -"", ""Sustainability"": ""PVC free"", ""Special features"": ""-"", ""Axis Part Number"": ""02345-001"", ""MSRP"": ""$579.00""}"
Q1_2026_CheatSheet_msrp_R3_lorez.pdf,32,1,Axis,Axis pan/tilt/zoom cameras,AXIS M50 Series,AXIS M5075-G,,M5075-G,single_model,02347-004,$689.00 ,1920x1080 (2.1 MP),1920,1080,2.07,2.1 MP,"1/2.8”
2.2 - 11.0 mm, F1.4 - 2.5
71° - 14°",1/2.8,2.2,11,1.4,2.5,71,14,,,50/60,5,0.1/-,Forensic WDR / -,- / -,PoE Class 3,-,√ / √,yes,yes,-,"Audio volume detection
Scream detection
Removed object detection
AXIS Video Motion Detection
Active tampering alarm",- / - / -,PVC free,Wireless I/O with Z-Wave Plus®,,,,no,,19,"{""Max. video resolution"": ""1920x1080 (2.1 MP)"", ""Sensor size/Lens/Horizontal field of view"": ""1/2.8”\n2.2 - 11.0 mm, F1.4 - 2.5\n71° - 14°"", ""Day and night"": ""√"", ""Min. illumination (lux) Color/B&W"": ""0.1/-"", ""Max. frames per second"": ""50/60"", ""Optical zoom"": ""5"", ""Audio support/ Built-in mic"": ""√ / √"", ""Compute capabilities"": ""-"", ""Included video analytics (for Axis video analytics, see page 4)"": ""Audio volume detection\nScream detection\nRemoved object detection\nAXIS Video Motion Detection\nActive tampering alarm"", ""Power"": ""PoE Class 3"", ""In-/output ports"": ""-"", ""WDR/Lightfinder"": ""Forensic WDR / -"", ""Zipstream/ H.264/H.265/AV1"": ""√ / √ / √ / -"", ""OptimizedIR/Built-in IR"": ""- / -"", ""Secure Boot/ Signed video/Secure keystore"": ""- / - / -"", ""Sustainability"": ""PVC free"", ""Special features"": ""Wireless I/O with Z-Wave Plus®"", ""Axis Part Number"": ""02347-004"", ""MSRP"": ""$689.00""}"
Q1_2026_CheatSheet_msrp_R3_lorez.pdf,32,1,Axis,Axis pan/tilt/zoom cameras,AXIS M55,AXIS M5526-E,,M5526-E,part_number_variants,02769-021,"$1,099.00 ",2688x1512 (4 MP),2688,1512,4.06,4 MP,"1/3”
4.7 - 47 mm, F1.6 - 3.0
59.1°–6.5°",3-Jan,4.7,47,1.6,3,59.1,6.5,,,50/60,10,0.20/0.01,Forensic WDR / Lightfinder 2.0,- / -,"PoE Class 3, DC",4,√ / -,yes,no,Deep learnining processing unit,"AXIS Object Analytics
AXIS Video Motion Detection
Active tampering alarm
Audio detection, Advanced gatekeeper
AXIS Scene Metadata",√ / √ / √,"PVC free, BFR/CFR-free
Renewable carbon-based plastic content: 16% (recycled)","Focus recall
Power Meter
IP66",,,,no,,19,"{""Max. video resolution"": ""2688x1512 (4 MP)"", ""Sensor size/Lens/Horizontal field of view"": ""1/3”\n4.7 - 47 mm, F1.6 - 3.0\n59.1°–6.5°"", ""Day and night"": ""√"", ""Min. illumination (lux) Color/B&W"": ""0.20/0.01"", ""Max. frames per second"": ""50/60"", ""Optical zoom"": ""10"", ""Audio support/ Built-in mic"": ""√ / -"", ""Compute capabilities"": ""Deep learnining processing unit"", ""Included video analytics (for Axis video analytics, see page 4)"": ""AXIS Object Analytics\nAXIS Video Motion Detection\nActive tampering alarm\nAudio detection, Advanced gatekeeper\nAXIS Scene Metadata"", ""Power"": ""PoE Class 3, DC"", ""In-/output ports"": ""4"", ""WDR/Lightfinder"": ""Forensic WDR / Lightfinder 2.0"", ""Zipstream/ H.264/H.265/AV1"": ""√ / √ / √ / -"", ""OptimizedIR/Built-in IR"": ""- / -"", ""Secure Boot/ Signed video/Secure keystore"": ""√ / √ / √"", ""Sustainability"": ""PVC free, BFR/CFR-free\nRenewable carbon-based plastic content: 16% (recycled)"", ""Special features"": ""Focus recall\nPower Meter\nIP66"", ""Axis Part Number"": ""02769-001\n02769-021 (4 pcs)"", ""MSRP"": ""$1,099.00\n$4,389.00 (4 pcs)""}"
Q1_2026_CheatSheet_msrp_R3_lorez.pdf,32,1,Axis,Axis pan/tilt/zoom cameras,AXIS M55,AXIS M5526-E,47 mm,M5526-E 47 mm,part_number_variants,02769-001,"$1,099.00 ",2688x1512 (4 MP),2688,1512,4.06,4 MP,"1/3”
4.7 - 47 mm, F1.6 - 3.0
59.1°–6.5°",,4.7,47,1.6,3,,,47,,50/60,10,0.20/0.01,Forensic WDR / Lightfinder 2.0,- / -,"PoE Class 3, DC",4,√ / -,yes,no,Deep learnining processing unit,"AXIS Object Analytics
AXIS Video Motion Detection
Active tampering alarm
Audio detection, Advanced gatekeeper
AXIS Scene Metadata",√ / √ / √,"PVC free, BFR/CFR-free
Renewable carbon-based plastic content: 16% (recycled)","Focus recall
Power Meter
IP66",,,,no,,19,"{""Max. video resolution"": ""2688x1512 (4 MP)"", ""Sensor size/Lens/Horizontal field of view"": ""1/3”\n4.7 - 47 mm, F1.6 - 3.0\n59.1°–6.5°"", ""Day and night"": ""√"", ""Min. illumination (lux) Color/B&W"": ""0.20/0.01"", ""Max. frames per second"": ""50/60"", ""Optical zoom"": ""10"", ""Audio support/ Built-in mic"": ""√ / -"", ""Compute capabilities"": ""Deep learnining processing unit"", ""Included video analytics (for Axis video analytics, see page 4)"": ""AXIS Object Analytics\nAXIS Video Motion Detection\nActive tampering alarm\nAudio detection, Advanced gatekeeper\nAXIS Scene Metadata"", ""Power"": ""PoE Class 3, DC"", ""In-/output ports"": ""4"", ""WDR/Lightfinder"": ""Forensic WDR / Lightfinder 2.0"", ""Zipstream/ H.264/H.265/AV1"": ""√ / √ / √ / -"", ""OptimizedIR/Built-in IR"": ""- / -"", ""Secure Boot/ Signed video/Secure keystore"": ""√ / √ / √"", ""Sustainability"": ""PVC free, BFR/CFR-free\nRenewable carbon-based plastic content: 16% (recycled)"", ""Special features"": ""Focus recall\nPower Meter\nIP66"", ""Axis Part Number"": ""02769-001\n02769-021 (4 pcs)"", ""MSRP"": ""$1,099.00\n$4,389.00 (4 pcs)""}"
Q1_2026_CheatSheet_msrp_R3_lorez.pdf,16,1,Axis,Axis modular cameras,AXIS P12 Series,AXIS P1245 Mk II,,P1245 Mk II,part_number_variants,02857-021,$409.00 ,1920 x1080 (2.1 MP),1920,1080,2.07,2.1 MP,"1/2 9""
2.8mm, F2.0
111°",2-Jan,2.8,2.8,2,111,111,111,,,25/30,,0.2/-,Forensic Capture / -,- / -,PoE Class 2,-,- / -,no,no,,"AXIS Object Analytics
AXIS Scene Metadata",,PVC free,Exchangable lenses,,-,,no,,18,"{""Max. video resolution"": ""1920 x1080 (2.1 MP)"", ""Sensor size/Lens/Horizontal field of view"": ""1/2 9\""\n2.8mm, F2.0\n111°"", ""Min. illumination (lux) Color/B&W"": ""0.2/-"", ""Max. frames per second"": ""25/30"", ""Sensitivity"": ""-"", ""Detection range (m/yd.)"": ""-"", ""Audio support/ Built-in mic"": ""- / -"", ""Included video analytics (for Axis video analytics, see page 4)"": ""AXIS Object Analytics\nAXIS Scene Metadata"", ""Power"": ""PoE Class 2"", ""In-/output ports"": ""-"", ""WDR/Lightfinder"": ""Forensic Capture / -"", ""Zipstream/H.264/H.265"": ""√ / √ / √"", ""OptimizedIR/Built-in IR"": ""- / -"", ""Secure Boot/Signed video/ Secure keystore"": ""√ / √ / √"", ""Sustainability"": ""PVC free"", ""Special features"": ""Exchangable lenses"", ""Axis Part Number"": ""02857-001\n02857-021 (10 pcs)"", ""MSRP"": ""$409.00\n$4,089.00 (10 pcs)""}"
Q1_2026_CheatSheet_msrp_R3_lorez.pdf,16,1,Axis,Axis modular cameras,AXIS P12 Series,AXIS P1245 Mk II,2.8 mm,P1245 Mk II 2.8 mm,part_number_variants,02857-001,$409.00 ,1920 x1080 (2.1 MP),1920,1080,2.07,2.1 MP,"1/2 9""
2.8mm, F2.0
111°",,2.8,2.8,2,2,,,2.8,,25/30,,0.2/-,Forensic Capture / -,- / -,PoE Class 2,-,- / -,no,no,,"AXIS Object Analytics
AXIS Scene Metadata",,PVC free,Exchangable lenses,,-,,no,,18,"{""Max. video resolution"": ""1920 x1080 (2.1 MP)"", ""Sensor size/Lens/Horizontal field of view"": ""1/2 9\""\n2.8mm, F2.0\n111°"", ""Min. illumination (lux) Color/B&W"": ""0.2/-"", ""Max. frames per second"": ""25/30"", ""Sensitivity"": ""-"", ""Detection range (m/yd.)"": ""-"", ""Audio support/ Built-in mic"": ""- / -"", ""Included video analytics (for Axis video analytics, see page 4)"": ""AXIS Object Analytics\nAXIS Scene Metadata"", ""Power"": ""PoE Class 2"", ""In-/output ports"": ""-"", ""WDR/Lightfinder"": ""Forensic Capture / -"", ""Zipstream/H.264/H.265"": ""√ / √ / √"", ""OptimizedIR/Built-in IR"": ""- / -"", ""Secure Boot/Signed video/ Secure keystore"": ""√ / √ / √"", ""Sustainability"": ""PVC free"", ""Special features"": ""Exchangable lenses"", ""Axis Part Number"": ""02857-001\n02857-021 (10 pcs)"", ""MSRP"": ""$409.00\n$4,089.00 (10 pcs)""}"
Q1_2026_CheatSheet_msrp_R3_lorez.pdf,16,1,Axis,Axis modular cameras,AXIS P12 Series,AXIS P1265 Mk II,,P1265 Mk II,part_number_variants,02858-021,$419.00 ,1920x1080 (2.1 MP),1920,1080,2.07,2.1 MP,"1/2.9""
3.7mm, F2.5
91°",1/2.9,3.7,3.7,2.5,91,91,91,,,25/30,,0.2/-,Forensic Capture / -,- / -,PoE Class 2,-,- / -,no,no,,"AXIS Object Analytics
AXIS Scene Metadata",,PVC free,-,,-,,no,,18,"{""Max. video resolution"": ""1920x1080 (2.1 MP)"", ""Sensor size/Lens/Horizontal field of view"": ""1/2.9\""\n3.7mm, F2.5\n91°"", ""Min. illumination (lux) Color/B&W"": ""0.2/-"", ""Max. frames per second"": ""25/30"", ""Sensitivity"": ""-"", ""Detection range (m/yd.)"": ""-"", ""Audio support/ Built-in mic"": ""- / -"", ""Included video analytics (for Axis video analytics, see page 4)"": ""AXIS Object Analytics\nAXIS Scene Metadata"", ""Power"": ""PoE Class 2"", ""In-/output ports"": ""-"", ""WDR/Lightfinder"": ""Forensic Capture / -"", ""Zipstream/H.264/H.265"": ""√ / √ / √"", ""OptimizedIR/Built-in IR"": ""- / -"", ""Secure Boot/Signed video/ Secure keystore"": ""√ / √ / √"", ""Sustainability"": ""PVC free"", ""Special features"": ""-"", ""Axis Part Number"": ""02858-001\n02858-021 (10 pcs)"", ""MSRP"": ""$419.00\n$4,189.00 (10 pcs)""}"
Q1_2026_CheatSheet_msrp_R3_lorez.pdf,16,1,Axis,Axis modular cameras,AXIS P12 Series,AXIS P1265 Mk II,3.7 mm,P1265 Mk II 3.7 mm,part_number_variants,02858-001,$419.00 ,1920x1080 (2.1 MP),1920,1080,2.07,2.1 MP,"1/2.9""
3.7mm, F2.5
91°",,3.7,3.7,2.5,2.5,,,3.7,,25/30,,0.2/-,Forensic Capture / -,- / -,PoE Class 2,-,- / -,no,no,,"AXIS Object Analytics
AXIS Scene Metadata",,PVC free,-,,-,,no,,18,"{""Max. video resolution"": ""1920x1080 (2.1 MP)"", ""Sensor size/Lens/Horizontal field of view"": ""1/2.9\""\n3.7mm, F2.5\n91°"", ""Min. illumination (lux) Color/B&W"": ""0.2/-"", ""Max. frames per second"": ""25/30"", ""Sensitivity"": ""-"", ""Detection range (m/yd.)"": ""-"", ""Audio support/ Built-in mic"": ""- / -"", ""Included video analytics (for Axis video analytics, see page 4)"": ""AXIS Object Analytics\nAXIS Scene Metadata"", ""Power"": ""PoE Class 2"", ""In-/output ports"": ""-"", ""WDR/Lightfinder"": ""Forensic Capture / -"", ""Zipstream/H.264/H.265"": ""√ / √ / √"", ""OptimizedIR/Built-in IR"": ""- / -"", ""Secure Boot/Signed video/ Secure keystore"": ""√ / √ / √"", ""Sustainability"": ""PVC free"", ""Special features"": ""-"", ""Axis Part Number"": ""02858-001\n02858-021 (10 pcs)"", ""MSRP"": ""$419.00\n$4,189.00 (10 pcs)""}"
Q1_2026_CheatSheet_msrp_R3_lorez.pdf,16,1,Axis,Axis modular cameras,AXIS P12 Series,AXIS P1275 Mk II,,P1275 Mk II,single_model,02859-001,$449.00 ,1920x1080 (2.1 MP),1920,1080,2.07,2.1 MP,"1/2.9""
2.8 - 6mm. F2.0
99 - 35°",1/2.9,2.8,6,2,99,35,35,,,25/30,,0.2/-,Forensic Capture / -,- / -,PoE Class 2,-,- / -,no,no,,"AXIS Object Analytics
AXIS Scene Metadata",,PVC free,-,,-,,no,,18,"{""Max. video resolution"": ""1920x1080 (2.1 MP)"", ""Sensor size/Lens/Horizontal field of view"": ""1/2.9\""\n2.8 - 6mm. F2.0\n99 - 35°"", ""Min. illumination (lux) Color/B&W"": ""0.2/-"", ""Max. frames per second"": ""25/30"", ""Sensitivity"": ""-"", ""Detection range (m/yd.)"": ""-"", ""Audio support/ Built-in mic"": ""- / -"", ""Included video analytics (for Axis video analytics, see page 4)"": ""AXIS Object Analytics\nAXIS Scene Metadata"", ""Power"": ""PoE Class 2"", ""In-/output ports"": ""-"", ""WDR/Lightfinder"": ""Forensic Capture / -"", ""Zipstream/H.264/H.265"": ""√ / √ / √"", ""OptimizedIR/Built-in IR"": ""- / -"", ""Secure Boot/Signed video/ Secure keystore"": ""√ / √ / √"", ""Sustainability"": ""PVC free"", ""Special features"": ""-"", ""Axis Part Number"": ""02859-001"", ""MSRP"": ""$449.00""}"
Q1_2026_CheatSheet_msrp_R3_lorez.pdf,12,1,Axis,Axis box cameras,AXIS P13 Series,AXIS P1385,,P1385,single_model,02733-001,$789.00 ,1920x1080 (2.1 MP),1920,1080,2.07,2.1 MP,"1/2.8”
2.8 – 13 mm, F1.4
121° – 26°",1/2.8,2.8,13,1.4,121,121,26,,,50/60,,0.05/0.01,Forensic WDR/Lightfinder 2.0,,"PoE Class 3, DC",2-Feb,√ / √,yes,yes,Deep learning processing unit,"AXIS Object Analytics
Audio detection
AXIS Video Motion Detection
AXIS Image Health Analytics
AXIS Live Privacy Shield
AXIS Scene Metadata",√ / √ / FIPS 140-2 Level 2,"PVC free, BFR/CFR free
3% biobased plastics","Edge-to-edge technology
Shock detection
Electronic image stabilization",,,,no,,18,"{""Max. video resolution"": ""1920x1080 (2.1 MP)"", ""Sensor size/Lens/Horizontal field of view"": ""1/2.8”\n2.8 – 13 mm, F1.4\n121° – 26°"", ""Min. illumination (lux) Color/B&W"": ""0.05/0.01"", ""Max. frames per second"": ""50/60"", ""Audio support/ Built-in mic"": ""√ / √"", ""Compute capabilities"": ""Deep learning processing unit"", ""Included video analytics (for Axis video analytics, see page 4)"": ""AXIS Object Analytics\nAudio detection\nAXIS Video Motion Detection\nAXIS Image Health Analytics\nAXIS Live Privacy Shield\nAXIS Scene Metadata"", ""Power"": ""PoE Class 3, DC"", ""In-/output ports"": ""2/2"", ""Approvals"": ""-"", ""WDR/Lightfinder"": ""Forensic WDR/Lightfinder 2.0"", ""Zipstream/ H.264/H.265/AV1"": ""√ / √ / √ / -"", ""OptimizedIR/ Built-in IR"": ""- / -"", ""Secure Boot/Signed video/Secure keystore"": ""√ / √ / FIPS 140-2 Level 2"", ""Sustainability"": ""PVC free, BFR/CFR free\n3% biobased plastics"", ""Special features"": ""Edge-to-edge technology\nShock detection\nElectronic image stabilization"", ""Axis Part Number"": ""02733-001"", ""MSRP"": ""$789.00""}"
Q1_2026_CheatSheet_msrp_R3_lorez.pdf,12,1,Axis,Axis box cameras,AXIS P13 Series,AXIS P1385-B,,P1385-B,single_model,02899-001,$739.00 ,1920x1080 (2.1 MP),1920,1080,2.07,2.1 MP,"1/2.8”, - , -",1/2.8,,,,,,,,,50/60,,- / -,Forensic WDR/Lightfinder 2.0,,"PoE Class 3, DC",2-Feb,√ / √,yes,yes,Deep learning processing unit,"AXIS Object Analytics
Audio detection
AXIS Video Motion Detection
AXIS Image Health Analytics
AXIS Live Privacy Shield
AXIS Scene Metadata",√ / √ / FIPS 140-2 Level 2,"PVC free, BFR/CFR free
3% biobased plastics","Edge-to-edge technology
Shock detection
Electronic image stabilization",,,,no,,18,"{""Max. video resolution"": ""1920x1080 (2.1 MP)"", ""Sensor size/Lens/Horizontal field of view"": ""1/2.8”, - , -"", ""Min. illumination (lux) Color/B&W"": ""- / -"", ""Max. frames per second"": ""50/60"", ""Audio support/ Built-in mic"": ""√ / √"", ""Compute capabilities"": ""Deep learning processing unit"", ""Included video analytics (for Axis video analytics, see page 4)"": ""AXIS Object Analytics\nAudio detection\nAXIS Video Motion Detection\nAXIS Image Health Analytics\nAXIS Live Privacy Shield\nAXIS Scene Metadata"", ""Power"": ""PoE Class 3, DC"", ""In-/output ports"": ""2/2"", ""Approvals"": ""-"", ""WDR/Lightfinder"": ""Forensic WDR/Lightfinder 2.0"", ""Zipstream/ H.264/H.265/AV1"": ""√ / √ / √ / -"", ""OptimizedIR/ Built-in IR"": ""- / -"", ""Secure Boot/Signed video/Secure keystore"": ""√ / √ / FIPS 140-2 Level 2"", ""Sustainability"": ""PVC free, BFR/CFR free\n3% biobased plastics"", ""Special features"": ""Edge-to-edge technology\nShock detection\nElectronic image stabilization"", ""Axis Part Number"": ""02899-001"", ""MSRP"": ""$739.00""}"
Q1_2026_CheatSheet_msrp_R3_lorez.pdf,12,1,Axis,Axis box cameras,AXIS P13 Series,AXIS P1385-BE,,P1385-BE,single_model,02900-001,$949.00 ,1920x1080 (2.1 MP),1920,1080,2.07,2.1 MP,"1/2.8”, - , -",1/2.8,,,,,,,,,50/60,,0.05/0.01,Forensic WDR/Lightfinder 2.0,,"PoE class 4, DC
PoE class 3 (with limited heater)",2-Feb,√ / -,yes,no,Deep learning processing unit,"AXIS Object Analytics
Audio detection
AXIS Video Motion Detection
AXIS Image Health Analytics
AXIS Live Privacy Shield
AXIS Scene Metadata",√ / √ / FIPS 140-2 Level 2,"PVC free, BFR/CFR free
36% biobased plastics","Edge-to-edge technology
Shock detection
Electronic image stabilization",,,,no,,18,"{""Max. video resolution"": ""1920x1080 (2.1 MP)"", ""Sensor size/Lens/Horizontal field of view"": ""1/2.8”, - , -"", ""Min. illumination (lux) Color/B&W"": ""0.05/0.01"", ""Max. frames per second"": ""50/60"", ""Audio support/ Built-in mic"": ""√ / -"", ""Compute capabilities"": ""Deep learning processing unit"", ""Included video analytics (for Axis video analytics, see page 4)"": ""AXIS Object Analytics\nAudio detection\nAXIS Video Motion Detection\nAXIS Image Health Analytics\nAXIS Live Privacy Shield\nAXIS Scene Metadata"", ""Power"": ""PoE class 4, DC\nPoE class 3 (with limited heater)"", ""In-/output ports"": ""2/2"", ""Approvals"": ""IP66/IP67/NEMA 4X, IK10"", ""WDR/Lightfinder"": ""Forensic WDR/Lightfinder 2.0"", ""Zipstream/ H.264/H.265/AV1"": ""√ / √ / √ / -"", ""OptimizedIR/ Built-in IR"": ""- / -"", ""Secure Boot/Signed video/Secure keystore"": ""√ / √ / FIPS 140-2 Level 2"", ""Sustainability"": ""PVC free, BFR/CFR free\n36% biobased plastics"", ""Special features"": ""Edge-to-edge technology\nShock detection\nElectronic image stabilization"", ""Axis Part Number"": ""02900-001"", ""MSRP"": ""$949.00""}"
Q1_2026_CheatSheet_msrp_R3_lorez.pdf,12,1,Axis,Axis box cameras,AXIS P13 Series,AXIS P1385-E,,P1385-E,single_model,02734-001,"$1,059.00 ",1920x1080 (2.1 MP),1920,1080,2.07,2.1 MP,"1/2.8”
2.8 – 13 mm, F1.4
121° – 26°",1/2.8,2.8,13,1.4,121,121,26,,,50/60,,0.05/0.01,Forensic WDR/Lightfinder 2.0,,"PoE class 4, DC
PoE class 3 (with limited heater)",2-Feb,√ / -,yes,no,Deep learning processing unit,"AXIS Object Analytics
Audio detection
AXIS Video Motion Detection
AXIS Image Health Analytics
AXIS Live Privacy Shield
AXIS Scene Metadata",√ / √ / FIPS 140-2 Level 2,"PVC free, BFR/CFR free
36% biobased plastics","Edge-to-edge technology
Shock detection
Electronic image stabilization",,,,no,,18,"{""Max. video resolution"": ""1920x1080 (2.1 MP)"", ""Sensor size/Lens/Horizontal field of view"": ""1/2.8”\n2.8 – 13 mm, F1.4\n121° – 26°"", ""Min. illumination (lux) Color/B&W"": ""0.05/0.01"", ""Max. frames per second"": ""50/60"", ""Audio support/ Built-in mic"": ""√ / -"", ""Compute capabilities"": ""Deep learning processing unit"", ""Included video analytics (for Axis video analytics, see page 4)"": ""AXIS Object Analytics\nAudio detection\nAXIS Video Motion Detection\nAXIS Image Health Analytics\nAXIS Live Privacy Shield\nAXIS Scene Metadata"", ""Power"": ""PoE class 4, DC\nPoE class 3 (with limited heater)"", ""In-/output ports"": ""2/2"", ""Approvals"": ""IP66/IP67/NEMA 4X, IK10"", ""WDR/Lightfinder"": ""Forensic WDR/Lightfinder 2.0"", ""Zipstream/ H.264/H.265/AV1"": ""√ / √ / √ / -"", ""OptimizedIR/ Built-in IR"": ""- / -"", ""Secure Boot/Signed video/Secure keystore"": ""√ / √ / FIPS 140-2 Level 2"", ""Sustainability"": ""PVC free, BFR/CFR free\n36% biobased plastics"", ""Special features"": ""Edge-to-edge technology\nShock detection\nElectronic image stabilization"", ""Axis Part Number"": ""02734-001"", ""MSRP"": ""$1,059.00""}"
Q1_2026_CheatSheet_msrp_R3_lorez.pdf,11,1,Axis,Axis box cameras,AXIS P13 Series,AXIS P1387,,P1387,single_model,02735-001,$899.00 ,2592x1944 (5 MP),2592,1944,5.04,5 MP,"1/2.7”
2.8 – 13 mm, F1.4
112° – 24°",1/2.7,2.8,13,1.4,112,112,24,,,50/60,,0.1/0.02,Forensic WDR/Lightfinder 2.0,- / -,"PoE Class 3, DC",2-Feb,√ / √,yes,yes,Deep learning processing unit,"AXIS Object Analytics
Audio detection
AXIS Video Motion Detection
AXIS Image Health Analytics
AXIS Live Privacy Shield
AXIS Scene Metadata",√ / √ / FIPS 140-2 Level 2,"PVC free, BFR/CFR free
3% biobased plastics","Edge-to-edge technology
Shock detection
Electronic image stabilization",,,,no,,17,"{""Max. video resolution"": ""2592x1944 (5 MP)"", ""Sensor size/Lens/Horizontal field of view"": ""1/2.7”\n2.8 – 13 mm, F1.4\n112° – 24°"", ""Min. illumination (lux) Color/B&W"": ""0.1/0.02"", ""Max. frames per second"": ""50/60"", ""Audio support/ Built-in mic"": ""√ / √"", ""Compute capabilities"": ""Deep learning processing unit"", ""Included video analytics (for Axis video analytics, see page 4)"": ""AXIS Object Analytics\nAudio detection\nAXIS Video Motion Detection\nAXIS Image Health Analytics\nAXIS Live Privacy Shield\nAXIS Scene Metadata"", ""Power"": ""PoE Class 3, DC"", ""In-/output ports"": ""2/2"", ""WDR/Lightfinder"": ""Forensic WDR/Lightfinder 2.0"", ""Zipstream/ H.264/H.265/AV1"": ""√ / √ / √ / -"", ""OptimizedIR/Built-in IR"": ""- / -"", ""Secure Boot/Signed video/Secure keystore"": ""√ / √ / FIPS 140-2 Level 2"", ""Sustainability"": ""PVC free, BFR/CFR free\n3% biobased plastics"", ""Special features"": ""Edge-to-edge technology\nShock detection\nElectronic image stabilization"", ""Axis Part Number"": ""02735-001"", ""MSRP"": ""$899.00""}"
Q1_2026_CheatSheet_msrp_R3_lorez.pdf,11,1,Axis,Axis box cameras,AXIS P13 Series,AXIS P1387-B,,P1387-B,single_model,02901-001,$849.00 ,2592x1944 (5 MP),2592,1944,5.04,5 MP,"1/2.7”, - , -",1/2.7,,,,,,,,,50/60,,- / -,Forensic WDR/Lightfinder 2.0,- / -,"PoE Class 3, DC",2-Feb,√ / √,yes,yes,Deep learning processing unit,"AXIS Object Analytics
Audio detection
AXIS Video Motion Detection
AXIS Image Health Analytics
AXIS Live Privacy Shield
AXIS Scene Metadata",√ / √ / FIPS 140-2 Level 2,"PVC free, BFR/CFR free
3% biobased plastics","Edge-to-edge technology
Shock detection
Electronic image stabilization",,,,no,,17,"{""Max. video resolution"": ""2592x1944 (5 MP)"", ""Sensor size/Lens/Horizontal field of view"": ""1/2.7”, - , -"", ""Min. illumination (lux) Color/B&W"": ""- / -"", ""Max. frames per second"": ""50/60"", ""Audio support/ Built-in mic"": ""√ / √"", ""Compute capabilities"": ""Deep learning processing unit"", ""Included video analytics (for Axis video analytics, see page 4)"": ""AXIS Object Analytics\nAudio detection\nAXIS Video Motion Detection\nAXIS Image Health Analytics\nAXIS Live Privacy Shield\nAXIS Scene Metadata"", ""Power"": ""PoE Class 3, DC"", ""In-/output ports"": ""2/2"", ""WDR/Lightfinder"": ""Forensic WDR/Lightfinder 2.0"", ""Zipstream/ H.264/H.265/AV1"": ""√ / √ / √ / -"", ""OptimizedIR/Built-in IR"": ""- / -"", ""Secure Boot/Signed video/Secure keystore"": ""√ / √ / FIPS 140-2 Level 2"", ""Sustainability"": ""PVC free, BFR/CFR free\n3% biobased plastics"", ""Special features"": ""Edge-to-edge technology\nShock detection\nElectronic image stabilization"", ""Axis Part Number"": ""02901-001"", ""MSRP"": ""$849.00""}"
Q1_2026_CheatSheet_msrp_R3_lorez.pdf,12,1,Axis,Axis box cameras,AXIS P13 Series,AXIS P1387-BE,,P1387-BE,single_model,02902-001,$979.00 ,2592x1944 (5 MP),2592,1944,5.04,5 MP,"1/2.7”, - , -",1/2.7,,,,,,,,,50/60,,0.1/0.02,Forensic WDR/Lightfinder 2.0,,"PoE class 4, DC
PoE class 3 (with limited heater)",2-Feb,√ / -,yes,no,Deep learning processing unit,"AXIS Object Analytics
Audio detection
AXIS Video Motion Detection
AXIS Image Health Analytics
AXIS Live Privacy Shield
AXIS Scene Metadata",√ / √ / FIPS 140-2 Level 2,"PVC free, BFR/CFR free
36% biobased plastics","Edge-to-edge technology
Shock detection
Electronic image stabilization",,,,no,,18,"{""Max. video resolution"": ""2592x1944 (5 MP)"", ""Sensor size/Lens/Horizontal field of view"": ""1/2.7”, - , -"", ""Min. illumination (lux) Color/B&W"": ""0.1/0.02"", ""Max. frames per second"": ""50/60"", ""Audio support/ Built-in mic"": ""√ / -"", ""Compute capabilities"": ""Deep learning processing unit"", ""Included video analytics (for Axis video analytics, see page 4)"": ""AXIS Object Analytics\nAudio detection\nAXIS Video Motion Detection\nAXIS Image Health Analytics\nAXIS Live Privacy Shield\nAXIS Scene Metadata"", ""Power"": ""PoE class 4, DC\nPoE class 3 (with limited heater)"", ""In-/output ports"": ""2/2"", ""Approvals"": ""IP66/IP67/NEMA 4X, IK10"", ""WDR/Lightfinder"": ""Forensic WDR/Lightfinder 2.0"", ""Zipstream/ H.264/H.265/AV1"": ""√ / √ / √ / -"", ""OptimizedIR/ Built-in IR"": ""- / -"", ""Secure Boot/Signed video/Secure keystore"": ""√ / √ / FIPS 140-2 Level 2"", ""Sustainability"": ""PVC free, BFR/CFR free\n36% biobased plastics"", ""Special features"": ""Edge-to-edge technology\nShock detection\nElectronic image stabilization"", ""Axis Part Number"": ""02902-001"", ""MSRP"": ""$979.00""}"
Q1_2026_CheatSheet_msrp_R3_lorez.pdf,12,1,Axis,Axis box cameras,AXIS P13 Series,AXIS P1387-LE,,P1387-LE,single_model,02736-001,"$1,199.00 ",2592x1944 (5 MP),2592,1944,5.04,5 MP,"1/2.7”
2.8 – 13 mm, F1.4
112° – 24°",1/2.7,2.8,13,1.4,112,112,24,,,50/60,,0.1/0.02,Forensic WDR/Lightfinder 2.0,,"PoE Class 4, DC",2-Feb,√ / -,yes,no,Deep learning processing unit,"AXIS Object Analytics
Audio detection
AXIS Video Motion Detection
AXIS Image Health Analytics
AXIS Live Privacy Shield
AXIS Scene Metadata",√ / √ / FIPS 140-2 Level 2,"PVC free, BFR/CFR free
36% biobased plastics","Edge-to-edge technology
Shock detection
Electronic image stabilization",,,,no,,18,"{""Max. video resolution"": ""2592x1944 (5 MP)"", ""Sensor size/Lens/Horizontal field of view"": ""1/2.7”\n2.8 – 13 mm, F1.4\n112° – 24°"", ""Min. illumination (lux) Color/B&W"": ""0.1/0.02"", ""Max. frames per second"": ""50/60"", ""Audio support/ Built-in mic"": ""√ / -"", ""Compute capabilities"": ""Deep learning processing unit"", ""Included video analytics (for Axis video analytics, see page 4)"": ""AXIS Object Analytics\nAudio detection\nAXIS Video Motion Detection\nAXIS Image Health Analytics\nAXIS Live Privacy Shield\nAXIS Scene Metadata"", ""Power"": ""PoE Class 4, DC"", ""In-/output ports"": ""2/2"", ""Approvals"": ""IP66/IP67/NEMA 4X, IK10"", ""WDR/Lightfinder"": ""Forensic WDR/Lightfinder 2.0"", ""Zipstream/ H.264/H.265/AV1"": ""√ / √ / √ / -"", ""OptimizedIR/ Built-in IR"": ""√ / √"", ""Secure Boot/Signed video/Secure keystore"": ""√ / √ / FIPS 140-2 Level 2"", ""Sustainability"": ""PVC free, BFR/CFR free\n36% biobased plastics"", ""Special features"": ""Edge-to-edge technology\nShock detection\nElectronic image stabilization"", ""Axis Part Number"": ""02736-001"", ""MSRP"": ""$1,199.00""}"
Q1_2026_CheatSheet_msrp_R3_lorez.pdf,11,1,Axis,Axis box cameras,AXIS P13 Series,AXIS P1388,,P1388,single_model,02737-001,$999.00 ,3840x2160 (8.3 MP),3840,2160,8.29,8.3 MP,"1/1.8""
3.9 – 10 mm, F1.5
122° – 46°",1/1.8,3.9,10,1.5,122,122,46,,,50/60,,0.15/0.03,Forensic WDR/Lightfinder 2.0,- / -,"PoE Class 3, DC",2-Feb,√ / √,yes,yes,Deep learning processing unit,"AXIS Object Analytics
Audio detection
AXIS Video Motion Detection
AXIS Image Health Analytics
AXIS Live Privacy Shield
AXIS Scene Metadata",√ / √ / FIPS 140-2 Level 2,"PVC free, BFR/CFR free
3% biobased plastics","Edge-to-edge technology
Shock detection
Electronic image stabilization",,,,no,,17,"{""Max. video resolution"": ""3840x2160 (8.3 MP)"", ""Sensor size/Lens/Horizontal field of view"": ""1/1.8\""\n3.9 – 10 mm, F1.5\n122° – 46°"", ""Min. illumination (lux) Color/B&W"": ""0.15/0.03"", ""Max. frames per second"": ""50/60"", ""Audio support/ Built-in mic"": ""√ / √"", ""Compute capabilities"": ""Deep learning processing unit"", ""Included video analytics (for Axis video analytics, see page 4)"": ""AXIS Object Analytics\nAudio detection\nAXIS Video Motion Detection\nAXIS Image Health Analytics\nAXIS Live Privacy Shield\nAXIS Scene Metadata"", ""Power"": ""PoE Class 3, DC"", ""In-/output ports"": ""2/2"", ""WDR/Lightfinder"": ""Forensic WDR/Lightfinder 2.0"", ""Zipstream/ H.264/H.265/AV1"": ""√ / √ / √ / -"", ""OptimizedIR/Built-in IR"": ""- / -"", ""Secure Boot/Signed video/Secure keystore"": ""√ / √ / FIPS 140-2 Level 2"", ""Sustainability"": ""PVC free, BFR/CFR free\n3% biobased plastics"", ""Special features"": ""Edge-to-edge technology\nShock detection\nElectronic image stabilization"", ""Axis Part Number"": ""02737-001"", ""MSRP"": ""$999.00""}"
Q1_2026_CheatSheet_msrp_R3_lorez.pdf,11,1,Axis,Axis box cameras,AXIS P13 Series,AXIS P1388-B,,P1388-B,single_model,02903-001,$949.00 ,3840x2160 (8.3 MP),3840,2160,8.29,8.3 MP,"1/1.8"", -, -",1/1.8,,,,,,,,,50/60,,- / -,Forensic WDR/Lightfinder 2.0,- / -,"PoE Class 3, DC",2-Feb,√ / √,yes,yes,Deep learning processing unit,"AXIS Object Analytics
Audio detection
AXIS Video Motion Detection
AXIS Image Health Analytics
AXIS Live Privacy Shield
AXIS Scene Metadata",√ / √ / FIPS 140-2 Level 2,"PVC free, BFR/CFR free
3% biobased plastics","Edge-to-edge technology
Shock detection
Electronic image stabilization",,,,no,,17,"{""Max. video resolution"": ""3840x2160 (8.3 MP)"", ""Sensor size/Lens/Horizontal field of view"": ""1/1.8\"", -, -"", ""Min. illumination (lux) Color/B&W"": ""- / -"", ""Max. frames per second"": ""50/60"", ""Audio support/ Built-in mic"": ""√ / √"", ""Compute capabilities"": ""Deep learning processing unit"", ""Included video analytics (for Axis video analytics, see page 4)"": ""AXIS Object Analytics\nAudio detection\nAXIS Video Motion Detection\nAXIS Image Health Analytics\nAXIS Live Privacy Shield\nAXIS Scene Metadata"", ""Power"": ""PoE Class 3, DC"", ""In-/output ports"": ""2/2"", ""WDR/Lightfinder"": ""Forensic WDR/Lightfinder 2.0"", ""Zipstream/ H.264/H.265/AV1"": ""√ / √ / √ / -"", ""OptimizedIR/Built-in IR"": ""- / -"", ""Secure Boot/Signed video/Secure keystore"": ""√ / √ / FIPS 140-2 Level 2"", ""Sustainability"": ""PVC free, BFR/CFR free\n3% biobased plastics"", ""Special features"": ""Edge-to-edge technology\nShock detection\nElectronic image stabilization"", ""Axis Part Number"": ""02903-001"", ""MSRP"": ""$949.00""}"
Q1_2026_CheatSheet_msrp_R3_lorez.pdf,12,1,Axis,Axis box cameras,AXIS P13 Series,AXIS P1388-BE,,P1388-BE,single_model,02904-001,"$1,089.00 ",3840x2160 (8.3 MP),3840,2160,8.29,8.3 MP,"1/1.8"", - , -",1/1.8,,,,,,,,,50/60,,0.15/0.03,Forensic WDR/Lightfinder 2.0,,"PoE class 4, DC
PoE class 3 (with limited heater)",2-Feb,√ / -,yes,no,Deep learning processing unit,"AXIS Object Analytics
Audio detection
AXIS Video Motion Detection
AXIS Image Health Analytics
AXIS Live Privacy Shield
AXIS Scene Metadata",√ / √/ FIPS 140-2 Level 2,"PVC free, BFR/CFR free
36% biobased plastics","Edge-to-edge technology
Shock detection
Electronic image stabilization",,,,no,,18,"{""Max. video resolution"": ""3840x2160 (8.3 MP)"", ""Sensor size/Lens/Horizontal field of view"": ""1/1.8\"", - , -"", ""Min. illumination (lux) Color/B&W"": ""0.15/0.03"", ""Max. frames per second"": ""50/60"", ""Audio support/ Built-in mic"": ""√ / -"", ""Compute capabilities"": ""Deep learning processing unit"", ""Included video analytics (for Axis video analytics, see page 4)"": ""AXIS Object Analytics\nAudio detection\nAXIS Video Motion Detection\nAXIS Image Health Analytics\nAXIS Live Privacy Shield\nAXIS Scene Metadata"", ""Power"": ""PoE class 4, DC\nPoE class 3 (with limited heater)"", ""In-/output ports"": ""2/2"", ""Approvals"": ""IP66/IP67/NEMA 4X, IK10"", ""WDR/Lightfinder"": ""Forensic WDR/Lightfinder 2.0"", ""Zipstream/ H.264/H.265/AV1"": ""√ / √ / √ / -"", ""OptimizedIR/ Built-in IR"": ""- / -"", ""Secure Boot/Signed video/Secure keystore"": ""√ / √/ FIPS 140-2 Level 2"", ""Sustainability"": ""PVC free, BFR/CFR free\n36% biobased plastics"", ""Special features"": ""Edge-to-edge technology\nShock detection\nElectronic image stabilization"", ""Axis Part Number"": ""02904-001"", ""MSRP"": ""$1,089.00""}"
Q1_2026_CheatSheet_msrp_R3_lorez.pdf,12,1,Axis,Axis box cameras,AXIS P13 Series,AXIS P1388-LE,,P1388-LE,single_model,02738-001,"$1,299.00 ",3840x2160 (8.3 MP),3840,2160,8.29,8.3 MP,"1/1.8""
3.9 – 10 mm, F1.5
122° – 46°",1/1.8,3.9,10,1.5,122,122,46,,,50/60,,0.15/0.03,Forensic WDR/Lightfinder 2.0,,"PoE Class 4, DC",2-Feb,√ / -,yes,no,Deep learning processing unit,"AXIS Object Analytics
Audio detection
AXIS Video Motion Detection
AXIS Image Health Analytics
AXIS Live Privacy Shield
AXIS Scene Metadata",√ / √ / FIPS 140-2 Level 2,"PVC free, BFR/CFR free
36% biobased plastics","Edge-to-edge technology
Shock detection
Electronic image stabilization",,,,no,,18,"{""Max. video resolution"": ""3840x2160 (8.3 MP)"", ""Sensor size/Lens/Horizontal field of view"": ""1/1.8\""\n3.9 – 10 mm, F1.5\n122° – 46°"", ""Min. illumination (lux) Color/B&W"": ""0.15/0.03"", ""Max. frames per second"": ""50/60"", ""Audio support/ Built-in mic"": ""√ / -"", ""Compute capabilities"": ""Deep learning processing unit"", ""Included video analytics (for Axis video analytics, see page 4)"": ""AXIS Object Analytics\nAudio detection\nAXIS Video Motion Detection\nAXIS Image Health Analytics\nAXIS Live Privacy Shield\nAXIS Scene Metadata"", ""Power"": ""PoE Class 4, DC"", ""In-/output ports"": ""2/2"", ""Approvals"": ""IP66/IP67/NEMA 4X, IK10"", ""WDR/Lightfinder"": ""Forensic WDR/Lightfinder 2.0"", ""Zipstream/ H.264/H.265/AV1"": ""√ / √ / √ / -"", ""OptimizedIR/ Built-in IR"": ""√ / √"", ""Secure Boot/Signed video/Secure keystore"": ""√ / √ / FIPS 140-2 Level 2"", ""Sustainability"": ""PVC free, BFR/CFR free\n36% biobased plastics"", ""Special features"": ""Edge-to-edge technology\nShock detection\nElectronic image stabilization"", ""Axis Part Number"": ""02738-001"", ""MSRP"": ""$1,299.00""}"
Q1_2026_CheatSheet_msrp_R3_lorez.pdf,15,1,Axis,Axis bullet cameras,AXIS P14 Series,AXIS P1465-LE-3 License Plate Verifier Kit,,P1465-LE-3 License Plate Verifier Kit,single_model,02811-001,"$1,419.00 ",1920x1080 (2.1 MP),1920,1080,2.07,2.1 MP,"1/2.8”
10.9 - 29 mm, F1.7 - 1.7
29° – 11°",1/2.8,10.9,29,1.7,1.7,29,11,,,25/30,3x,0.07/0.00,Forensic WDR/Lightfinder 2.0,√ / √,"PoE Class 3, DC",1-Jan,√ / -,yes,no,Deep learning processing unit,"AXIS License Plate Verifier
Audio detection
AXIS Video Motion Detection
AXIS Image Health Analytics",√ / √ / √,"PVC free, BFR/CFR free","Edge-to-edge technology
Shock detection
Vehicle speed up to 105 km/h (65 mph)
IP66/IP67/NEMA 4X, IK10",,,,no,,18,"{""Max. video resolution"": ""1920x1080 (2.1 MP)"", ""Sensor size/Lens/Horizontal field of view"": ""1/2.8”\n10.9 - 29 mm, F1.7 - 1.7\n29° – 11°"", ""Min. illumination (lux) Color/B&W"": ""0.07/0.00"", ""Max. frames per second"": ""25/30"", ""Optical zoom"": ""3x"", ""Audio support/ Built-in mic"": ""√ / -"", ""Compute capabilities"": ""Deep learning processing unit"", ""Included video analytics (for Axis video analytics, see page 4)"": ""AXIS License Plate Verifier\nAudio detection\nAXIS Video Motion Detection\nAXIS Image Health Analytics"", ""Power"": ""PoE Class 3, DC"", ""In-/output ports"": ""1/1"", ""WDR/Lightfinder"": ""Forensic WDR/Lightfinder 2.0"", ""Zipstream/ H.264/H.265/AV1"": ""√ / √ / √ / -"", ""OptimizedIR/Built-in IR"": ""√ / √"", ""Secure Boot/Signed video/Secure keystore"": ""√ / √ / √"", ""Sustainability"": ""PVC free, BFR/CFR free"", ""Special features"": ""Edge-to-edge technology\nShock detection\nVehicle speed up to 105 km/h (65 mph)\nIP66/IP67/NEMA 4X, IK10"", ""Axis Part Number"": ""02811-001"", ""MSRP"": ""$1,419.00""}"
Q1_2026_CheatSheet_msrp_R3_lorez.pdf,35,2,Axis,Explosion-protected devices,Zone 2/Division 2 - cameras,AXIS P1468-XLE,,P1468-XLE,single_model,02534-001,"$3,179.00 ",3840x2160,3840,2160,8.29,,"1/1.2”
6.2 – 12.9 mm, F1.6 – 2.9
108° – 49°",1/1.2,6.2,12.9,1.6,2.9,108,49,,,25/30,2x,,Forensic WDR / Lightfinder 2.0,,"PoE Class 3, 12 - 28 V DC",1-Jan,,,,,"Smoke Alert
AXIS Object Analytics (with PPE monitoring
AXIS Video Motion Detection
AXIS Image Health Analytics
AXIS Live Privacy Shield
AXIS Scene Metadata",√ / √ / √,"PVC free, BFR/CFR free","IK10
Shock detection
Edge-to-edge technology
IP66/IP67/NEMA 250 Type 4X",,,,no,,16,"{""Max. video resolution"": ""3840x2160"", ""Sensor size/Lens/Horizontal field of view"": ""1/1.2”\n6.2 – 12.9 mm, F1.6 – 2.9\n108° – 49°"", ""Min. illumination (lux)Color/B&W"": ""0.07/0.00"", ""Max. frames per second"": ""25/30"", ""Optical zoom"": ""2x"", ""Included video analytics (for Axis video analytics, see page 4)"": ""Smoke Alert\nAXIS Object Analytics (with PPE monitoring\nAXIS Video Motion Detection\nAXIS Image Health Analytics\nAXIS Live Privacy Shield\nAXIS Scene Metadata"", ""Power"": ""PoE Class 3, 12 - 28 V DC"", ""In-/output ports"": ""1/1"", ""WDR/Lightfinder"": ""Forensic WDR / Lightfinder 2.0"", ""Zipstream/H.264/H.265"": ""√ / √ / √"", ""Certifications"": ""ATEX, IECEx, cULus\nINMETRO, PESO, JPEx, KCs, OSHA (TW)"", ""Secure Boot/ Signed video/Secure keystore"": ""√ / √ / √"", ""Sustainability"": ""PVC free, BFR/CFR free"", ""Special features"": ""IK10\nShock detection\nEdge-to-edge technology\nIP66/IP67/NEMA 250 Type 4X"", ""Axis Part Number"": ""02534-001"", ""MSRP"": ""$3,179.00""}"
Q1_2026_CheatSheet_msrp_R3_lorez.pdf,15,1,Axis,Axis bullet cameras,AXIS P14 Series,AXIS P1475-LE,,P1475-LE,single_model,03181-001,$699.00 ,1920x1080 (2.1 MP),1920,1080,2.07,2.1 MP,"1/1.2""
3.1-9 mm, F1.6-2.9
117˚-36˚",1/1.2,3.1,9,1.6,2.9,,,,,50/60,2.91,0.06/0.00,Forensic WDR/Lightfinder 2.0,√ / √,PoE Class 3,1-Jan,√ / -,yes,no,Deep learning processing unit,"AXIS Object Analytics
AXIS Video Motion Detection
AXIS Image Health Analytics
AXIS Scene Metadata
AXIS Live Privacy Shield",√ / √ / FIPS 140-2 Level 3,"PVC free, BFR/CFR free","Electronic Image Stabilization
Edge-to-edge technology
Shock detection
IP66/IP67/NEMA 4X, IK10",,,,no,,18,"{""Max. video resolution"": ""1920x1080 (2.1 MP)"", ""Sensor size/Lens/Horizontal field of view"": ""1/1.2\""\n3.1-9 mm, F1.6-2.9\n117˚-36˚"", ""Min. illumination (lux) Color/B&W"": ""0.06/0.00"", ""Max. frames per second"": ""50/60"", ""Optical zoom"": ""2.91"", ""Audio support/ Built-in mic"": ""√ / -"", ""Compute capabilities"": ""Deep learning processing unit"", ""Included video analytics (for Axis video analytics, see page 4)"": ""AXIS Object Analytics\nAXIS Video Motion Detection\nAXIS Image Health Analytics\nAXIS Scene Metadata\nAXIS Live Privacy Shield"", ""Power"": ""PoE Class 3"", ""In-/output ports"": ""1/1"", ""WDR/Lightfinder"": ""Forensic WDR/Lightfinder 2.0"", ""Zipstream/ H.264/H.265/AV1"": ""√ / √ / √ / √"", ""OptimizedIR/Built-in IR"": ""√ / √"", ""Secure Boot/Signed video/Secure keystore"": ""√ / √ / FIPS 140-2 Level 3"", ""Sustainability"": ""PVC free, BFR/CFR free"", ""Special features"": ""Electronic Image Stabilization\nEdge-to-edge technology\nShock detection\nIP66/IP67/NEMA 4X, IK10"", ""Axis Part Number"": ""03181-001"", ""MSRP"": ""$699.00""}"
Q1_2026_CheatSheet_msrp_R3_lorez.pdf,15,1,Axis,Axis bullet cameras,AXIS P14 Series,AXIS P1485-LE,,P1485-LE,single_model,03182-001,$849.00 ,1920x1080 (2.1 MP),1920,1080,2.07,2.1 MP,"1/2.8”
10.8-28.2 mm, F1.7-1.76
29.4°-11°",1/2.8,10.8,28.2,1.7,1.76,29.4,11,,,50/60,2.61x,0.06/0.00,Forensic WDR/Lightfinder 2.0,√ / √,"PoE Class 3, DC",1-Jan,√ / -,yes,no,Deep learning processing unit,"AXIS Object Analytics
AXIS Video Motion Detection
AXIS Image Health Analytics
AXIS Scene Metadata
AXIS Live Privacy Shield",√ / √ / FIPS 140-2 Level 3,"PVC free, BFR/CFR free","Electronic Image Stabilization
Edge-to-edge technology
Shock detection
IP66/IP67/NEMA 4X, IK10",,,,no,,18,"{""Max. video resolution"": ""1920x1080 (2.1 MP)"", ""Sensor size/Lens/Horizontal field of view"": ""1/2.8”\n10.8-28.2 mm, F1.7-1.76\n29.4°-11°"", ""Min. illumination (lux) Color/B&W"": ""0.06/0.00"", ""Max. frames per second"": ""50/60"", ""Optical zoom"": ""2.61x"", ""Audio support/ Built-in mic"": ""√ / -"", ""Compute capabilities"": ""Deep learning processing unit"", ""Included video analytics (for Axis video analytics, see page 4)"": ""AXIS Object Analytics\nAXIS Video Motion Detection\nAXIS Image Health Analytics\nAXIS Scene Metadata\nAXIS Live Privacy Shield"", ""Power"": ""PoE Class 3, DC"", ""In-/output ports"": ""1/1"", ""WDR/Lightfinder"": ""Forensic WDR/Lightfinder 2.0"", ""Zipstream/ H.264/H.265/AV1"": ""√ / √ / √ / √"", ""OptimizedIR/Built-in IR"": ""√ / √"", ""Secure Boot/Signed video/Secure keystore"": ""√ / √ / FIPS 140-2 Level 3"", ""Sustainability"": ""PVC free, BFR/CFR free"", ""Special features"": ""Electronic Image Stabilization\nEdge-to-edge technology\nShock detection\nIP66/IP67/NEMA 4X, IK10"", ""Axis Part Number"": ""03182-001"", ""MSRP"": ""$849.00""}"
Q1_2026_CheatSheet_msrp_R3_lorez.pdf,15,1,Axis,Axis bullet cameras,AXIS P14 Series,AXIS P1487-LE,,P1487-LE,single_model,03183-001,$899.00 ,2592x1944 (5 MP),2592,1944,5.04,5 MP,"1/2.8”,
3–8.5 mm, F1.36-2.58
106°-35°",1/2.8,3,8.5,1.36,2.58,106,35,,,25/30,2.86x,0.09/0.00,Forensic WDR/Lightfinder 2.0,√ / √,"PoE Class 3, DC",1-Jan,√ / -,yes,no,Deep learning processing unit,"AXIS Object Analytics
AXIS Video Motion Detection
AXIS Image Health Analytics
AXIS Scene Metadata
AXIS Live Privacy Shield",√ / √ / FIPS 140-2 Level 3,"PVC free, BFR/CFR free","Electronic Image Stabilization
Edge-to-edge technology
Shock detection
IP66/IP67/NEMA 4X, IK10",,,,no,,18,"{""Max. video resolution"": ""2592x1944 (5 MP)"", ""Sensor size/Lens/Horizontal field of view"": ""1/2.8”,\n3–8.5 mm, F1.36-2.58\n106°-35°"", ""Min. illumination (lux) Color/B&W"": ""0.09/0.00"", ""Max. frames per second"": ""25/30"", ""Optical zoom"": ""2.86x"", ""Audio support/ Built-in mic"": ""√ / -"", ""Compute capabilities"": ""Deep learning processing unit"", ""Included video analytics (for Axis video analytics, see page 4)"": ""AXIS Object Analytics\nAXIS Video Motion Detection\nAXIS Image Health Analytics\nAXIS Scene Metadata\nAXIS Live Privacy Shield"", ""Power"": ""PoE Class 3, DC"", ""In-/output ports"": ""1/1"", ""WDR/Lightfinder"": ""Forensic WDR/Lightfinder 2.0"", ""Zipstream/ H.264/H.265/AV1"": ""√ / √ / √ / √"", ""OptimizedIR/Built-in IR"": ""√ / √"", ""Secure Boot/Signed video/Secure keystore"": ""√ / √ / FIPS 140-2 Level 3"", ""Sustainability"": ""PVC free, BFR/CFR free"", ""Special features"": ""Electronic Image Stabilization\nEdge-to-edge technology\nShock detection\nIP66/IP67/NEMA 4X, IK10"", ""Axis Part Number"": ""03183-001"", ""MSRP"": ""$899.00""}"
Q1_2026_CheatSheet_msrp_R3_lorez.pdf,15,1,Axis,Axis bullet cameras,AXIS P14 Series,AXIS P1488-LE,,P1488-LE,single_model,03184-001,"$1,099.00 ",3840x2160 (8.3 MP),3840,2160,8.29,8.3 MP,"1/1.2”
5.9 – 13.8 mm, F1.5-2.8
114°-46",1/1.2,5.9,13.8,1.5,2.8,114,46,,,50/60,2.35x,0.06/0.00,Forensic WDR/Lightfinder 2.0,√ / √,"PoE Class 3, DC",1-Jan,√ / -,yes,no,Deep learning processing unit,"AXIS Object Analytics
AXIS Video Motion Detection
AXIS Image Health Analytics
AXIS Scene Metadata
AXIS Live Privacy Shield",√ / √ / FIPS 140-2 Level 3,"PVC free, BFR/CFR free","Electronic Image Stabilization
Edge-to-edge technology
Shock detection
IP66/IP67/NEMA 4X, IK10",,,,no,,18,"{""Max. video resolution"": ""3840x2160 (8.3 MP)"", ""Sensor size/Lens/Horizontal field of view"": ""1/1.2”\n5.9 – 13.8 mm, F1.5-2.8\n114°-46"", ""Min. illumination (lux) Color/B&W"": ""0.06/0.00"", ""Max. frames per second"": ""50/60"", ""Optical zoom"": ""2.35x"", ""Audio support/ Built-in mic"": ""√ / -"", ""Compute capabilities"": ""Deep learning processing unit"", ""Included video analytics (for Axis video analytics, see page 4)"": ""AXIS Object Analytics\nAXIS Video Motion Detection\nAXIS Image Health Analytics\nAXIS Scene Metadata\nAXIS Live Privacy Shield"", ""Power"": ""PoE Class 3, DC"", ""In-/output ports"": ""1/1"", ""WDR/Lightfinder"": ""Forensic WDR/Lightfinder 2.0"", ""Zipstream/ H.264/H.265/AV1"": ""√ / √ / √ / √"", ""OptimizedIR/Built-in IR"": ""√ / √"", ""Secure Boot/Signed video/Secure keystore"": ""√ / √ / FIPS 140-2 Level 3"", ""Sustainability"": ""PVC free, BFR/CFR free"", ""Special features"": ""Electronic Image Stabilization\nEdge-to-edge technology\nShock detection\nIP66/IP67/NEMA 4X, IK10"", ""Axis Part Number"": ""03184-001"", ""MSRP"": ""$1,099.00""}"
Q1_2026_CheatSheet_msrp_R3_lorez.pdf,11,1,Axis,Axis box cameras,AXIS P15 Series,AXIS P1518-E,,P1518-E,single_model,02758-001,"$1,599.00 ",3840x2160 (8.3 MP),3840,2160,8.29,8.3 MP,"8 MP: 1x 1/1.2'', 5.85 mm
F1.5, 113.8°
2 MP: 1x 1/2.8'', 10.9 – 29 mm F1.7, 29°– 11°",1/1.2,5.85,29,1.5,1.7,113.8,2,,,"8 MP: 25/30
2 MP: 50/60",,"8 MP: 0.05/0.01
2 MP: 0.06/0.01",Forensic WDR/Lightfinder 2.0,- / -,"PoE Class 4, DC",2-Feb,√ /,yes,,Deep learning processing unit,"AXIS Object Analytics
AXIS Scene Metadata
AXIS Video Motion Detection
Audio Detection",√ / √ / FIPS 140-3 Level 3,"PVC free, BFR/CFR free
56% biobased plastics","Edge-to-edge technology
Shock detection
Power profiles
Electronic image stabilization
IP66/IP67/NEMA 4X, IK10",,,,no,,17,"{""Max. video resolution"": ""3840x2160 (8.3 MP)"", ""Sensor size/Lens/Horizontal field of view"": ""8 MP: 1x 1/1.2'', 5.85 mm\nF1.5, 113.8°\n2 MP: 1x 1/2.8'', 10.9 – 29 mm F1.7, 29°– 11°"", ""Min. illumination (lux) Color/B&W"": ""8 MP: 0.05/0.01\n2 MP: 0.06/0.01"", ""Max. frames per second"": ""8 MP: 25/30\n2 MP: 50/60"", ""Audio support/ Built-in mic"": ""√ /"", ""Compute capabilities"": ""Deep learning processing unit"", ""Included video analytics (for Axis video analytics, see page 4)"": ""AXIS Object Analytics\nAXIS Scene Metadata\nAXIS Video Motion Detection\nAudio Detection"", ""Power"": ""PoE Class 4, DC"", ""In-/output ports"": ""2/2"", ""WDR/Lightfinder"": ""Forensic WDR/Lightfinder 2.0"", ""Zipstream/ H.264/H.265/AV1"": ""√ / √ / √ / -"", ""OptimizedIR/Built-in IR"": ""- / -"", ""Secure Boot/Signed video/Secure keystore"": ""√ / √ / FIPS 140-3 Level 3"", ""Sustainability"": ""PVC free, BFR/CFR free\n56% biobased plastics"", ""Special features"": ""Edge-to-edge technology\nShock detection\nPower profiles\nElectronic image stabilization\nIP66/IP67/NEMA 4X, IK10"", ""Axis Part Number"": ""02758-001"", ""MSRP"": ""$1,599.00""}"
Q1_2026_CheatSheet_msrp_R3_lorez.pdf,11,1,Axis,Axis box cameras,AXIS P15 Series,AXIS P1518-LE,,P1518-LE,single_model,02757-001,"$1,749.00 ",3840x2160 (8.3 MP),3840,2160,8.29,8.3 MP,"8 MP: 1x 1/1.2'', 5.85 mm
F1.5, 113.8°
2 MP: 1x 1/2.8'', 10.9 – 29 mm F1.7, 29°– 11°",1/1.2,5.85,29,1.5,1.7,113.8,2,,,"8 MP: 25/30
2 MP: 50/60",,"8 MP: 0.05/0.00
2 MP: 0.06/0.00",Forensic WDR/Lightfinder 2.0,√ / √,"PoE Class 4, DC",2-Feb,√ / -,yes,no,Deep learning processing unit,"AXIS Object Analytics
AXIS Scene Metadata
AXIS Video Motion Detection
Audio Detection",√ / √ / FIPS 140-3 Level 3,"PVC free, BFR/CFR free
56% biobased plastics","Edge-to-edge technology
Shock detection
Power profiles
Electronic image stabilization
IP66/IP67/NEMA 4X, IK10",,,,no,,17,"{""Max. video resolution"": ""3840x2160 (8.3 MP)"", ""Sensor size/Lens/Horizontal field of view"": ""8 MP: 1x 1/1.2'', 5.85 mm\nF1.5, 113.8°\n2 MP: 1x 1/2.8'', 10.9 – 29 mm F1.7, 29°– 11°"", ""Min. illumination (lux) Color/B&W"": ""8 MP: 0.05/0.00\n2 MP: 0.06/0.00"", ""Max. frames per second"": ""8 MP: 25/30\n2 MP: 50/60"", ""Audio support/ Built-in mic"": ""√ / -"", ""Compute capabilities"": ""Deep learning processing unit"", ""Included video analytics (for Axis video analytics, see page 4)"": ""AXIS Object Analytics\nAXIS Scene Metadata\nAXIS Video Motion Detection\nAudio Detection"", ""Power"": ""PoE Class 4, DC"", ""In-/output ports"": ""2/2"", ""WDR/Lightfinder"": ""Forensic WDR/Lightfinder 2.0"", ""Zipstream/ H.264/H.265/AV1"": ""√ / √/ √ / -"", ""OptimizedIR/Built-in IR"": ""√ / √"", ""Secure Boot/Signed video/Secure keystore"": ""√ / √ / FIPS 140-3 Level 3"", ""Sustainability"": ""PVC free, BFR/CFR free\n56% biobased plastics"", ""Special features"": ""Edge-to-edge technology\nShock detection\nPower profiles\nElectronic image stabilization\nIP66/IP67/NEMA 4X, IK10"", ""Axis Part Number"": ""02757-001"", ""MSRP"": ""$1,749.00""}"
Q1_2026_CheatSheet_msrp_R3_lorez.pdf,22,1,Axis,Axis dome cameras,AXIS P32 Series,AXIS P3265-V,,P3265-V,single_model,02326-001,$589.00 ,1920x1080 (2.1 MP),1920,1080,2.07,2.1 MP,"1/2.8”
3.4 – 8.9 mm, F1.8
100°- 36°",1/2.8,3.4,8.9,1.8,100,100,36,,,50/60,,,"Forensic WDR/
Lightfinder 2.0",- / -,Poe Class 2,1-Jan,√ / -,yes,no,Deep learning processing unit,"AXIS Object Analytics
Audio detection
AXIS Video Motion Detection
AXIS Image Health Analytics
AXIS Live Privacy Shield
AXIS Scene Metadata",√ / √ / √,"PVC free, BFR/CFR free
26,6% recycled plastic","Edge-to-edge-technology
Conduit-ready
IK10",,,,no,,17,"{""Max. video resolution"": ""1920x1080 (2.1 MP)"", ""Sensor size/Lens/Horizontal field of view"": ""1/2.8”\n3.4 – 8.9 mm, F1.8\n100°- 36°"", ""Min. illumination (lux) Color/ B&W"": ""0.1/0.02"", ""Max. frames per second"": ""50/60"", ""Audio support/ Built-in mic"": ""√ / -"", ""Compute capabilites"": ""Deep learning processing unit"", ""Included video analytics (for Axis video analytics, see page 4)"": ""AXIS Object Analytics\nAudio detection\nAXIS Video Motion Detection\nAXIS Image Health Analytics\nAXIS Live Privacy Shield\nAXIS Scene Metadata"", ""Power"": ""Poe Class 2"", ""In-/output ports"": ""1/1"", ""WDR/Lightfinder"": ""Forensic WDR/\nLightfinder 2.0"", ""Zipstream/ H.264/H.265/AV1"": ""√ / √ / √ / -"", ""OptimizedIR/Built-in IR"": ""- / -"", ""Secure Boot/Signed video/Secure keystore"": ""√ / √ / √"", ""Sustainability"": ""PVC free, BFR/CFR free\n26,6% recycled plastic"", ""Special features"": ""Edge-to-edge-technology\nConduit-ready\nIK10"", ""Axis Part Number"": ""02326-001"", ""MSRP"": ""$589.00""}"
Q1_2026_CheatSheet_msrp_R3_lorez.pdf,22,1,Axis,Axis dome cameras,AXIS P32 Series,AXIS P3268-SLVE,,P3268-SLVE,single_model,02710-001,"$1,429.00 ","3840x2160 (8,3MP)",3840,2160,8.29,"8,3MP","1/1.8”
4.3 – 8.6 mm, F1.5
100°– 53°",1/1.8,4.3,8.6,1.5,100,100,53,,,25/30,,,"Forensic WDR/
Lightfinder 2.0",√ / √,Poe Class 3,1-Jan,√ / -,yes,no,Deep learning processing unit,"AXIS Object Analytics
Audio detection
AXIS Video Motion Detection
AXIS Image Health Analytics
AXIS Live Privacy Shield
AXIS Scene Metadata",√ / √ / √,"PVC free, BFR/CFR free","Case open sensor
Conduit-ready
Edge-to-edge technology
NSF/ANSI Standard 169, DNV
IP66/NEMA 250 Type 4X/
NEMA TS 2 (2.2.7-2.2.9),
IK10, IP6K9K",,,,no,,17,"{""Max. video resolution"": ""3840x2160 (8,3MP)"", ""Sensor size/Lens/Horizontal field of view"": ""1/1.8”\n4.3 – 8.6 mm, F1.5\n100°– 53°"", ""Min. illumination (lux) Color/ B&W"": ""0.14/0.00"", ""Max. frames per second"": ""25/30"", ""Audio support/ Built-in mic"": ""√ / -"", ""Compute capabilites"": ""Deep learning processing unit"", ""Included video analytics (for Axis video analytics, see page 4)"": ""AXIS Object Analytics\nAudio detection\nAXIS Video Motion Detection\nAXIS Image Health Analytics\nAXIS Live Privacy Shield\nAXIS Scene Metadata"", ""Power"": ""Poe Class 3"", ""In-/output ports"": ""1/1"", ""WDR/Lightfinder"": ""Forensic WDR/\nLightfinder 2.0"", ""Zipstream/ H.264/H.265/AV1"": ""√ / √ / √ / -"", ""OptimizedIR/Built-in IR"": ""√ / √"", ""Secure Boot/Signed video/Secure keystore"": ""√ / √ / √"", ""Sustainability"": ""PVC free, BFR/CFR free"", ""Special features"": ""Case open sensor\nConduit-ready\nEdge-to-edge technology\nNSF/ANSI Standard 169, DNV\nIP66/NEMA 250 Type 4X/\nNEMA TS 2 (2.2.7-2.2.9),\nIK10, IP6K9K"", ""Axis Part Number"": ""02710-001"", ""MSRP"": ""$1,429.00""}"
Q1_2026_CheatSheet_msrp_R3_lorez.pdf,22,1,Axis,Axis dome cameras,AXIS P32 Series,AXIS P3275-LV,,P3275-LV,single_model,03149-001,$679.00 ,1920x1080 (2.1 MP),1920,1080,2.07,2.1 MP,"1/2.8”
3.4 - 9.8 mm, F1.4 - 2.7
100°- 32°",1/2.8,3.4,9.8,1.4,2.7,100,32,,,50/60,,,"Forensic WDR/
Lightfinder 2.0",√ / √,Poe Class 3,1-Jan,√ / -,yes,no,Deep learning processing unit,"AXIS Object Analytics
AXIS Video Motion Detection
AXIS Image Health Analytics
AXIS Live Privacy Shield
AXIS Scene Metadata",√ / √ / FIPS 140-3 Level 3,"PVC free, BFR/CFR free
39% bioplastics
2% carbon capture based plastics","Case open sensor
Conduit-ready
Edge-to-edge technology
IK10",,,,no,,17,"{""Max. video resolution"": ""1920x1080 (2.1 MP)"", ""Sensor size/Lens/Horizontal field of view"": ""1/2.8”\n3.4 - 9.8 mm, F1.4 - 2.7\n100°- 32°"", ""Min. illumination (lux) Color/ B&W"": ""0.08/0.00"", ""Max. frames per second"": ""50/60"", ""Audio support/ Built-in mic"": ""√ / -"", ""Compute capabilites"": ""Deep learning processing unit"", ""Included video analytics (for Axis video analytics, see page 4)"": ""AXIS Object Analytics\nAXIS Video Motion Detection\nAXIS Image Health Analytics\nAXIS Live Privacy Shield\nAXIS Scene Metadata"", ""Power"": ""Poe Class 3"", ""In-/output ports"": ""1/1"", ""WDR/Lightfinder"": ""Forensic WDR/\nLightfinder 2.0"", ""Zipstream/ H.264/H.265/AV1"": ""√ / √ / √ / √"", ""OptimizedIR/Built-in IR"": ""√ / √"", ""Secure Boot/Signed video/Secure keystore"": ""√ / √ / FIPS 140-3 Level 3"", ""Sustainability"": ""PVC free, BFR/CFR free\n39% bioplastics\n2% carbon capture based plastics"", ""Special features"": ""Case open sensor\nConduit-ready\nEdge-to-edge technology\nIK10"", ""Axis Part Number"": ""03149-001"", ""MSRP"": ""$679.00""}"
Q1_2026_CheatSheet_msrp_R3_lorez.pdf,22,1,Axis,Axis dome cameras,AXIS P32 Series,AXIS P3275-LVE,10 mm,P3275-LVE 10 mm,part_number_variants,03150-001,$799.00 ,1920x1080 (2.1 MP),1920,1080,2.07,2.1 MP,"10 mm: 1/2.8”, 3.4 - 9.8 mm
F1.4 - 2.7, 100°- 32°
29 mm: 1/2.8”, 10.8 - 28.2 mm
F1.70 - 1.76, 29.1°- 11°",1/2.8,3.4,10,,,,,10,,50/60,,,"Forensic WDR/
Lightfinder 2.0",√ / √,Poe Class 3,1-Jan,√ / -,yes,no,Deep learning processing unit,"AXIS Object Analytics
AXIS Video Motion Detection
AXIS Image Health Analytics
AXIS Live Privacy Shield
AXIS Scene Metadata",√ / √ / FIPS 140-3 Level 3,"PVC free, BFR/CFR free
43% bioplastics
2% carbon capture based plastics","Case open sensor
Conduit-ready
Edge-to-edge technology
IP66/NEMA 250 Type 4X/
NEMA TS 2 (2.2.7-2.2.9), IK10",,,,no,,17,"{""Max. video resolution"": ""1920x1080 (2.1 MP)"", ""Sensor size/Lens/Horizontal field of view"": ""10 mm: 1/2.8”, 3.4 - 9.8 mm\nF1.4 - 2.7, 100°- 32°\n29 mm: 1/2.8”, 10.8 - 28.2 mm\nF1.70 - 1.76, 29.1°- 11°"", ""Min. illumination (lux) Color/ B&W"": ""0.08/0.00"", ""Max. frames per second"": ""50/60"", ""Audio support/ Built-in mic"": ""√ / -"", ""Compute capabilites"": ""Deep learning processing unit"", ""Included video analytics (for Axis video analytics, see page 4)"": ""AXIS Object Analytics\nAXIS Video Motion Detection\nAXIS Image Health Analytics\nAXIS Live Privacy Shield\nAXIS Scene Metadata"", ""Power"": ""Poe Class 3"", ""In-/output ports"": ""1/1"", ""WDR/Lightfinder"": ""Forensic WDR/\nLightfinder 2.0"", ""Zipstream/ H.264/H.265/AV1"": ""√ / √ / √ / √"", ""OptimizedIR/Built-in IR"": ""√ / √"", ""Secure Boot/Signed video/Secure keystore"": ""√ / √ / FIPS 140-3 Level 3"", ""Sustainability"": ""PVC free, BFR/CFR free\n43% bioplastics\n2% carbon capture based plastics"", ""Special features"": ""Case open sensor\nConduit-ready\nEdge-to-edge technology\nIP66/NEMA 250 Type 4X/\nNEMA TS 2 (2.2.7-2.2.9), IK10"", ""Axis Part Number"": ""10 mm: 03150-001\n29 mm: 03151-001"", ""MSRP"": ""10 mm: $799.00\n29 mm: $799.00""}"
Q1_2026_CheatSheet_msrp_R3_lorez.pdf,22,1,Axis,Axis dome cameras,AXIS P32 Series,AXIS P3275-LVE,29 mm,P3275-LVE 29 mm,part_number_variants,03151-001,$799.00 ,1920x1080 (2.1 MP),1920,1080,2.07,2.1 MP,"10 mm: 1/2.8”, 3.4 - 9.8 mm
F1.4 - 2.7, 100°- 32°
29 mm: 1/2.8”, 10.8 - 28.2 mm
F1.70 - 1.76, 29.1°- 11°",1/2.8,10.8,29,,,,,29,,50/60,,,"Forensic WDR/
Lightfinder 2.0",√ / √,Poe Class 3,1-Jan,√ / -,yes,no,Deep learning processing unit,"AXIS Object Analytics
AXIS Video Motion Detection
AXIS Image Health Analytics
AXIS Live Privacy Shield
AXIS Scene Metadata",√ / √ / FIPS 140-3 Level 3,"PVC free, BFR/CFR free
43% bioplastics
2% carbon capture based plastics","Case open sensor
Conduit-ready
Edge-to-edge technology
IP66/NEMA 250 Type 4X/
NEMA TS 2 (2.2.7-2.2.9), IK10",,,,no,,17,"{""Max. video resolution"": ""1920x1080 (2.1 MP)"", ""Sensor size/Lens/Horizontal field of view"": ""10 mm: 1/2.8”, 3.4 - 9.8 mm\nF1.4 - 2.7, 100°- 32°\n29 mm: 1/2.8”, 10.8 - 28.2 mm\nF1.70 - 1.76, 29.1°- 11°"", ""Min. illumination (lux) Color/ B&W"": ""0.08/0.00"", ""Max. frames per second"": ""50/60"", ""Audio support/ Built-in mic"": ""√ / -"", ""Compute capabilites"": ""Deep learning processing unit"", ""Included video analytics (for Axis video analytics, see page 4)"": ""AXIS Object Analytics\nAXIS Video Motion Detection\nAXIS Image Health Analytics\nAXIS Live Privacy Shield\nAXIS Scene Metadata"", ""Power"": ""Poe Class 3"", ""In-/output ports"": ""1/1"", ""WDR/Lightfinder"": ""Forensic WDR/\nLightfinder 2.0"", ""Zipstream/ H.264/H.265/AV1"": ""√ / √ / √ / √"", ""OptimizedIR/Built-in IR"": ""√ / √"", ""Secure Boot/Signed video/Secure keystore"": ""√ / √ / FIPS 140-3 Level 3"", ""Sustainability"": ""PVC free, BFR/CFR free\n43% bioplastics\n2% carbon capture based plastics"", ""Special features"": ""Case open sensor\nConduit-ready\nEdge-to-edge technology\nIP66/NEMA 250 Type 4X/\nNEMA TS 2 (2.2.7-2.2.9), IK10"", ""Axis Part Number"": ""10 mm: 03150-001\n29 mm: 03151-001"", ""MSRP"": ""10 mm: $799.00\n29 mm: $799.00""}"
Q1_2026_CheatSheet_msrp_R3_lorez.pdf,22,1,Axis,Axis dome cameras,AXIS P32 Series,AXIS P3277-LV,,P3277-LV,single_model,03152-001,$849.00 ,2592x1944 (5MP),2592,1944,5.04,5MP,"1/2.8”
3.0-8.5 mm, F1.38-2.58
104°- 34°",1/2.8,3,8.5,1.38,2.58,104,34,,,25/30,,,"Forensic WDR/
Lightfinder 2.0",√ / √,Poe Class 3,1-Jan,√ / -,yes,no,Deep learning processing unit,"AXIS Object Analytics
AXIS Video Motion Detection
AXIS Image Health Analytics
AXIS Live Privacy Shield
AXIS Scene Metadata",√ / √ / FIPS 140-3 Level 3,"PVC free, BFR/CFR free
39% bioplastics
2% carbon capture based plastics","Case open sensor
Conduit-ready
Edge-to-edge technology
IK10",,,,no,,17,"{""Max. video resolution"": ""2592x1944 (5MP)"", ""Sensor size/Lens/Horizontal field of view"": ""1/2.8”\n3.0-8.5 mm, F1.38-2.58\n104°- 34°"", ""Min. illumination (lux) Color/ B&W"": ""0.1/0.00"", ""Max. frames per second"": ""25/30"", ""Audio support/ Built-in mic"": ""√ / -"", ""Compute capabilites"": ""Deep learning processing unit"", ""Included video analytics (for Axis video analytics, see page 4)"": ""AXIS Object Analytics\nAXIS Video Motion Detection\nAXIS Image Health Analytics\nAXIS Live Privacy Shield\nAXIS Scene Metadata"", ""Power"": ""Poe Class 3"", ""In-/output ports"": ""1/1"", ""WDR/Lightfinder"": ""Forensic WDR/\nLightfinder 2.0"", ""Zipstream/ H.264/H.265/AV1"": ""√ / √ / √ / √"", ""OptimizedIR/Built-in IR"": ""√ / √"", ""Secure Boot/Signed video/Secure keystore"": ""√ / √ / FIPS 140-3 Level 3"", ""Sustainability"": ""PVC free, BFR/CFR free\n39% bioplastics\n2% carbon capture based plastics"", ""Special features"": ""Case open sensor\nConduit-ready\nEdge-to-edge technology\nIK10"", ""Axis Part Number"": ""03152-001"", ""MSRP"": ""$849.00""}"
Q1_2026_CheatSheet_msrp_R3_lorez.pdf,22,1,Axis,Axis dome cameras,AXIS P32 Series,AXIS P3277-LVE,,P3277-LVE,single_model,03153-001,$999.00 ,2592x1944 (5MP),2592,1944,5.04,5MP,"1/2.8”
3.0-8.5 mm, F1.38-2.58
104°- 34°",1/2.8,3,8.5,1.38,2.58,104,34,,,25/30,,,"Forensic WDR/
Lightfinder 2.0",√ / √,Poe Class 3,1-Jan,√ / √*,yes,yes,Deep learning processing unit,"AXIS Object Analytics
AXIS Video Motion Detection
AXIS Image Health Analytics
AXIS Live Privacy Shield
AXIS Scene Metadata",√ / √ / FIPS 140-3 Level 3,"PVC free, BFR/CFR free
43% bioplastics
2% carbon capture based plastics","Case open sensor
Conduit-ready
Edge-to-edge technology
IP66/NEMA 250 Type 4X/
NEMA TS 2 (2.2.7-2.2.9), IK10",,,,no,,17,"{""Max. video resolution"": ""2592x1944 (5MP)"", ""Sensor size/Lens/Horizontal field of view"": ""1/2.8”\n3.0-8.5 mm, F1.38-2.58\n104°- 34°"", ""Min. illumination (lux) Color/ B&W"": ""0.1/0.00"", ""Max. frames per second"": ""25/30"", ""Audio support/ Built-in mic"": ""√ / √*"", ""Compute capabilites"": ""Deep learning processing unit"", ""Included video analytics (for Axis video analytics, see page 4)"": ""AXIS Object Analytics\nAXIS Video Motion Detection\nAXIS Image Health Analytics\nAXIS Live Privacy Shield\nAXIS Scene Metadata"", ""Power"": ""Poe Class 3"", ""In-/output ports"": ""1/1"", ""WDR/Lightfinder"": ""Forensic WDR/\nLightfinder 2.0"", ""Zipstream/ H.264/H.265/AV1"": ""√ / √ / √ / √"", ""OptimizedIR/Built-in IR"": ""√ / √"", ""Secure Boot/Signed video/Secure keystore"": ""√ / √ / FIPS 140-3 Level 3"", ""Sustainability"": ""PVC free, BFR/CFR free\n43% bioplastics\n2% carbon capture based plastics"", ""Special features"": ""Case open sensor\nConduit-ready\nEdge-to-edge technology\nIP66/NEMA 250 Type 4X/\nNEMA TS 2 (2.2.7-2.2.9), IK10"", ""Axis Part Number"": ""03153-001"", ""MSRP"": ""$999.00""}"
Q1_2026_CheatSheet_msrp_R3_lorez.pdf,22,1,Axis,Axis dome cameras,AXIS P32 Series,AXIS P3278-LV,,P3278-LV,single_model,03154-001,$999.00 ,3840x2160 (8.3MP),3840,2160,8.29,8.3MP,"1/1.8”
4.4-14.6 mm, F1.65-3.65
103°- 29°",1/1.8,4.4,14.6,1.65,3.65,103,29,,,25/30,,,"Forensic WDR/
Lightfinder 2.0",√ / √,Poe Class 3,1-Jan,√ / -,yes,no,Deep learning processing unit,"AXIS Object Analytics
AXIS Video Motion Detection
AXIS Image Health Analytics
AXIS Live Privacy Shield
AXIS Scene Metadata",√ / √ / FIPS 140-3 Level 3,"PVC free, BFR/CFR free
39% bioplastics
2% carbon capture based plastics","Case open sensor
Conduit-ready
Edge-to-edge technology
IK10",,,,no,,17,"{""Max. video resolution"": ""3840x2160 (8.3MP)"", ""Sensor size/Lens/Horizontal field of view"": ""1/1.8”\n4.4-14.6 mm, F1.65-3.65\n103°- 29°"", ""Min. illumination (lux) Color/ B&W"": ""0.11/0.00"", ""Max. frames per second"": ""25/30"", ""Audio support/ Built-in mic"": ""√ / -"", ""Compute capabilites"": ""Deep learning processing unit"", ""Included video analytics (for Axis video analytics, see page 4)"": ""AXIS Object Analytics\nAXIS Video Motion Detection\nAXIS Image Health Analytics\nAXIS Live Privacy Shield\nAXIS Scene Metadata"", ""Power"": ""Poe Class 3"", ""In-/output ports"": ""1/1"", ""WDR/Lightfinder"": ""Forensic WDR/\nLightfinder 2.0"", ""Zipstream/ H.264/H.265/AV1"": ""√ / √ / √ / √"", ""OptimizedIR/Built-in IR"": ""√ / √"", ""Secure Boot/Signed video/Secure keystore"": ""√ / √ / FIPS 140-3 Level 3"", ""Sustainability"": ""PVC free, BFR/CFR free\n39% bioplastics\n2% carbon capture based plastics"", ""Special features"": ""Case open sensor\nConduit-ready\nEdge-to-edge technology\nIK10"", ""Axis Part Number"": ""03154-001"", ""MSRP"": ""$999.00""}"
Q1_2026_CheatSheet_msrp_R3_lorez.pdf,22,1,Axis,Axis dome cameras,AXIS P32 Series,AXIS P3278-LVE,,P3278-LVE,single_model,03155-001,"$1,099.00 ",3840x2160 (8.3MP),3840,2160,8.29,8.3MP,"1/1.8”
4.4-14.6 mm, F1.65-3.65
103°- 29°",1/1.8,4.4,14.6,1.65,3.65,103,29,,,25/30,,,"Forensic WDR/
Lightfinder 2.0",√ / √,Poe Class 3,1-Jan,√ / -,yes,no,Deep learning processing unit,"AXIS Object Analytics
AXIS Video Motion Detection
AXIS Image Health Analytics
AXIS Live Privacy Shield
AXIS Scene Metadata",√ / √ / FIPS 140-3 Level 3,"PVC free, BFR/CFR free
43% bioplastics
2% carbon capture based plastics","Case open sensor
Conduit-ready
Edge-to-edge technology
IP66/NEMA 250 Type 4X/
NEMA TS 2 (2.2.7-2.2.9), IK10",,,,no,,17,"{""Max. video resolution"": ""3840x2160 (8.3MP)"", ""Sensor size/Lens/Horizontal field of view"": ""1/1.8”\n4.4-14.6 mm, F1.65-3.65\n103°- 29°"", ""Min. illumination (lux) Color/ B&W"": ""0.11/0.00"", ""Max. frames per second"": ""25/30"", ""Audio support/ Built-in mic"": ""√ / -"", ""Compute capabilites"": ""Deep learning processing unit"", ""Included video analytics (for Axis video analytics, see page 4)"": ""AXIS Object Analytics\nAXIS Video Motion Detection\nAXIS Image Health Analytics\nAXIS Live Privacy Shield\nAXIS Scene Metadata"", ""Power"": ""Poe Class 3"", ""In-/output ports"": ""1/1"", ""WDR/Lightfinder"": ""Forensic WDR/\nLightfinder 2.0"", ""Zipstream/ H.264/H.265/AV1"": ""√ / √ / √ / √"", ""OptimizedIR/Built-in IR"": ""√ / √"", ""Secure Boot/Signed video/Secure keystore"": ""√ / √ / FIPS 140-3 Level 3"", ""Sustainability"": ""PVC free, BFR/CFR free\n43% bioplastics\n2% carbon capture based plastics"", ""Special features"": ""Case open sensor\nConduit-ready\nEdge-to-edge technology\nIP66/NEMA 250 Type 4X/\nNEMA TS 2 (2.2.7-2.2.9), IK10"", ""Axis Part Number"": ""03155-001"", ""MSRP"": ""$1,099.00""}"
Q1_2026_CheatSheet_msrp_R3_lorez.pdf,21,1,Axis,Axis dome cameras,AXIS P32 Series,AXIS P3285-LV,,P3285-LV,single_model,02980-001,$679.00 ,1920x1080 (2.1 MP),1920,1080,2.07,2.1 MP,"1/2.8”
3.4 - 9.8 mm, F1.4 - 2.7
100°- 32°",1/2.8,3.4,9.8,1.4,2.7,100,32,,,50/60,,,"Forensic WDR/
Lightfinder 2.0",√ / √,Poe Class 3,1-Jan,"- / -
Acoustic sensor",no,,Deep learning processing unit,"AXIS Object Analytics
AXIS Audio Analytics
AXIS Video Motion Detection
AXIS Image Health Analytics
AXIS Live Privacy Shield
AXIS Scene Metadata",√ / √ / FIPS 140-3 Level 3,"PVC free, BFR/CFR free
39% bioplastics
2% carbon capture based plastics","Case open sensor
Conduit-ready
IK10",,,,no,,17,"{""Max. video resolution"": ""1920x1080 (2.1 MP)"", ""Sensor size/Lens/Horizontal field of view"": ""1/2.8”\n3.4 - 9.8 mm, F1.4 - 2.7\n100°- 32°"", ""Min. illumination (lux) Color/ B&W"": ""0.08/0.00"", ""Max. frames per second"": ""50/60"", ""Audio support/ Built-in mic"": ""- / -\nAcoustic sensor"", ""Compute capabilites"": ""Deep learning processing unit"", ""Included video analytics (for Axis video analytics, see page 4)"": ""AXIS Object Analytics\nAXIS Audio Analytics\nAXIS Video Motion Detection\nAXIS Image Health Analytics\nAXIS Live Privacy Shield\nAXIS Scene Metadata"", ""Power"": ""Poe Class 3"", ""In-/output ports"": ""1/1"", ""WDR/Lightfinder"": ""Forensic WDR/\nLightfinder 2.0"", ""Zipstream/ H.264/H.265/AV1"": ""√ / √ / √ / √"", ""OptimizedIR/Built-in IR"": ""√ / √"", ""Secure Boot/Signed video/Secure keystore"": ""√ / √ / FIPS 140-3 Level 3"", ""Sustainability"": ""PVC free, BFR/CFR free\n39% bioplastics\n2% carbon capture based plastics"", ""Special features"": ""Case open sensor\nConduit-ready\nIK10"", ""Axis Part Number"": ""02980-001"", ""MSRP"": ""$679.00""}"
Q1_2026_CheatSheet_msrp_R3_lorez.pdf,21,1,Axis,Axis dome cameras,AXIS P32 Series,AXIS P3285-LVE,10 mm,P3285-LVE 10 mm,part_number_variants,02981-001,$799.00 ,1920x1080 (2.1 MP),1920,1080,2.07,2.1 MP,"10 mm: 1/2.8”, 3.4 - 9.8 mm
F1.4 - 2.7, 100°- 32°
29 mm: 1/2.8”, 10.8- 28.2 mm
F1.70 - 1.76, 29.1°- 11°",1/2.8,3.4,10,,,,,10,,50/60,,,"Forensic WDR/
Lightfinder 2.0",√ / √,Poe Class 3,1-Jan,"- / -
Acoustic sensor",no,,Deep learning processing unit,"AXIS Object Analytics
AXIS Audio Analytics
AXIS Video Motion Detection
AXIS Image Health Analytics
AXIS Live Privacy Shield
AXIS Scene Metadata",√ / √ / FIPS 140-3 Level 3,"PVC free, BFR/CFR free
43% bioplastics
2% carbon capture based plastics","Case open sensor
Conduit-ready
IP66/NEMA 250 Type 4X/
NEMA TS 2 (2.2.7-2.2.9), IK10",,,,no,,17,"{""Max. video resolution"": ""1920x1080 (2.1 MP)"", ""Sensor size/Lens/Horizontal field of view"": ""10 mm: 1/2.8”, 3.4 - 9.8 mm\nF1.4 - 2.7, 100°- 32°\n29 mm: 1/2.8”, 10.8- 28.2 mm\nF1.70 - 1.76, 29.1°- 11°"", ""Min. illumination (lux) Color/ B&W"": ""0.08/0.00"", ""Max. frames per second"": ""50/60"", ""Audio support/ Built-in mic"": ""- / -\nAcoustic sensor"", ""Compute capabilites"": ""Deep learning processing unit"", ""Included video analytics (for Axis video analytics, see page 4)"": ""AXIS Object Analytics\nAXIS Audio Analytics\nAXIS Video Motion Detection\nAXIS Image Health Analytics\nAXIS Live Privacy Shield\nAXIS Scene Metadata"", ""Power"": ""Poe Class 3"", ""In-/output ports"": ""1/1"", ""WDR/Lightfinder"": ""Forensic WDR/\nLightfinder 2.0"", ""Zipstream/ H.264/H.265/AV1"": ""√ / √ / √ / √"", ""OptimizedIR/Built-in IR"": ""√ / √"", ""Secure Boot/Signed video/Secure keystore"": ""√ / √ / FIPS 140-3 Level 3"", ""Sustainability"": ""PVC free, BFR/CFR free\n43% bioplastics\n2% carbon capture based plastics"", ""Special features"": ""Case open sensor\nConduit-ready\nIP66/NEMA 250 Type 4X/\nNEMA TS 2 (2.2.7-2.2.9), IK10"", ""Axis Part Number"": ""10 mm: 02981-001\n29 mm: 02982-001"", ""MSRP"": ""10 mm: $799.00\n29 mm: $799.00""}"
Q1_2026_CheatSheet_msrp_R3_lorez.pdf,21,1,Axis,Axis dome cameras,AXIS P32 Series,AXIS P3285-LVE,29 mm,P3285-LVE 29 mm,part_number_variants,02982-001,$799.00 ,1920x1080 (2.1 MP),1920,1080,2.07,2.1 MP,"10 mm: 1/2.8”, 3.4 - 9.8 mm
F1.4 - 2.7, 100°- 32°
29 mm: 1/2.8”, 10.8- 28.2 mm
F1.70 - 1.76, 29.1°- 11°",1/2.8,10.8,29,,,,,29,,50/60,,,"Forensic WDR/
Lightfinder 2.0",√ / √,Poe Class 3,1-Jan,"- / -
Acoustic sensor",no,,Deep learning processing unit,"AXIS Object Analytics
AXIS Audio Analytics
AXIS Video Motion Detection
AXIS Image Health Analytics
AXIS Live Privacy Shield
AXIS Scene Metadata",√ / √ / FIPS 140-3 Level 3,"PVC free, BFR/CFR free
43% bioplastics
2% carbon capture based plastics","Case open sensor
Conduit-ready
IP66/NEMA 250 Type 4X/
NEMA TS 2 (2.2.7-2.2.9), IK10",,,,no,,17,"{""Max. video resolution"": ""1920x1080 (2.1 MP)"", ""Sensor size/Lens/Horizontal field of view"": ""10 mm: 1/2.8”, 3.4 - 9.8 mm\nF1.4 - 2.7, 100°- 32°\n29 mm: 1/2.8”, 10.8- 28.2 mm\nF1.70 - 1.76, 29.1°- 11°"", ""Min. illumination (lux) Color/ B&W"": ""0.08/0.00"", ""Max. frames per second"": ""50/60"", ""Audio support/ Built-in mic"": ""- / -\nAcoustic sensor"", ""Compute capabilites"": ""Deep learning processing unit"", ""Included video analytics (for Axis video analytics, see page 4)"": ""AXIS Object Analytics\nAXIS Audio Analytics\nAXIS Video Motion Detection\nAXIS Image Health Analytics\nAXIS Live Privacy Shield\nAXIS Scene Metadata"", ""Power"": ""Poe Class 3"", ""In-/output ports"": ""1/1"", ""WDR/Lightfinder"": ""Forensic WDR/\nLightfinder 2.0"", ""Zipstream/ H.264/H.265/AV1"": ""√ / √ / √ / √"", ""OptimizedIR/Built-in IR"": ""√ / √"", ""Secure Boot/Signed video/Secure keystore"": ""√ / √ / FIPS 140-3 Level 3"", ""Sustainability"": ""PVC free, BFR/CFR free\n43% bioplastics\n2% carbon capture based plastics"", ""Special features"": ""Case open sensor\nConduit-ready\nIP66/NEMA 250 Type 4X/\nNEMA TS 2 (2.2.7-2.2.9), IK10"", ""Axis Part Number"": ""10 mm: 02981-001\n29 mm: 02982-001"", ""MSRP"": ""10 mm: $799.00\n29 mm: $799.00""}"
Q1_2026_CheatSheet_msrp_R3_lorez.pdf,21,1,Axis,Axis dome cameras,AXIS P32 Series,AXIS P3287-LV,,P3287-LV,single_model,02983-001,$849.00 ,2592x1944 (5MP),2592,1944,5.04,5MP,"1/2.8”
3.0 - 8.5 mm, F1.38 - 2.58
104°- 34°",1/2.8,3,8.5,1.38,2.58,104,34,,,25/30,,,"Forensic WDR/
Lightfinder 2.0",√ / √,Poe Class 3,1-Jan,"- / -
Acoustic sensor",no,,Deep learning processing unit,"AXIS Object Analytics
AXIS Audio Analytics
AXIS Video Motion Detection
AXIS Image Health Analytics
AXIS Live Privacy Shield
AXIS Scene Metadata",√ / √ / FIPS 140-3 Level 3,"PVC free, BFR/CFR free
39% bioplastics
2% carbon capture based plastics","Case open sensor
Conduit-ready
IK10",,,,no,,17,"{""Max. video resolution"": ""2592x1944 (5MP)"", ""Sensor size/Lens/Horizontal field of view"": ""1/2.8”\n3.0 - 8.5 mm, F1.38 - 2.58\n104°- 34°"", ""Min. illumination (lux) Color/ B&W"": ""0.1/0.00"", ""Max. frames per second"": ""25/30"", ""Audio support/ Built-in mic"": ""- / -\nAcoustic sensor"", ""Compute capabilites"": ""Deep learning processing unit"", ""Included video analytics (for Axis video analytics, see page 4)"": ""AXIS Object Analytics\nAXIS Audio Analytics\nAXIS Video Motion Detection\nAXIS Image Health Analytics\nAXIS Live Privacy Shield\nAXIS Scene Metadata"", ""Power"": ""Poe Class 3"", ""In-/output ports"": ""1/1"", ""WDR/Lightfinder"": ""Forensic WDR/\nLightfinder 2.0"", ""Zipstream/ H.264/H.265/AV1"": ""√ / √ / √ / √"", ""OptimizedIR/Built-in IR"": ""√ / √"", ""Secure Boot/Signed video/Secure keystore"": ""√ / √ / FIPS 140-3 Level 3"", ""Sustainability"": ""PVC free, BFR/CFR free\n39% bioplastics\n2% carbon capture based plastics"", ""Special features"": ""Case open sensor\nConduit-ready\nIK10"", ""Axis Part Number"": ""02983-001"", ""MSRP"": ""$849.00""}"
Q1_2026_CheatSheet_msrp_R3_lorez.pdf,21,1,Axis,Axis dome cameras,AXIS P32 Series,AXIS P3287-LVE,,P3287-LVE,single_model,02984-001,$999.00 ,2592x1944 (5MP),2592,1944,5.04,5MP,"1/2.8”
3.0 - 8.5 mm, F1.38 - 2.58
104°- 34°",1/2.8,3,8.5,1.38,2.58,104,34,,,25/30,,,"Forensic WDR/
Lightfinder 2.0",√ / √,Poe Class 3,1-Jan,"- / -
Acoustic sensor",no,,Deep learning processing unit,"AXIS Object Analytics
AXIS Audio Analytics
AXIS Video Motion Detection
AXIS Image Health Analytics
AXIS Live Privacy Shield
AXIS Scene Metadata",√ / √ / FIPS 140-3 Level 3,"PVC free, BFR/CFR free
43% bioplastics
2% carbon capture based plastics","Case open sensor
Conduit-ready
IP66/NEMA 250 Type 4X/
NEMA TS 2 (2.2.7-2.2.9), IK10",,,,no,,17,"{""Max. video resolution"": ""2592x1944 (5MP)"", ""Sensor size/Lens/Horizontal field of view"": ""1/2.8”\n3.0 - 8.5 mm, F1.38 - 2.58\n104°- 34°"", ""Min. illumination (lux) Color/ B&W"": ""0.1/0.00"", ""Max. frames per second"": ""25/30"", ""Audio support/ Built-in mic"": ""- / -\nAcoustic sensor"", ""Compute capabilites"": ""Deep learning processing unit"", ""Included video analytics (for Axis video analytics, see page 4)"": ""AXIS Object Analytics\nAXIS Audio Analytics\nAXIS Video Motion Detection\nAXIS Image Health Analytics\nAXIS Live Privacy Shield\nAXIS Scene Metadata"", ""Power"": ""Poe Class 3"", ""In-/output ports"": ""1/1"", ""WDR/Lightfinder"": ""Forensic WDR/\nLightfinder 2.0"", ""Zipstream/ H.264/H.265/AV1"": ""√ / √ / √ / √"", ""OptimizedIR/Built-in IR"": ""√ / √"", ""Secure Boot/Signed video/Secure keystore"": ""√ / √ / FIPS 140-3 Level 3"", ""Sustainability"": ""PVC free, BFR/CFR free\n43% bioplastics\n2% carbon capture based plastics"", ""Special features"": ""Case open sensor\nConduit-ready\nIP66/NEMA 250 Type 4X/\nNEMA TS 2 (2.2.7-2.2.9), IK10"", ""Axis Part Number"": ""02984-001"", ""MSRP"": ""$999.00""}"
Q1_2026_CheatSheet_msrp_R3_lorez.pdf,21,1,Axis,Axis dome cameras,AXIS P32 Series,AXIS P3288-LV,,P3288-LV,single_model,02985-001,$999.00 ,3840x2160 (8.3MP),3840,2160,8.29,8.3MP,"1/1.8”
4.4 - 14.6 mm, F1.65 - 3.65
103°- 29°",1/1.8,4.4,14.6,1.65,3.65,103,29,,,25/30,,,"Forensic WDR/
Lightfinder 2.0",√ / √,Poe Class 3,1-Jan,"- / -
Acoustic sensor",no,,Deep learning processing unit,"AXIS Object Analytics
AXIS Audio Analytics
AXIS Video Motion Detection
AXIS Image Health Analytics
AXIS Live Privacy Shield
AXIS Scene Metadata",√ / √ / FIPS 140-3 Level 3,"PVC free, BFR/CFR free
39% bioplastics
2% carbon capture based plastics","Case open sensor
Conduit-ready
IK10",,,,no,,17,"{""Max. video resolution"": ""3840x2160 (8.3MP)"", ""Sensor size/Lens/Horizontal field of view"": ""1/1.8”\n4.4 - 14.6 mm, F1.65 - 3.65\n103°- 29°"", ""Min. illumination (lux) Color/ B&W"": ""0.11/0.00"", ""Max. frames per second"": ""25/30"", ""Audio support/ Built-in mic"": ""- / -\nAcoustic sensor"", ""Compute capabilites"": ""Deep learning processing unit"", ""Included video analytics (for Axis video analytics, see page 4)"": ""AXIS Object Analytics\nAXIS Audio Analytics\nAXIS Video Motion Detection\nAXIS Image Health Analytics\nAXIS Live Privacy Shield\nAXIS Scene Metadata"", ""Power"": ""Poe Class 3"", ""In-/output ports"": ""1/1"", ""WDR/Lightfinder"": ""Forensic WDR/\nLightfinder 2.0"", ""Zipstream/ H.264/H.265/AV1"": ""√ / √ / √ / √"", ""OptimizedIR/Built-in IR"": ""√ / √"", ""Secure Boot/Signed video/Secure keystore"": ""√ / √ / FIPS 140-3 Level 3"", ""Sustainability"": ""PVC free, BFR/CFR free\n39% bioplastics\n2% carbon capture based plastics"", ""Special features"": ""Case open sensor\nConduit-ready\nIK10"", ""Axis Part Number"": ""02985-001"", ""MSRP"": ""$999.00""}"
Q1_2026_CheatSheet_msrp_R3_lorez.pdf,21,1,Axis,Axis dome cameras,AXIS P32 Series,AXIS P3288-LVE,,P3288-LVE,single_model,02986-001,"$1,099.00 ",3840x2160 (8.3MP),3840,2160,8.29,8.3MP,"1/1.8”
4.4 - 14.6 mm, F1.65 - 3.65
103°- 29°",1/1.8,4.4,14.6,1.65,3.65,103,29,,,25/30,,,"Forensic WDR/
Lightfinder 2.0",√ / √,Poe Class 3,1-Jan,"- / -
Acoustic sensor",no,,Deep learning processing unit,"AXIS Object Analytics
AXIS Audio Analytics
AXIS Video Motion Detection
AXIS Image Health Analytics
AXIS Live Privacy Shield
AXIS Scene Metadata",√ / √ / FIPS 140-3 Level 3,"PVC free, BFR/CFR free
43% bioplastics
2% carbon capture based plastics","Case open sensor
Conduit-ready
IP66/NEMA 250 Type 4X/
NEMA TS 2 (2.2.7-2.2.9), IK10",,,,no,,17,"{""Max. video resolution"": ""3840x2160 (8.3MP)"", ""Sensor size/Lens/Horizontal field of view"": ""1/1.8”\n4.4 - 14.6 mm, F1.65 - 3.65\n103°- 29°"", ""Min. illumination (lux) Color/ B&W"": ""0.11/0.00"", ""Max. frames per second"": ""25/30"", ""Audio support/ Built-in mic"": ""- / -\nAcoustic sensor"", ""Compute capabilites"": ""Deep learning processing unit"", ""Included video analytics (for Axis video analytics, see page 4)"": ""AXIS Object Analytics\nAXIS Audio Analytics\nAXIS Video Motion Detection\nAXIS Image Health Analytics\nAXIS Live Privacy Shield\nAXIS Scene Metadata"", ""Power"": ""Poe Class 3"", ""In-/output ports"": ""1/1"", ""WDR/Lightfinder"": ""Forensic WDR/\nLightfinder 2.0"", ""Zipstream/ H.264/H.265/AV1"": ""√ / √ / √ / √"", ""OptimizedIR/Built-in IR"": ""√ / √"", ""Secure Boot/Signed video/Secure keystore"": ""√ / √ / FIPS 140-3 Level 3"", ""Sustainability"": ""PVC free, BFR/CFR free\n43% bioplastics\n2% carbon capture based plastics"", ""Special features"": ""Case open sensor\nConduit-ready\nIP66/NEMA 250 Type 4X/\nNEMA TS 2 (2.2.7-2.2.9), IK10"", ""Axis Part Number"": ""02986-001"", ""MSRP"": ""$1,099.00""}"
Q1_2026_CheatSheet_msrp_R3_lorez.pdf,26,1,Axis,Axis panoramic cameras,AXIS P37 Series,AXIS P3735-PLE,,P3735-PLE,single_model,02633-001,"$1,599.00 ",4x 1920x1080p (4x 2MP),1920,1080,2.07,4x 2MP,"4x 1/2.8""
3.2 - 8.1 mm, F1.9 - 3.2
108° – 40°",1/2.8,3.2,8.1,1.9,3.2,108,40,,,25/30,,0.14/0.00,Forensic WDR / √,√ / √,"PoE Class 3 w/o IR
PoE Class 4 w IR",-,√ / -,yes,no,Deep learning processing unit,"AXIS Object Analytics on
all channels
AXIS Video Motion Detection
Active tampering alarm
AXIS Scene Metadata",√ / √ / FIPS 140-2 Level 2,"PVC free, BFR/CFR free","1 IP address
IK09, Remote zoom & focus
Group view
Individually controllable
IR LEDs
IP66/IP67/NEMA 4X",,,,no,,18,"{""Max. video resolution"": ""4x 1920x1080p (4x 2MP)"", ""Sensor size/Lens/Horizontal field of view"": ""4x 1/2.8\""\n3.2 - 8.1 mm, F1.9 - 3.2\n108° – 40°"", ""Day and night"": ""√"", ""Min. illumination (lux) Color/B&W"": ""0.14/0.00"", ""Max. frames per second"": ""25/30"", ""Audio support/ Built-in mic"": ""√ / -"", ""Compute capabilities"": ""Deep learning processing unit"", ""Included video analytics (for Axis video analytics, see page 4)"": ""AXIS Object Analytics on\nall channels\nAXIS Video Motion Detection\nActive tampering alarm\nAXIS Scene Metadata"", ""Power"": ""PoE Class 3 w/o IR\nPoE Class 4 w IR"", ""In-/output ports"": ""-"", ""WDR/Lightfinder"": ""Forensic WDR / √"", ""Zipstream/ H.264/H.265/AV1"": ""√ / √ / √ / -"", ""OptimizedIR/Built-in IR"": ""√ / √"", ""Secure Boot/Signed video/Secure keystore"": ""√ / √ / FIPS 140-2 Level 2"", ""Sustainability"": ""PVC free, BFR/CFR free"", ""Special features"": ""1 IP address\nIK09, Remote zoom & focus\nGroup view\nIndividually controllable\nIR LEDs\nIP66/IP67/NEMA 4X"", ""Axis Part Number"": ""02633-001"", ""MSRP"": ""$1,599.00""}"
Q1_2026_CheatSheet_msrp_R3_lorez.pdf,26,1,Axis,Axis panoramic cameras,AXIS P37 Series,AXIS P3737-PLE,,P3737-PLE,single_model,02634-001,"$1,799.00 ",4x 2592x1944 (4x 5MP),2592,1944,5.04,4x 5MP,"4x 1/2.7""
3.2 - 8.1 mm, F1.9 - 3.2
99° – 37°",1/2.7,3.2,8.1,1.9,3.2,99,37,,,25/30*,,0.19/0.00,Forensic WDR / √,√ / √,"PoE Class 3 w/o IR
PoE Class 4 w IR",-,√ / -,yes,no,Deep learning processing unit,"AXIS Object Analytics on
all channels
AXIS Video Motion Detection
Active tampering alarm
AXIS Scene Metadata",√ / √ / FIPS 140-2 Level 2,"PVC free, BFR/CFR free","1 IP address
IK09, Remote zoom & focus
Group view
Individually controllable
IR LEDs
IP66/IP67/NEMA 4X",,,,no,,18,"{""Max. video resolution"": ""4x 2592x1944 (4x 5MP)"", ""Sensor size/Lens/Horizontal field of view"": ""4x 1/2.7\""\n3.2 - 8.1 mm, F1.9 - 3.2\n99° – 37°"", ""Day and night"": ""√"", ""Min. illumination (lux) Color/B&W"": ""0.19/0.00"", ""Max. frames per second"": ""25/30*"", ""Audio support/ Built-in mic"": ""√ / -"", ""Compute capabilities"": ""Deep learning processing unit"", ""Included video analytics (for Axis video analytics, see page 4)"": ""AXIS Object Analytics on\nall channels\nAXIS Video Motion Detection\nActive tampering alarm\nAXIS Scene Metadata"", ""Power"": ""PoE Class 3 w/o IR\nPoE Class 4 w IR"", ""In-/output ports"": ""-"", ""WDR/Lightfinder"": ""Forensic WDR / √"", ""Zipstream/ H.264/H.265/AV1"": ""√ / √ / √ / -"", ""OptimizedIR/Built-in IR"": ""√ / √"", ""Secure Boot/Signed video/Secure keystore"": ""√ / √ / FIPS 140-2 Level 2"", ""Sustainability"": ""PVC free, BFR/CFR free"", ""Special features"": ""1 IP address\nIK09, Remote zoom & focus\nGroup view\nIndividually controllable\nIR LEDs\nIP66/IP67/NEMA 4X"", ""Axis Part Number"": ""02634-001"", ""MSRP"": ""$1,799.00""}"
Q1_2026_CheatSheet_msrp_R3_lorez.pdf,26,1,Axis,Axis panoramic cameras,AXIS P37 Series,AXIS P3738-PLE,,P3738-PLE,single_model,02635-001,"$1,999.00 ",4x 3840x2160 (4x 8MP),3840,2160,8.29,4x 8MP,"4x 1/2.8""
3.2 - 8.1 mm, F1.9 - 3.2
108° – 40°",1/2.8,3.2,8.1,1.9,3.2,108,40,,,12.5/15,,0.19/0.00,Forensic WDR / √,√ / √,Poe Class 4,-,√ / -,yes,no,Deep learning processing unit,"AXIS Object Analytics on
all channels
AXIS Video Motion Detection
Active tampering alarm
AXIS Scene Metadata",√ / √ / FIPS 140-2 Level 2,"PVC free, BFR/CFR free","1 IP address
IK09, Remote zoom & focus
Group view
Individually controllable
IR LEDs
IP66/IP67/NEMA 4X",,,,no,,18,"{""Max. video resolution"": ""4x 3840x2160 (4x 8MP)"", ""Sensor size/Lens/Horizontal field of view"": ""4x 1/2.8\""\n3.2 - 8.1 mm, F1.9 - 3.2\n108° – 40°"", ""Day and night"": ""√"", ""Min. illumination (lux) Color/B&W"": ""0.19/0.00"", ""Max. frames per second"": ""12.5/15"", ""Audio support/ Built-in mic"": ""√ / -"", ""Compute capabilities"": ""Deep learning processing unit"", ""Included video analytics (for Axis video analytics, see page 4)"": ""AXIS Object Analytics on\nall channels\nAXIS Video Motion Detection\nActive tampering alarm\nAXIS Scene Metadata"", ""Power"": ""Poe Class 4"", ""In-/output ports"": ""-"", ""WDR/Lightfinder"": ""Forensic WDR / √"", ""Zipstream/ H.264/H.265/AV1"": ""√ / √ / √ / -"", ""OptimizedIR/Built-in IR"": ""√ / √"", ""Secure Boot/Signed video/Secure keystore"": ""√ / √ / FIPS 140-2 Level 2"", ""Sustainability"": ""PVC free, BFR/CFR free"", ""Special features"": ""1 IP address\nIK09, Remote zoom & focus\nGroup view\nIndividually controllable\nIR LEDs\nIP66/IP67/NEMA 4X"", ""Axis Part Number"": ""02635-001"", ""MSRP"": ""$1,999.00""}"
Q1_2026_CheatSheet_msrp_R3_lorez.pdf,26,1,Axis,Axis panoramic cameras,AXIS P37 Series,AXIS P3747-PLVE,,P3747-PLVE,single_model,02897-001,"$2,219.00 ",4x 2592x1944 (4x 5MP),2592,1944,5.04,4x 5MP,"4x 1/2.8""
3.2 - 7.4, F1.6 - 2.7
98-40",1/2.8,,,1.6,2.7,,,,,25/30*,,0.1/0.00,Forensic WDR / √,√ / √,Poe Class 4,-,√ / -,yes,no,Deep learning processing unit,"AXIS Object Analytics on
all channels
AXIS Video Motion Detection
Active tampering alarm
AXIS Scene Metadata",√ / √ / FIPS 140-2 Level 2,"PVC free, BFR/CFR free","1 IP address
IK10, PTRZ
Group view
Individually controllable
IR LEDs
IP66/NEMA4X",,,,no,,18,"{""Max. video resolution"": ""4x 2592x1944 (4x 5MP)"", ""Sensor size/Lens/Horizontal field of view"": ""4x 1/2.8\""\n3.2 - 7.4, F1.6 - 2.7\n98-40"", ""Day and night"": ""√"", ""Min. illumination (lux) Color/B&W"": ""0.1/0.00"", ""Max. frames per second"": ""25/30*"", ""Audio support/ Built-in mic"": ""√ / -"", ""Compute capabilities"": ""Deep learning processing unit"", ""Included video analytics (for Axis video analytics, see page 4)"": ""AXIS Object Analytics on\nall channels\nAXIS Video Motion Detection\nActive tampering alarm\nAXIS Scene Metadata"", ""Power"": ""Poe Class 4"", ""In-/output ports"": ""-"", ""WDR/Lightfinder"": ""Forensic WDR / √"", ""Zipstream/ H.264/H.265/AV1"": ""√ / √ / √ / -"", ""OptimizedIR/Built-in IR"": ""√ / √"", ""Secure Boot/Signed video/Secure keystore"": ""√ / √ / FIPS 140-2 Level 2"", ""Sustainability"": ""PVC free, BFR/CFR free"", ""Special features"": ""1 IP address\nIK10, PTRZ\nGroup view\nIndividually controllable\nIR LEDs\nIP66/NEMA4X"", ""Axis Part Number"": ""02897-001"", ""MSRP"": ""$2,219.00""}"
Q1_2026_CheatSheet_msrp_R3_lorez.pdf,26,1,Axis,Axis panoramic cameras,AXIS P37 Series,AXIS P3748-PLVE,,P3748-PLVE,single_model,02898-001,"$2,439.00 ",4x 3840x2160 (4x 4K),3840,2160,8.29,,"4x 1/2.9""
3.2 - 7.4 mm, F1.6 - 2.7
103° – 41°",1/2.9,3.2,7.4,1.6,2.7,103,41,,,12.5/15,,0.4/0.00,Forensic WDR / √,√ / √,Poe Class 4,-,√ / -,yes,no,Deep learning processing unit,"AXIS Object Analytics on
all channels
AXIS Video Motion Detection
Active tampering alarm
AXIS Scene Metadata",√ / √ / FIPS 140-2 Level 2,"PVC free, BFR/CFR free","1 IP address
IK10, PTRZ
Group view
Individually controllable
IR LEDs
IP66/NEMA4X",,,,no,,18,"{""Max. video resolution"": ""4x 3840x2160 (4x 4K)"", ""Sensor size/Lens/Horizontal field of view"": ""4x 1/2.9\""\n3.2 - 7.4 mm, F1.6 - 2.7\n103° – 41°"", ""Day and night"": ""√"", ""Min. illumination (lux) Color/B&W"": ""0.4/0.00"", ""Max. frames per second"": ""12.5/15"", ""Audio support/ Built-in mic"": ""√ / -"", ""Compute capabilities"": ""Deep learning processing unit"", ""Included video analytics (for Axis video analytics, see page 4)"": ""AXIS Object Analytics on\nall channels\nAXIS Video Motion Detection\nActive tampering alarm\nAXIS Scene Metadata"", ""Power"": ""Poe Class 4"", ""In-/output ports"": ""-"", ""WDR/Lightfinder"": ""Forensic WDR / √"", ""Zipstream/ H.264/H.265/AV1"": ""√ / √ / √ / -"", ""OptimizedIR/Built-in IR"": ""√ / √"", ""Secure Boot/Signed video/Secure keystore"": ""√ / √ / FIPS 140-2 Level 2"", ""Sustainability"": ""PVC free, BFR/CFR free"", ""Special features"": ""1 IP address\nIK10, PTRZ\nGroup view\nIndividually controllable\nIR LEDs\nIP66/NEMA4X"", ""Axis Part Number"": ""02898-001"", ""MSRP"": ""$2,439.00""}"
Q1_2026_CheatSheet_msrp_R3_lorez.pdf,25,1,Axis,Axis panoramic cameras,AXIS P38 Series,AXIS P3818-PVE,,P3818-PVE,single_model,02060-001,"$2,059.00 ",5120x2560 (13.1 MP),5120,2560,13.11,13.1 MP,"3x 1/2.8"", 3.2 mm
F2.0, 180°",1/2.8,3.2,3.2,2,2,180,180,,,25/30,,0.15/0.06,Forensic WDR / √,- / -,Poe Class 4,1-Jan,√ / -,yes,no,-,"AXIS Guard Suite
AXIS Video Motion Detection
Active tampering alarm",√ / - / FIPS 140-2 Level 2,"PVC free
15% recycled plastics","1 IP address
Vertical FoV 90
IP66/67/NEMA 4X, IK10",,,,no,,18,"{""Max. video resolution"": ""5120x2560 (13.1 MP)"", ""Sensor size/Lens/Horizontal field of view"": ""3x 1/2.8\"", 3.2 mm\nF2.0, 180°"", ""Day and night"": ""√"", ""Min. illumination (lux) Color/B&W"": ""0.15/0.06"", ""Max. frames per second"": ""25/30"", ""Audio support/ Built-in mic"": ""√ / -"", ""Compute capabilities"": ""-"", ""Included video analytics (for Axis video analytics, see page 4)"": ""AXIS Guard Suite\nAXIS Video Motion Detection\nActive tampering alarm"", ""Power"": ""Poe Class 4"", ""In-/output ports"": ""1/1"", ""WDR/Lightfinder"": ""Forensic WDR / √"", ""Zipstream/ H.264/H.265/AV1"": ""√ / √ / √ / -"", ""OptimizedIR/Built-in IR"": ""- / -"", ""Secure Boot/Signed video/Secure keystore"": ""√ / - / FIPS 140-2 Level 2"", ""Sustainability"": ""PVC free\n15% recycled plastics"", ""Special features"": ""1 IP address\nVertical FoV 90\nIP66/67/NEMA 4X, IK10"", ""Axis Part Number"": ""02060-001"", ""MSRP"": ""$2,059.00""}"
Q1_2026_CheatSheet_msrp_R3_lorez.pdf,25,1,Axis,Axis panoramic cameras,AXIS P38 Series,AXIS P3827-PVE,,P3827-PVE,single_model,02450-001,"$1,599.00 ",3712x1856 (6.9 MP),3712,1856,6.89,6.9 MP,"4x 1/2.8”, 3.3 mm
F2.0, 180°",1/2.8,3.3,3.3,2,2,180,180,,,25/30,,0.15/0.05,Forensic WDR / √,- / -,Poe Class 4,1-Jan,√ / -,yes,no,Deep learning processing unit,"AXIS Object Analytics
AXIS Video Motion Detection
Active tampering alarm",√ / √ / FIPS 140-2 Level 2,"PVC free, BFR/CFR free
15% recycled plastics","1 IP address
Vertical FoV 90
IP66/IP67/NEMA 4X, IK10",,,,no,,18,"{""Max. video resolution"": ""3712x1856 (6.9 MP)"", ""Sensor size/Lens/Horizontal field of view"": ""4x 1/2.8”, 3.3 mm\nF2.0, 180°"", ""Day and night"": ""√"", ""Min. illumination (lux) Color/B&W"": ""0.15/0.05"", ""Max. frames per second"": ""25/30"", ""Audio support/ Built-in mic"": ""√ / -"", ""Compute capabilities"": ""Deep learning processing unit"", ""Included video analytics (for Axis video analytics, see page 4)"": ""AXIS Object Analytics\nAXIS Video Motion Detection\nActive tampering alarm"", ""Power"": ""Poe Class 4"", ""In-/output ports"": ""1/1"", ""WDR/Lightfinder"": ""Forensic WDR / √"", ""Zipstream/ H.264/H.265/AV1"": ""√ / √ / √ / -"", ""OptimizedIR/Built-in IR"": ""- / -"", ""Secure Boot/Signed video/Secure keystore"": ""√ / √ / FIPS 140-2 Level 2"", ""Sustainability"": ""PVC free, BFR/CFR free\n15% recycled plastics"", ""Special features"": ""1 IP address\nVertical FoV 90\nIP66/IP67/NEMA 4X, IK10"", ""Axis Part Number"": ""02450-001"", ""MSRP"": ""$1,599.00""}"
Q1_2026_CheatSheet_msrp_R3_lorez.pdf,20,1,Axis,Axis dome cameras,AXIS P39 Series,AXIS P3905-R Mk III,,P3905-R Mk III,single_model,02670-001,$429.00 ,1920x1080 (2.1 MP),1920,1080,2.07,2.1 MP,"1/2.9”, 3.6 mm, F2.0, 88°
1/2.9”, 2.8 mm, F1.5, 107°",1/2.9,2.8,3.6,1.5,2,107,1,,,25/30,,0.13/-,Forensic WDR / √,- / -,PoE Class 1,-,- / -,no,no,-,"AXIS Guard Suite
AXIS Video Motion Detection
Active tampering alarm",√ / √ / √,"PVC free, BFR/CFR free","Suited for indoor onboard surveillance
P66/IP67/NEMA 4X (Indoor only), EN45545, EN50155
IK10",,,,no,,17,"{""Max. video resolution"": ""1920x1080 (2.1 MP)"", ""Sensor size/Lens/Horizontal field of view"": ""1/2.9”, 3.6 mm, F2.0, 88°\n1/2.9”, 2.8 mm, F1.5, 107°"", ""Min. illumination (lux) Color/B&W"": ""0.13/-"", ""Max. frames per second"": ""25/30"", ""Audio support/ Built-in mic"": ""- / -"", ""Compute capabilites"": ""-"", ""Included video analytics (for Axis video analytics, see page 4)"": ""AXIS Guard Suite\nAXIS Video Motion Detection\nActive tampering alarm"", ""Power"": ""PoE Class 1"", ""In-/output ports"": ""-"", ""WDR/Lightfinder"": ""Forensic WDR / √"", ""Zipstream/ H.264/H.265/AV1"": ""√ / √ / √ / -"", ""OptimizedIR/Built-in IR"": ""- / -"", ""Secure Boot/ Signed video/Secure keystore"": ""√ / √ / √"", ""Sustainability"": ""PVC free, BFR/CFR free"", ""Special features"": ""Suited for indoor onboard surveillance\nP66/IP67/NEMA 4X (Indoor only), EN45545, EN50155\nIK10"", ""Axis Part Number"": ""02670-001"", ""MSRP"": ""$429.00""}"
Q1_2026_CheatSheet_msrp_R3_lorez.pdf,20,1,Axis,Axis dome cameras,AXIS P39 Series,AXIS P3925-LRE,,P3925-LRE,single_model,02090-001,"$1,059.00 ",1920x1080 (2.1 MP),1920,1080,2.07,2.1 MP,"1/2.9”
6.0 mm, F1.9
56°",1/2.9,6,6,1.9,56,56,56,,,25/30,,0.07/0.02,Forensic WDR / √,- / √,PoE Class 3,-,- / -,no,no,-,"AXIS Guard Suite
AXIS Video Motion Detection",√ / - / -,PVC free,"Electronic image stabilization
Shock detection
Suited for exterior onboard monitoring
IP66/IP67/IP6K9K/NEMA 4X, EN45545, EN50155
IK10+",,,,no,,17,"{""Max. video resolution"": ""1920x1080 (2.1 MP)"", ""Sensor size/Lens/Horizontal field of view"": ""1/2.9”\n6.0 mm, F1.9\n56°"", ""Min. illumination (lux) Color/B&W"": ""0.07/0.02"", ""Max. frames per second"": ""25/30"", ""Audio support/ Built-in mic"": ""- / -"", ""Compute capabilites"": ""-"", ""Included video analytics (for Axis video analytics, see page 4)"": ""AXIS Guard Suite\nAXIS Video Motion Detection"", ""Power"": ""PoE Class 3"", ""In-/output ports"": ""-"", ""WDR/Lightfinder"": ""Forensic WDR / √"", ""Zipstream/ H.264/H.265/AV1"": ""√ / √ / √ / -"", ""OptimizedIR/Built-in IR"": ""- / √"", ""Secure Boot/ Signed video/Secure keystore"": ""√ / - / -"", ""Sustainability"": ""PVC free"", ""Special features"": ""Electronic image stabilization\nShock detection\nSuited for exterior onboard monitoring\nIP66/IP67/IP6K9K/NEMA 4X, EN45545, EN50155\nIK10+"", ""Axis Part Number"": ""02090-001"", ""MSRP"": ""$1,059.00""}"
Q1_2026_CheatSheet_msrp_R3_lorez.pdf,20,1,Axis,Axis dome cameras,AXIS P39 Series,AXIS P3925-R,,P3925-R,single_model,01920-001,$579.00 ,1920x1080 (2.1 MP),1920,1080,2.07,2.1 MP,"1/2.9”
2.8 mm, F1.6
110°",1/2.9,2.8,2.8,1.6,110,110,110,,,25/30,,0.06/0.01,Forensic WDR / √,- / -,PoE Class 2,-,- / -,no,no,-,"AXIS Guard Suite
Blocked view detection
AXIS Video Motion Detection
Active tampering alarm",√ / - / -,PVC free,"Electronic image stabilizationn
Shock detection
Suited for indoor onboard surveillance
IP66/IP67/NEMA 4X (Indoor only),
NFPA 130 complicance, EN45545, EN50155
IK10",,,,no,,17,"{""Max. video resolution"": ""1920x1080 (2.1 MP)"", ""Sensor size/Lens/Horizontal field of view"": ""1/2.9”\n2.8 mm, F1.6\n110°"", ""Min. illumination (lux) Color/B&W"": ""0.06/0.01"", ""Max. frames per second"": ""25/30"", ""Audio support/ Built-in mic"": ""- / -"", ""Compute capabilites"": ""-"", ""Included video analytics (for Axis video analytics, see page 4)"": ""AXIS Guard Suite\nBlocked view detection\nAXIS Video Motion Detection\nActive tampering alarm"", ""Power"": ""PoE Class 2"", ""In-/output ports"": ""-"", ""WDR/Lightfinder"": ""Forensic WDR / √"", ""Zipstream/ H.264/H.265/AV1"": ""√ / √ / √ / -"", ""OptimizedIR/Built-in IR"": ""- / -"", ""Secure Boot/ Signed video/Secure keystore"": ""√ / - / -"", ""Sustainability"": ""PVC free"", ""Special features"": ""Electronic image stabilizationn\nShock detection\nSuited for indoor onboard surveillance\nIP66/IP67/NEMA 4X (Indoor only),\nNFPA 130 complicance, EN45545, EN50155\nIK10"", ""Axis Part Number"": ""01920-001"", ""MSRP"": ""$579.00""}"
Q1_2026_CheatSheet_msrp_R3_lorez.pdf,20,1,Axis,Axis dome cameras,AXIS P39 Series,AXIS P3935-LR,,P3935-LR,single_model,01919-001,$629.00 ,1920x1080 (2.1 MP),1920,1080,2.07,2.1 MP,"1/2.9”
2.8 mm, F1.6
110°",1/2.9,2.8,2.8,1.6,110,110,110,,,25/30,,0.06/0.01,Forensic WDR / √,- / √,PoE Class 3,1-Jan,√ / √,yes,yes,-,"AXIS Guard Suite
Blocked view detection
Audio detection
AXIS Video Motion Detection
Active tampering alarm",√ / - / -,PVC free,"Electronic image stabilization
Shock detection
Suited for indoor onboard surveillance
IP66/IP67/NEMA 4X (Indoor only),
NFPA 130 complicance, EN45545, EN50155, IK10",,,,no,,17,"{""Max. video resolution"": ""1920x1080 (2.1 MP)"", ""Sensor size/Lens/Horizontal field of view"": ""1/2.9”\n2.8 mm, F1.6\n110°"", ""Min. illumination (lux) Color/B&W"": ""0.06/0.01"", ""Max. frames per second"": ""25/30"", ""Audio support/ Built-in mic"": ""√ / √"", ""Compute capabilites"": ""-"", ""Included video analytics (for Axis video analytics, see page 4)"": ""AXIS Guard Suite\nBlocked view detection\nAudio detection\nAXIS Video Motion Detection\nActive tampering alarm"", ""Power"": ""PoE Class 3"", ""In-/output ports"": ""1/1"", ""WDR/Lightfinder"": ""Forensic WDR / √"", ""Zipstream/ H.264/H.265/AV1"": ""√ / √ / √ / -"", ""OptimizedIR/Built-in IR"": ""- / √"", ""Secure Boot/ Signed video/Secure keystore"": ""√ / - / -"", ""Sustainability"": ""PVC free"", ""Special features"": ""Electronic image stabilization\nShock detection\nSuited for indoor onboard surveillance\nIP66/IP67/NEMA 4X (Indoor only),\nNFPA 130 complicance, EN45545, EN50155, IK10"", ""Axis Part Number"": ""01919-001"", ""MSRP"": ""$629.00""}"
Q1_2026_CheatSheet_msrp_R3_lorez.pdf,25,1,Axis,Axis panoramic cameras,AXIS P47 Series,AXIS P4705-PLVE,,P4705-PLVE,single_model,02415-001,"$1,029.00 ",2x 1920x1080 (2x 2MP),1920,1080,2.07,2x 2MP,"2x 1/2.8"", 3.3 – 8.1 mm
F1.9 – 3.2, 107°– 39°",1/2.8,3.3,8.1,1.9,3.2,107,39,,,50/60,,0.15/0.00,Forensic WDR / √,√ / √,"PoE Class 3 with limited IR range
PoE Class 4 with full IR range",-,√ / -,yes,no,Deep learning processing unit,"AXIS Object Analytics on
all channels
AXIS Video Motion Detection
Active tampering alarm
AXIS Scene Metadata",√ / √ / FIPS 140-2 Level 2,"PVC free, BFR/CFR free
7% recycled plastics
2% bioplastics","1 IP address
Remote zoom & focus
Group view
Individually controllable IR LEDs
IP66/IP67/NEMA 4X, IK10",,,,no,,18,"{""Max. video resolution"": ""2x 1920x1080 (2x 2MP)"", ""Sensor size/Lens/Horizontal field of view"": ""2x 1/2.8\"", 3.3 – 8.1 mm\nF1.9 – 3.2, 107°– 39°"", ""Day and night"": ""√"", ""Min. illumination (lux) Color/B&W"": ""0.15/0.00"", ""Max. frames per second"": ""50/60"", ""Audio support/ Built-in mic"": ""√ / -"", ""Compute capabilities"": ""Deep learning processing unit"", ""Included video analytics (for Axis video analytics, see page 4)"": ""AXIS Object Analytics on\nall channels\nAXIS Video Motion Detection\nActive tampering alarm\nAXIS Scene Metadata"", ""Power"": ""PoE Class 3 with limited IR range\nPoE Class 4 with full IR range"", ""In-/output ports"": ""-"", ""WDR/Lightfinder"": ""Forensic WDR / √"", ""Zipstream/ H.264/H.265/AV1"": ""√ / √ / √ / -"", ""OptimizedIR/Built-in IR"": ""√ / √"", ""Secure Boot/Signed video/Secure keystore"": ""√ / √ / FIPS 140-2 Level 2"", ""Sustainability"": ""PVC free, BFR/CFR free\n7% recycled plastics\n2% bioplastics"", ""Special features"": ""1 IP address\nRemote zoom & focus\nGroup view\nIndividually controllable IR LEDs\nIP66/IP67/NEMA 4X, IK10"", ""Axis Part Number"": ""02415-001"", ""MSRP"": ""$1,029.00""}"
Q1_2026_CheatSheet_msrp_R3_lorez.pdf,25,1,Axis,Axis panoramic cameras,AXIS P47 Series,AXIS P4707-PLVE,,P4707-PLVE,single_model,02416-001,"$1,159.00 ",2x 2592x1944 (2x 5MP),2592,1944,5.04,2x 5MP,"2x 1/2.7”, 3.3 – 8.1 mm
F1.9 – 3.2, 98°- 36°",1/2.7,3.3,8.1,1.9,3.2,98,36,,,25/30,,0.19/0.00,Forensic WDR / √,√ / √,Poe Class 4,-,√ / -,yes,no,Deep learning processing unit,"AXIS Object Analytics on
all channels
AXIS Video Motion Detection
Active tampering alarm
AXIS Scene Metadata",√ / √ / FIPS 140-2 Level 2,"PVC free, BFR/CFR free
7% recycled plastics
2% bioplastics","1 IP address
Remote zoom & focus
Group view
Individually controllable IR LEDs
IP66/IP67/NEMA 4X, IK10",,,,no,,18,"{""Max. video resolution"": ""2x 2592x1944 (2x 5MP)"", ""Sensor size/Lens/Horizontal field of view"": ""2x 1/2.7”, 3.3 – 8.1 mm\nF1.9 – 3.2, 98°- 36°"", ""Day and night"": ""√"", ""Min. illumination (lux) Color/B&W"": ""0.19/0.00"", ""Max. frames per second"": ""25/30"", ""Audio support/ Built-in mic"": ""√ / -"", ""Compute capabilities"": ""Deep learning processing unit"", ""Included video analytics (for Axis video analytics, see page 4)"": ""AXIS Object Analytics on\nall channels\nAXIS Video Motion Detection\nActive tampering alarm\nAXIS Scene Metadata"", ""Power"": ""Poe Class 4"", ""In-/output ports"": ""-"", ""WDR/Lightfinder"": ""Forensic WDR / √"", ""Zipstream/ H.264/H.265/AV1"": ""√ / √ / √ / -"", ""OptimizedIR/Built-in IR"": ""√ / √"", ""Secure Boot/Signed video/Secure keystore"": ""√ / √ / FIPS 140-2 Level 2"", ""Sustainability"": ""PVC free, BFR/CFR free\n7% recycled plastics\n2% bioplastics"", ""Special features"": ""1 IP address\nRemote zoom & focus\nGroup view\nIndividually controllable IR LEDs\nIP66/IP67/NEMA 4X, IK10"", ""Axis Part Number"": ""02416-001"", ""MSRP"": ""$1,159.00""}"
Q1_2026_CheatSheet_msrp_R3_lorez.pdf,25,1,Axis,Axis panoramic cameras,AXIS P47 Series,AXIS P4708-PLVE,,P4708-PLVE,single_model,02944-001,"$1,379.00 ",2x 3840x2160 (2x 8MP),3840,2160,8.29,2x 8MP,"2x 1/2.8"", 3.3-8.1 mm
F1.9-3.2, 108°-40°",1/2.8,3.3,8.1,1.9,3.2,108,40,,,25/30,,0.19/0.00,Forensic WDR / √,√ / √,Poe Class 4,-,√ / -,yes,no,Deep learning processing unit,"AXIS Object Analytics on
all channels
AXIS Video Motion Detection
Active tampering alarm
AXIS Scene Metadata",√ / √ / FIPS 140-2 Level 2,"PVC free, BFR/CFR free
7% recycled plastics
2% bioplastics","1 IP address
Remote zoom & focus
Group view
Individually controllable IR LEDs
IP66/IP67/NEMA 4X, IK10",,,,no,,18,"{""Max. video resolution"": ""2x 3840x2160 (2x 8MP)"", ""Sensor size/Lens/Horizontal field of view"": ""2x 1/2.8\"", 3.3-8.1 mm\nF1.9-3.2, 108°-40°"", ""Day and night"": ""√"", ""Min. illumination (lux) Color/B&W"": ""0.19/0.00"", ""Max. frames per second"": ""25/30"", ""Audio support/ Built-in mic"": ""√ / -"", ""Compute capabilities"": ""Deep learning processing unit"", ""Included video analytics (for Axis video analytics, see page 4)"": ""AXIS Object Analytics on\nall channels\nAXIS Video Motion Detection\nActive tampering alarm\nAXIS Scene Metadata"", ""Power"": ""Poe Class 4"", ""In-/output ports"": ""-"", ""WDR/Lightfinder"": ""Forensic WDR / √"", ""Zipstream/ H.264/H.265/AV1"": ""√ / √ / √ / -"", ""OptimizedIR/Built-in IR"": ""√ / √"", ""Secure Boot/Signed video/Secure keystore"": ""√ / √ / FIPS 140-2 Level 2"", ""Sustainability"": ""PVC free, BFR/CFR free\n7% recycled plastics\n2% bioplastics"", ""Special features"": ""1 IP address\nRemote zoom & focus\nGroup view\nIndividually controllable IR LEDs\nIP66/IP67/NEMA 4X, IK10"", ""Axis Part Number"": ""02944-001"", ""MSRP"": ""$1,379.00""}"
Q1_2026_CheatSheet_msrp_R3_lorez.pdf,31,1,Axis,Axis pan/tilt/zoom cameras,AXIS P56 Series,AXIS P5654-E Mk II,,P5654-E Mk II,single_model,02915-001,"$1,799.00 ","1280x720 (1 MP)
1920x1080 (2.1 MP)",1280,720,0.92,1 MP,"1/2.8”
4.0 - 84.6 mm, F1.6 - 4.5
77.0° - 3.6°",1/2.8,4,84.6,1.6,4.5,77,3.6,,,50/60,21,0.1/0.01,Forensic WDR / Lightfinder 2.0,- / -,PoE Class 4,-,- / -,no,no,,"AXIS Object Analytics
Advanced Gatekeeper
AXIS Video Motion Detection
Active tampering alarm
AXIS Scene Metadata",√ / - / -,PVC free,"Electronic image stabilization
Focus recall
Shock detection
IP66/NEMA 4X, IK10",,,,no,,18,"{""Max. video resolution"": ""1280x720 (1 MP)\n1920x1080 (2.1 MP)"", ""Sensor size/Lens/Horizontal field of view"": ""1/2.8”\n4.0 - 84.6 mm, F1.6 - 4.5\n77.0° - 3.6°"", ""Day and night"": ""√"", ""Min. illumination (lux) Color/B&W"": ""0.1/0.01"", ""Max. frames per second"": ""50/60"", ""Optical zoom"": ""21"", ""Audio support/ Built-in mic"": ""- / -"", ""Included video analytics (for Axis video analytics, see page 4)"": ""AXIS Object Analytics\nAdvanced Gatekeeper\nAXIS Video Motion Detection\nActive tampering alarm\nAXIS Scene Metadata"", ""Power"": ""PoE Class 4"", ""In-/output ports"": ""-"", ""WDR/Lightfinder"": ""Forensic WDR / Lightfinder 2.0"", ""Zipstream/ H.264/H.265/AV1"": ""√ / √ / √ / -"", ""OptimizedIR/Built-in IR"": ""- / -"", ""Secure Boot/ Signed video/Secure keystore"": ""√ / - / -"", ""Sustainability"": ""PVC free"", ""Special features"": ""Electronic image stabilization\nFocus recall\nShock detection\nIP66/NEMA 4X, IK10"", ""Axis Part Number"": ""02915-001"", ""MSRP"": ""$1,799.00""}"
Q1_2026_CheatSheet_msrp_R3_lorez.pdf,31,1,Axis,Axis pan/tilt/zoom cameras,AXIS P56 Series,AXIS P5655-E,,P5655-E,single_model,01682-004,"$1,999.00 ",1920x1080 (2.1 MP),1920,1080,2.07,2.1 MP,"1/2.8”
4.3 - 137.6 mm, F1.4 - 4.0
58.7° - 2.4°",1/2.8,4.3,137.6,1.4,4,58.7,2.4,,,50/60,32,0.1/0.01,Forensic WDR / Lightfinder 2.0,- / -,"PoE Class 4, AC, DC",4,√ / -,yes,no,,"AXIS Object Analytics
Advanced Gatekeeper
Audio detection
AXIS Video Motion Detection
Active tampering alarm
AXIS Scene Metadata",√ / - / -,PVC free,"Electronic image stabilization
Focus recall
Shock detection
IP66/NEMA 4X, IK10",,,,no,,18,"{""Max. video resolution"": ""1920x1080 (2.1 MP)"", ""Sensor size/Lens/Horizontal field of view"": ""1/2.8”\n4.3 - 137.6 mm, F1.4 - 4.0\n58.7° - 2.4°"", ""Day and night"": ""√"", ""Min. illumination (lux) Color/B&W"": ""0.1/0.01"", ""Max. frames per second"": ""50/60"", ""Optical zoom"": ""32"", ""Audio support/ Built-in mic"": ""√ / -"", ""Included video analytics (for Axis video analytics, see page 4)"": ""AXIS Object Analytics\nAdvanced Gatekeeper\nAudio detection\nAXIS Video Motion Detection\nActive tampering alarm\nAXIS Scene Metadata"", ""Power"": ""PoE Class 4, AC, DC"", ""In-/output ports"": ""4"", ""WDR/Lightfinder"": ""Forensic WDR / Lightfinder 2.0"", ""Zipstream/ H.264/H.265/AV1"": ""√ / √ / √ / -"", ""OptimizedIR/Built-in IR"": ""- / -"", ""Secure Boot/ Signed video/Secure keystore"": ""√ / - / -"", ""Sustainability"": ""PVC free"", ""Special features"": ""Electronic image stabilization\nFocus recall\nShock detection\nIP66/NEMA 4X, IK10"", ""Axis Part Number"": ""01682-004"", ""MSRP"": ""$1,999.00""}"
Q1_2026_CheatSheet_msrp_R3_lorez.pdf,31,1,Axis,Axis pan/tilt/zoom cameras,AXIS P56 Series,AXIS P5676-LE,,P5676-LE,single_model,02414-001,"$2,329.00 ",2688x1512 (4 MP),2688,1512,4.06,4 MP,"1/2.9,
4.5 - 135 mm, F1.6 - 4.6
57.1° – 2.1°",1/2.9,4.5,135,1.6,4.6,57.1,2.1,,,50/60,30,0.1/0.01,Forensic WDR / Lightfinder 2.0,√ / √,"PoE Class 6, PoE Class 4, AC, DC",4,√ / -,yes,no,,"AXIS Object Analytics
Active Gatekeeper
Autotracking
AXIS Video Motion Detection
AXIS Scene Metadata",√ / √ / √,"PVC free, Biobased plastic","Electronic image stabilization
Orientation aid
Tampering, Spot focus
Power Meter
IP66/NEMA 4X, IK10",,,,no,,18,"{""Max. video resolution"": ""2688x1512 (4 MP)"", ""Sensor size/Lens/Horizontal field of view"": ""1/2.9,\n4.5 - 135 mm, F1.6 - 4.6\n57.1° – 2.1°"", ""Day and night"": ""√"", ""Min. illumination (lux) Color/B&W"": ""0.1/0.01"", ""Max. frames per second"": ""50/60"", ""Optical zoom"": ""30"", ""Audio support/ Built-in mic"": ""√ / -"", ""Included video analytics (for Axis video analytics, see page 4)"": ""AXIS Object Analytics\nActive Gatekeeper\nAutotracking\nAXIS Video Motion Detection\nAXIS Scene Metadata"", ""Power"": ""PoE Class 6, PoE Class 4, AC, DC"", ""In-/output ports"": ""4"", ""WDR/Lightfinder"": ""Forensic WDR / Lightfinder 2.0"", ""Zipstream/ H.264/H.265/AV1"": ""√ / √ / √ / -"", ""OptimizedIR/Built-in IR"": ""√ / √"", ""Secure Boot/ Signed video/Secure keystore"": ""√ / √ / √"", ""Sustainability"": ""PVC free, Biobased plastic"", ""Special features"": ""Electronic image stabilization\nOrientation aid\nTampering, Spot focus\nPower Meter\nIP66/NEMA 4X, IK10"", ""Axis Part Number"": ""02414-001"", ""MSRP"": ""$2,329.00""}"
Q1_2026_CheatSheet_msrp_R3_lorez.pdf,20,1,Axis,Axis dome cameras,AXIS P91,AXIS P9117-PV,,P9117-PV,single_model,02864-001,$789.00 ,2160x2160 (6 MP),2160,2160,4.67,6 MP,"1/1.8”
1.1 mm, F2.2
182°",1/1.8,1.1,1.1,2.2,182,182,182,,,50/60,,0.16/0.03,Forensic WDR / √,- / -,PoE Class 3,-,√ / √,yes,yes,Deep learning processing unit,"AXIS Object Analytics
AXIS Video Motion Detection
Active tampering alarm
AXIS Scene Metadata
AXIS Audio Analytics
Elevator door state detector",√ / √ / √,PVC free,"PoE over 2-wire
IP66 (Indoor only), IK10",,,,no,,17,"{""Max. video resolution"": ""2160x2160 (6 MP)"", ""Sensor size/Lens/Horizontal field of view"": ""1/1.8”\n1.1 mm, F2.2\n182°"", ""Min. illumination (lux) Color/B&W"": ""0.16/0.03"", ""Max. frames per second"": ""50/60"", ""Audio support/ Built-in mic"": ""√ / √"", ""Compute capabilites"": ""Deep learning processing unit"", ""Included video analytics (for Axis video analytics, see page 4)"": ""AXIS Object Analytics\nAXIS Video Motion Detection\nActive tampering alarm\nAXIS Scene Metadata\nAXIS Audio Analytics\nElevator door state detector"", ""Power"": ""PoE Class 3"", ""In-/output ports"": ""-"", ""WDR/Lightfinder"": ""Forensic WDR / √"", ""Zipstream/ H.264/H.265/AV1"": ""√ / √ / √ / -"", ""OptimizedIR/Built-in IR"": ""- / -"", ""Secure Boot/ Signed video/Secure keystore"": ""√ / √ / √"", ""Sustainability"": ""PVC free"", ""Special features"": ""PoE over 2-wire\nIP66 (Indoor only), IK10"", ""Axis Part Number"": ""02864-001"", ""MSRP"": ""$789.00""}"
Q1_2026_CheatSheet_msrp_R3_lorez.pdf,10,1,Axis,Axis box cameras,AXIS Q16 Series,AXIS Q1656,,Q1656,single_model,02164-001,"$1,379.00 ",2688x1512 (4 MP),2688,1512,4.06,4 MP,"1/1.8”, i-CS lens
3.9 - 10 mm, F1.5
120° - 47°",1/1.8,3.9,10,1.5,120,120,47,,,50/60,,0.05/0.01,Forensic WDR/Lightfinder 2.0,- / -,"PoE Class 3, DC",4,√ / √,yes,yes,Deep learning processing unit,"AXIS Object Analytics
Audio detection
AXIS Video Motion Detection
AXIS Image Health Analytics
AXIS Live Privacy Shield
AXIS Scene Metadata",√ / √ / FIPS 140-2 Level 2,"PVC free, BFR/CFR free
4% bio-based plastics","Electronic image stabilization
Shock detection
Edge-to-edge technology",,,,no,,17,"{""Max. video resolution"": ""2688x1512 (4 MP)"", ""Sensor size/Lens/Horizontal field of view"": ""1/1.8”, i-CS lens\n3.9 - 10 mm, F1.5\n120° - 47°"", ""Min. illumination (lux) Color/B&W"": ""0.05/0.01"", ""Max. frames per second"": ""50/60"", ""Audio support/ Built-in mic"": ""√ / √"", ""Compute capabilities"": ""Deep learning processing unit"", ""Included video analytics (for Axis video analytics, see page 4)"": ""AXIS Object Analytics\nAudio detection\nAXIS Video Motion Detection\nAXIS Image Health Analytics\nAXIS Live Privacy Shield\nAXIS Scene Metadata"", ""Power"": ""PoE Class 3, DC"", ""In-/output ports"": ""4"", ""WDR/Lightfinder"": ""Forensic WDR/Lightfinder 2.0"", ""Zipstream/ H.264/H.265/AV1"": ""√ / √ / √ / -"", ""OptimizedIR/Built-in IR"": ""- / -"", ""Secure Boot/Signed video/Secure keystore"": ""√ / √ / FIPS 140-2 Level 2"", ""Sustainability"": ""PVC free, BFR/CFR free\n4% bio-based plastics"", ""Special features"": ""Electronic image stabilization\nShock detection\nEdge-to-edge technology"", ""Axis Part Number"": ""02164-001"", ""MSRP"": ""$1,379.00""}"
Q1_2026_CheatSheet_msrp_R3_lorez.pdf,10,1,Axis,Axis box cameras,AXIS Q16 Series,AXIS Q1656-B,,Q1656-B,single_model,02164-031,"$1,159.00 ",2688x1512 (4 MP),2688,1512,4.06,4 MP,"1/1.8”, -, -",1/1.8,,,,,,,,,50/60,,- / -,Forensic WDR/Lightfinder 2.0,- / -,"PoE Class 3, DC",4,√ / √,yes,yes,Deep learning processing unit,"AXIS Object Analytics
Audio detection
AXIS Video Motion Detection
AXIS Image Health Analytics
AXIS Scene Metadata",√ / √ / FIPS 140-2 Level 2,"PVC free, BFR/CFR free
4% bio-based plastics","Electronic image stabilization
Shock detection
Edge-to-edge technology",,,,no,,17,"{""Max. video resolution"": ""2688x1512 (4 MP)"", ""Sensor size/Lens/Horizontal field of view"": ""1/1.8”, -, -"", ""Min. illumination (lux) Color/B&W"": ""- / -"", ""Max. frames per second"": ""50/60"", ""Audio support/ Built-in mic"": ""√ / √"", ""Compute capabilities"": ""Deep learning processing unit"", ""Included video analytics (for Axis video analytics, see page 4)"": ""AXIS Object Analytics\nAudio detection\nAXIS Video Motion Detection\nAXIS Image Health Analytics\nAXIS Scene Metadata"", ""Power"": ""PoE Class 3, DC"", ""In-/output ports"": ""4"", ""WDR/Lightfinder"": ""Forensic WDR/Lightfinder 2.0"", ""Zipstream/ H.264/H.265/AV1"": ""√ / √ / √ / -"", ""OptimizedIR/Built-in IR"": ""- / -"", ""Secure Boot/Signed video/Secure keystore"": ""√ / √ / FIPS 140-2 Level 2"", ""Sustainability"": ""PVC free, BFR/CFR free\n4% bio-based plastics"", ""Special features"": ""Electronic image stabilization\nShock detection\nEdge-to-edge technology"", ""Axis Part Number"": ""02164-031"", ""MSRP"": ""$1,159.00""}"
Q1_2026_CheatSheet_msrp_R3_lorez.pdf,10,1,Axis,Axis box cameras,AXIS Q16 Series,AXIS Q1656-BE,,Q1656-BE,single_model,02168-031,"$1,319.00 ",2688x1512 (4 MP),2688,1512,4.06,4 MP,"1/1.8”, -, -",1/1.8,,,,,,,,,50/60,,- / -,Forensic WDR/Lightfinder 2.0,- / -,"PoE Class 4, DC",4,√ / -,yes,no,Deep learning processing unit,"AXIS Object Analytics
Audio detection
AXIS Video Motion Detection
AXIS Image Health Analytics
AXIS Scene Metadata",√ / √ / FIPS 140-2 Level 2,"PVC free, BFR/CFR free
5% bio-based plastics","Electronic image stabilization
Shock detection
Edge-to-edge technology
IP66/IP67/NEMA 4X",,,,no,,17,"{""Max. video resolution"": ""2688x1512 (4 MP)"", ""Sensor size/Lens/Horizontal field of view"": ""1/1.8”, -, -"", ""Min. illumination (lux) Color/B&W"": ""- / -"", ""Max. frames per second"": ""50/60"", ""Audio support/ Built-in mic"": ""√ / -"", ""Compute capabilities"": ""Deep learning processing unit"", ""Included video analytics (for Axis video analytics, see page 4)"": ""AXIS Object Analytics\nAudio detection\nAXIS Video Motion Detection\nAXIS Image Health Analytics\nAXIS Scene Metadata"", ""Power"": ""PoE Class 4, DC"", ""In-/output ports"": ""4"", ""WDR/Lightfinder"": ""Forensic WDR/Lightfinder 2.0"", ""Zipstream/ H.264/H.265/AV1"": ""√ / √ / √ / -"", ""OptimizedIR/Built-in IR"": ""- / -"", ""Secure Boot/Signed video/Secure keystore"": ""√ / √ / FIPS 140-2 Level 2"", ""Sustainability"": ""PVC free, BFR/CFR free\n5% bio-based plastics"", ""Special features"": ""Electronic image stabilization\nShock detection\nEdge-to-edge technology\nIP66/IP67/NEMA 4X"", ""Axis Part Number"": ""02168-031"", ""MSRP"": ""$1,319.00""}"
Q1_2026_CheatSheet_msrp_R3_lorez.pdf,10,1,Axis,Axis box cameras,AXIS Q16 Series,AXIS Q1656-BLE,,Q1656-BLE,single_model,02442-031,"$1,639.00 ",2688x1512 (4 MP),2688,1512,4.06,4 MP,"1/1.8”, -, -",1/1.8,,,,,,,,,50/60,,- / -,Forensic WDR/Lightfinder 2.0,√ / √,"PoE Class 4, DC",4,√ / -,yes,no,Deep learning processing unit,"AXIS Object Analytics
Audio detection
AXIS Video Motion Detection
AXIS Image Health Analytics
AXIS Scene Metadata",√ / √ / FIPS 140-2 Level 2,"PVC free, BFR/CFR free
7% bio-based plastics
2% recycled plastics","Electronic image stabilization
Shock detection
Built-in wiper
Edge-to-edge technology
white LED
IP66/IP67/NEMA 4X",,,,no,,17,"{""Max. video resolution"": ""2688x1512 (4 MP)"", ""Sensor size/Lens/Horizontal field of view"": ""1/1.8”, -, -"", ""Min. illumination (lux) Color/B&W"": ""- / -"", ""Max. frames per second"": ""50/60"", ""Audio support/ Built-in mic"": ""√ / -"", ""Compute capabilities"": ""Deep learning processing unit"", ""Included video analytics (for Axis video analytics, see page 4)"": ""AXIS Object Analytics\nAudio detection\nAXIS Video Motion Detection\nAXIS Image Health Analytics\nAXIS Scene Metadata"", ""Power"": ""PoE Class 4, DC"", ""In-/output ports"": ""4"", ""WDR/Lightfinder"": ""Forensic WDR/Lightfinder 2.0"", ""Zipstream/ H.264/H.265/AV1"": ""√ / √ / √ / -"", ""OptimizedIR/Built-in IR"": ""√ / √"", ""Secure Boot/Signed video/Secure keystore"": ""√ / √ / FIPS 140-2 Level 2"", ""Sustainability"": ""PVC free, BFR/CFR free\n7% bio-based plastics\n2% recycled plastics"", ""Special features"": ""Electronic image stabilization\nShock detection\nBuilt-in wiper\nEdge-to-edge technology\nwhite LED\nIP66/IP67/NEMA 4X"", ""Axis Part Number"": ""02442-031"", ""MSRP"": ""$1,639.00""}"
Q1_2026_CheatSheet_msrp_R3_lorez.pdf,10,1,Axis,Axis box cameras,AXIS Q16 Series,AXIS Q1656-DLE,,Q1656-DLE,single_model,02420-001,"$2,649.00 ",2688x1512 (4 MP),2688,1512,4.06,4 MP,"1/1.8'', i-CS lens
3.9 - 10 mm, F1.5
96° - 44°",1/1.8,3.9,10,1.5,96,96,44,,,50/60,,0.05/0.00,Forensic WDR/Lightfinder 2.0,√ / √,"PoE Class 4, DC",4,√ / -,yes,no,Deep learning processing unit,"AXIS Object Analytics
Audio detection
AXIS Video Motion Detection
AXIS Image Health Analytics
AXIS Scene Metadata",√ / √ / FIPS 140-2 Level 2,"PVC free, BFR/CFR free
6% bio-based plastics","Electronic image stabilization
Shock detection
Edge-to-edge technology
Picture-in-picture
Augmented overlay (radar)
IP66/IP67/NEMA 4X",,,,no,,17,"{""Max. video resolution"": ""2688x1512 (4 MP)"", ""Sensor size/Lens/Horizontal field of view"": ""1/1.8'', i-CS lens\n3.9 - 10 mm, F1.5\n96° - 44°"", ""Min. illumination (lux) Color/B&W"": ""0.05/0.00"", ""Max. frames per second"": ""50/60"", ""Audio support/ Built-in mic"": ""√ / -"", ""Compute capabilities"": ""Deep learning processing unit"", ""Included video analytics (for Axis video analytics, see page 4)"": ""AXIS Object Analytics\nAudio detection\nAXIS Video Motion Detection\nAXIS Image Health Analytics\nAXIS Scene Metadata"", ""Power"": ""PoE Class 4, DC"", ""In-/output ports"": ""4"", ""WDR/Lightfinder"": ""Forensic WDR/Lightfinder 2.0"", ""Zipstream/ H.264/H.265/AV1"": ""√ / √ / √ / -"", ""OptimizedIR/Built-in IR"": ""√ / √"", ""Secure Boot/Signed video/Secure keystore"": ""√ / √ / FIPS 140-2 Level 2"", ""Sustainability"": ""PVC free, BFR/CFR free\n6% bio-based plastics"", ""Special features"": ""Electronic image stabilization\nShock detection\nEdge-to-edge technology\nPicture-in-picture\nAugmented overlay (radar)\nIP66/IP67/NEMA 4X"", ""Axis Part Number"": ""02420-001"", ""MSRP"": ""$2,649.00""}"
Q1_2026_CheatSheet_msrp_R3_lorez.pdf,10,1,Axis,Axis box cameras,AXIS Q16 Series,AXIS Q1656-LE,,Q1656-LE,single_model,02168-001,"$1,899.00 ",2688x1512 (4 MP),2688,1512,4.06,4 MP,"1/1.8”, i-CS lens
3.9 - 10 mm, F1.5
113° - 47°",1/1.8,3.9,10,1.5,113,113,47,,,50/60,,0.05/0.00,Forensic WDR/Lightfinder 2.0,√ / √,"PoE Class 4, DC",4,√ / -,yes,no,Deep learning processing unit,"AXIS Object Analytics
Audio detection
AXIS Video Motion Detection
AXIS Image Health Analytics
AXIS Live Privacy Shield
AXIS Scene Metadata",√ / √ / FIPS 140-2 Level 2,"PVC free, BFR/CFR free
7% bio-basedplastics
2% recycled plastics","Electronic image stabilization
Shock detection
Built-in wiper
Edge-to-edge technology
white LED
IP66/IP67/NEMA 4X",,,,no,,17,"{""Max. video resolution"": ""2688x1512 (4 MP)"", ""Sensor size/Lens/Horizontal field of view"": ""1/1.8”, i-CS lens\n3.9 - 10 mm, F1.5\n113° - 47°"", ""Min. illumination (lux) Color/B&W"": ""0.05/0.00"", ""Max. frames per second"": ""50/60"", ""Audio support/ Built-in mic"": ""√ / -"", ""Compute capabilities"": ""Deep learning processing unit"", ""Included video analytics (for Axis video analytics, see page 4)"": ""AXIS Object Analytics\nAudio detection\nAXIS Video Motion Detection\nAXIS Image Health Analytics\nAXIS Live Privacy Shield\nAXIS Scene Metadata"", ""Power"": ""PoE Class 4, DC"", ""In-/output ports"": ""4"", ""WDR/Lightfinder"": ""Forensic WDR/Lightfinder 2.0"", ""Zipstream/ H.264/H.265/AV1"": ""√ / √ / √ / -"", ""OptimizedIR/Built-in IR"": ""√ / √"", ""Secure Boot/Signed video/Secure keystore"": ""√ / √ / FIPS 140-2 Level 2"", ""Sustainability"": ""PVC free, BFR/CFR free\n7% bio-basedplastics\n2% recycled plastics"", ""Special features"": ""Electronic image stabilization\nShock detection\nBuilt-in wiper\nEdge-to-edge technology\nwhite LED\nIP66/IP67/NEMA 4X"", ""Axis Part Number"": ""02168-001"", ""MSRP"": ""$1,899.00""}"
Q1_2026_CheatSheet_msrp_R3_lorez.pdf,10,1,Axis,Axis box cameras,AXIS Q16 Series,AXIS Q1686-DLE,,Q1686-DLE,single_model,02968-001,"$4,129.00 ",2688x1512 (4 MP),2688,1512,4.06,4 MP,"1/1.8'', i-CS lens
Varifocal, 9 – 50 mm, F1.5
46°–9°",1/1.8,9,50,1.5,46,46,9,,,50/60,,0.05/0.00,Forensic WDR/Lightfinder 2.0,√ / √,"PoE Class 4, DC",4,√ / -,yes,no,Deep learning processing unit,"AXIS Object Analytics
Audio detection
AXIS Video Motion Detection
Active tampering alarm
AXIS Scene Metadata",√ / √ / FIPS 140-2 Level 2,"PVC free, BFR/CFR free
5% bio-based plastics","Built-in license plate cature assistant
License plate capture up to 200 km/h
Measure speed and capture License plate
per vehicle (only ALPV supported),
Shock detection
Electronic image stabilization
Augmented overlay (radar)
IP66/IP67/NEMA 4X",,,,no,,17,"{""Max. video resolution"": ""2688x1512 (4 MP)"", ""Sensor size/Lens/Horizontal field of view"": ""1/1.8'', i-CS lens\nVarifocal, 9 – 50 mm, F1.5\n46°–9°"", ""Min. illumination (lux) Color/B&W"": ""0.05/0.00"", ""Max. frames per second"": ""50/60"", ""Audio support/ Built-in mic"": ""√ / -"", ""Compute capabilities"": ""Deep learning processing unit"", ""Included video analytics (for Axis video analytics, see page 4)"": ""AXIS Object Analytics\nAudio detection\nAXIS Video Motion Detection\nActive tampering alarm\nAXIS Scene Metadata"", ""Power"": ""PoE Class 4, DC"", ""In-/output ports"": ""4"", ""WDR/Lightfinder"": ""Forensic WDR/Lightfinder 2.0"", ""Zipstream/ H.264/H.265/AV1"": ""√ / √ / √ / -"", ""OptimizedIR/Built-in IR"": ""√ / √"", ""Secure Boot/Signed video/Secure keystore"": ""√ / √ / FIPS 140-2 Level 2"", ""Sustainability"": ""PVC free, BFR/CFR free\n5% bio-based plastics"", ""Special features"": ""Built-in license plate cature assistant\nLicense plate capture up to 200 km/h\nMeasure speed and capture License plate\nper vehicle (only ALPV supported),\nShock detection\nElectronic image stabilization\nAugmented overlay (radar)\nIP66/IP67/NEMA 4X"", ""Axis Part Number"": ""02968-001"", ""MSRP"": ""$4,129.00""}"
Q1_2026_CheatSheet_msrp_R3_lorez.pdf,8,1,Axis,Axis box cameras,AXIS Q17 Series,AXIS Q1715,,Q1715,single_model,02220-001,"$1,159.00 ",1920x1080 (2.1 MP),1920,1080,2.07,2.1 MP,"1/2.8”
4 - 84.6 mm, F1.6 - F4.5
76° – 3.6°",1/2.8,4,84.6,1.6,4.5,76,3.6,,,"50/60
100/120 without WDR",,0.1/0.02,Forensic WDR/Lightfinder 2.0,- / -,"PoE Class 3/4, DC",4,√ / -,yes,no,Deep learning processing unit,"AXIS Object Analytics
Audio detection
AXIS Video Motion Detection
Active tampering alarm
AXIS Scene Metadata",√ / √ / FIPS 140-2 Level 2,"PVC free, BFR/CFR free","Electronic image stabilization
Shock detection
HDMI, HD-SDI, I2C
Edge-to-edge technology",,,,no,,17,"{""Max. video resolution"": ""1920x1080 (2.1 MP)"", ""Sensor size/Lens/Horizontal field of view"": ""1/2.8”\n4 - 84.6 mm, F1.6 - F4.5\n76° – 3.6°"", ""Min. illumination (lux) Color/B&W"": ""0.1/0.02"", ""Max. frames per second"": ""50/60\n100/120 without WDR"", ""Audio support/ Built-in mic"": ""√ / -"", ""Compute capabilities"": ""Deep learning processing unit"", ""Included video analytics (for Axis video analytics, see page 4)"": ""AXIS Object Analytics\nAudio detection\nAXIS Video Motion Detection\nActive tampering alarm\nAXIS Scene Metadata"", ""Power"": ""PoE Class 3/4, DC"", ""In-/output ports"": ""4"", ""WDR/Lightfinder"": ""Forensic WDR/Lightfinder 2.0"", ""Zipstream/ H.264/H.265/AV1"": ""√ / √ / √ / -"", ""OptimizedIR/Built-in IR"": ""- / -"", ""Secure Boot/Signed video/Secure keystore"": ""√ / √ / FIPS 140-2 Level 2"", ""Sustainability"": ""PVC free, BFR/CFR free"", ""Special features"": ""Electronic image stabilization\nShock detection\nHDMI, HD-SDI, I2C\nEdge-to-edge technology"", ""Axis Part Number"": ""02220-001"", ""MSRP"": ""$1,159.00""}"
Q1_2026_CheatSheet_msrp_R3_lorez.pdf,8,1,Axis,Axis box cameras,AXIS Q17 Series,AXIS Q1726,,Q1726,single_model,03392-001,"$1,099.00 ",2688x1512 (4 MP),2688,1512,4.06,4 MP,"1/1.8”, 4.7 - 10 mm
F1.1 – 1.2, 101.8°– 44°",1/1.8,4.7,10,1.1,1.2,101.8,44,,,100/120,,0.01/0.002,Forensic WDR/Lightfinder 2.0,- / -,"PoE Class 3, DC",4,√ / -,yes,no,Deep learning processing unit,"AXIS Object Analytics
Audio detection
AXIS Video Motion Detection
AXIS Image Health Analytics
AXIS Live Privacy Shield
AXIS Scene Metadata",√ / √ / FIPS 140-3 Level 3,"PVC free, BFR/CFR free
28% bio-based plastics
15% recycled plastics","Edge-to-edge technology
Shock detection, HDMI
Electronic image stabilization",,,,no,,17,"{""Max. video resolution"": ""2688x1512 (4 MP)"", ""Sensor size/Lens/Horizontal field of view"": ""1/1.8”, 4.7 - 10 mm\nF1.1 – 1.2, 101.8°– 44°"", ""Min. illumination (lux) Color/B&W"": ""0.01/0.002"", ""Max. frames per second"": ""100/120"", ""Audio support/ Built-in mic"": ""√ / -"", ""Compute capabilities"": ""Deep learning processing unit"", ""Included video analytics (for Axis video analytics, see page 4)"": ""AXIS Object Analytics\nAudio detection\nAXIS Video Motion Detection\nAXIS Image Health Analytics\nAXIS Live Privacy Shield\nAXIS Scene Metadata"", ""Power"": ""PoE Class 3, DC"", ""In-/output ports"": ""4"", ""WDR/Lightfinder"": ""Forensic WDR/Lightfinder 2.0"", ""Zipstream/ H.264/H.265/AV1"": ""√ / √ / √ / √"", ""OptimizedIR/Built-in IR"": ""- / -"", ""Secure Boot/Signed video/Secure keystore"": ""√ / √ / FIPS 140-3 Level 3"", ""Sustainability"": ""PVC free, BFR/CFR free\n28% bio-based plastics\n15% recycled plastics"", ""Special features"": ""Edge-to-edge technology\nShock detection, HDMI\nElectronic image stabilization"", ""Axis Part Number"": ""03392-001"", ""MSRP"": ""$1,099.00""}"
Q1_2026_CheatSheet_msrp_R3_lorez.pdf,8,1,Axis,Axis box cameras,AXIS Q17 Series,AXIS Q1726-LE,,Q1726-LE,single_model,03393-001,"$1,799.00 ",2688x1512 (4 MP),2688,1512,4.06,4 MP,"1/1.8”, 4.7 - 10 mm
F1.1 – 1.2, 101.8°– 44°",1/1.8,4.7,10,1.1,1.2,101.8,44,,,100/120,,0.01/0.00,Forensic WDR/Lightfinder 2.0,√ / √,"PoE Class 4, DC",4,√ / -,yes,no,Deep learning processing unit,"AXIS Object Analytics
Audio detection
AXIS Video Motion Detection
AXIS Image Health Analytics
AXIS Live Privacy Shield
AXIS Scene Metadata",√ / √ / FIPS 140-3 Level 3,"PVC free, BFR/CFR free
42% bio-based plastics
4% recycled plastics","Edge-to-edge technology
Shock detection
Built-in-wiper
Electronic image stabilization
IP66/NEMA 4X, IK10, IP67",,,,no,,17,"{""Max. video resolution"": ""2688x1512 (4 MP)"", ""Sensor size/Lens/Horizontal field of view"": ""1/1.8”, 4.7 - 10 mm\nF1.1 – 1.2, 101.8°– 44°"", ""Min. illumination (lux) Color/B&W"": ""0.01/0.00"", ""Max. frames per second"": ""100/120"", ""Audio support/ Built-in mic"": ""√ / -"", ""Compute capabilities"": ""Deep learning processing unit"", ""Included video analytics (for Axis video analytics, see page 4)"": ""AXIS Object Analytics\nAudio detection\nAXIS Video Motion Detection\nAXIS Image Health Analytics\nAXIS Live Privacy Shield\nAXIS Scene Metadata"", ""Power"": ""PoE Class 4, DC"", ""In-/output ports"": ""4"", ""WDR/Lightfinder"": ""Forensic WDR/Lightfinder 2.0"", ""Zipstream/ H.264/H.265/AV1"": ""√ / √ / √ / √"", ""OptimizedIR/Built-in IR"": ""√ / √"", ""Secure Boot/Signed video/Secure keystore"": ""√ / √ / FIPS 140-3 Level 3"", ""Sustainability"": ""PVC free, BFR/CFR free\n42% bio-based plastics\n4% recycled plastics"", ""Special features"": ""Edge-to-edge technology\nShock detection\nBuilt-in-wiper\nElectronic image stabilization\nIP66/NEMA 4X, IK10, IP67"", ""Axis Part Number"": ""03393-001"", ""MSRP"": ""$1,799.00""}"
Q1_2026_CheatSheet_msrp_R3_lorez.pdf,8,1,Axis,Axis box cameras,AXIS Q17 Series,AXIS Q1728,13 mm,Q1728 13 mm,part_number_variants,02839-001,"$1,269.00 ",3840x2160 (8.3 MP),3840,2160,8.29,8.3 MP,"13 mm: 1/1.2”, 5.9 – 13.3 mm
F1.6 – 2.9, 108°– 49°
48 mm: 1/1.2”, 15.2 – 48.7 mm
F1.7, 42°– 13°",1/1.2,5.9,13.3,,,,,13,,50/60,,"13 mm: 0.05/0.01
48 mm: 0.05/0.01",Forensic WDR/Lightfinder 2.0,- / -,"PoE Class 3, DC",4,√ / -,yes,no,Deep learning processing unit,"AXIS Object Analytics
Audio detection
AXIS Video Motion Detection
AXIS Image Health Analytics
AXIS Live Privacy Shield
AXIS Scene Metadata",√ / √ / FIPS 140-3 Level 3,"PVC free, BFR/CFR free
13 mm: 37% Recycled plastics
48 mm: 42% Recycled plastics","Edge-to-edge technology
Shock detection, HDMI
Electronic image stabilization",,,,no,,17,"{""Max. video resolution"": ""3840x2160 (8.3 MP)"", ""Sensor size/Lens/Horizontal field of view"": ""13 mm: 1/1.2”, 5.9 – 13.3 mm\nF1.6 – 2.9, 108°– 49°\n48 mm: 1/1.2”, 15.2 – 48.7 mm\nF1.7, 42°– 13°"", ""Min. illumination (lux) Color/B&W"": ""13 mm: 0.05/0.01\n48 mm: 0.05/0.01"", ""Max. frames per second"": ""50/60"", ""Audio support/ Built-in mic"": ""√ / -"", ""Compute capabilities"": ""Deep learning processing unit"", ""Included video analytics (for Axis video analytics, see page 4)"": ""AXIS Object Analytics\nAudio detection\nAXIS Video Motion Detection\nAXIS Image Health Analytics\nAXIS Live Privacy Shield\nAXIS Scene Metadata"", ""Power"": ""PoE Class 3, DC"", ""In-/output ports"": ""4"", ""WDR/Lightfinder"": ""Forensic WDR/Lightfinder 2.0"", ""Zipstream/ H.264/H.265/AV1"": ""√ / √ / √ / √"", ""OptimizedIR/Built-in IR"": ""- / -"", ""Secure Boot/Signed video/Secure keystore"": ""√ / √ / FIPS 140-3 Level 3"", ""Sustainability"": ""PVC free, BFR/CFR free\n13 mm: 37% Recycled plastics\n48 mm: 42% Recycled plastics"", ""Special features"": ""Edge-to-edge technology\nShock detection, HDMI\nElectronic image stabilization"", ""Axis Part Number"": ""02839-001\n48 mm: 02840-001"", ""MSRP"": ""$1,269.00\n48 mm: $1,269.00""}"
Q1_2026_CheatSheet_msrp_R3_lorez.pdf,8,1,Axis,Axis box cameras,AXIS Q17 Series,AXIS Q1728,48 mm,Q1728 48 mm,part_number_variants,02840-001,"$1,269.00 ",3840x2160 (8.3 MP),3840,2160,8.29,8.3 MP,"13 mm: 1/1.2”, 5.9 – 13.3 mm
F1.6 – 2.9, 108°– 49°
48 mm: 1/1.2”, 15.2 – 48.7 mm
F1.7, 42°– 13°",1/1.2,15.2,48.7,,,,,48,,50/60,,"13 mm: 0.05/0.01
48 mm: 0.05/0.01",Forensic WDR/Lightfinder 2.0,- / -,"PoE Class 3, DC",4,√ / -,yes,no,Deep learning processing unit,"AXIS Object Analytics
Audio detection
AXIS Video Motion Detection
AXIS Image Health Analytics
AXIS Live Privacy Shield
AXIS Scene Metadata",√ / √ / FIPS 140-3 Level 3,"PVC free, BFR/CFR free
13 mm: 37% Recycled plastics
48 mm: 42% Recycled plastics","Edge-to-edge technology
Shock detection, HDMI
Electronic image stabilization",,,,no,,17,"{""Max. video resolution"": ""3840x2160 (8.3 MP)"", ""Sensor size/Lens/Horizontal field of view"": ""13 mm: 1/1.2”, 5.9 – 13.3 mm\nF1.6 – 2.9, 108°– 49°\n48 mm: 1/1.2”, 15.2 – 48.7 mm\nF1.7, 42°– 13°"", ""Min. illumination (lux) Color/B&W"": ""13 mm: 0.05/0.01\n48 mm: 0.05/0.01"", ""Max. frames per second"": ""50/60"", ""Audio support/ Built-in mic"": ""√ / -"", ""Compute capabilities"": ""Deep learning processing unit"", ""Included video analytics (for Axis video analytics, see page 4)"": ""AXIS Object Analytics\nAudio detection\nAXIS Video Motion Detection\nAXIS Image Health Analytics\nAXIS Live Privacy Shield\nAXIS Scene Metadata"", ""Power"": ""PoE Class 3, DC"", ""In-/output ports"": ""4"", ""WDR/Lightfinder"": ""Forensic WDR/Lightfinder 2.0"", ""Zipstream/ H.264/H.265/AV1"": ""√ / √ / √ / √"", ""OptimizedIR/Built-in IR"": ""- / -"", ""Secure Boot/Signed video/Secure keystore"": ""√ / √ / FIPS 140-3 Level 3"", ""Sustainability"": ""PVC free, BFR/CFR free\n13 mm: 37% Recycled plastics\n48 mm: 42% Recycled plastics"", ""Special features"": ""Edge-to-edge technology\nShock detection, HDMI\nElectronic image stabilization"", ""Axis Part Number"": ""02839-001\n48 mm: 02840-001"", ""MSRP"": ""$1,269.00\n48 mm: $1,269.00""}"
Q1_2026_CheatSheet_msrp_R3_lorez.pdf,8,1,Axis,Axis box cameras,AXIS Q17 Series,AXIS Q1728-LE,13 mm,Q1728-LE 13 mm,part_number_variants,03210-001,"$1,899.00 ",3840x2160 (8.3 MP),3840,2160,8.29,8.3 MP,"13 mm: 1/1.2”, 5.9 – 13.3 mm
F1.6 – 2.9, 108°– 49°
48 mm: 1/1.2”, 15.2 – 48.7 mm
F1.7, 42°– 13°",1/1.2,5.9,13.3,,,,,13,,50/60,,"13 mm: 0.05/0.00
48 mm: 0.05/0.00",Forensic WDR/Lightfinder 2.0,√ / √,"PoE Class 4, DC",4,√ / -,yes,no,Deep learning processing unit,"AXIS Object Analytics
Audio detection
AXIS Video Motion Detection
AXIS Image Health Analytics
AXIS Live Privacy Shield
AXIS Scene Metadata",√ / √ / FIPS 140-3 Level 3,"PVC free, BFR/CFR free
42% bio-based plastics
4% recycled plastics","Edge-to-edge technology
Shock detection
Built-in-wiper
Electronic image stabilization
IP66/NEMA 4X, IK10, IP67",,,,no,,17,"{""Max. video resolution"": ""3840x2160 (8.3 MP)"", ""Sensor size/Lens/Horizontal field of view"": ""13 mm: 1/1.2”, 5.9 – 13.3 mm\nF1.6 – 2.9, 108°– 49°\n48 mm: 1/1.2”, 15.2 – 48.7 mm\nF1.7, 42°– 13°"", ""Min. illumination (lux) Color/B&W"": ""13 mm: 0.05/0.00\n48 mm: 0.05/0.00"", ""Max. frames per second"": ""50/60"", ""Audio support/ Built-in mic"": ""√ / -"", ""Compute capabilities"": ""Deep learning processing unit"", ""Included video analytics (for Axis video analytics, see page 4)"": ""AXIS Object Analytics\nAudio detection\nAXIS Video Motion Detection\nAXIS Image Health Analytics\nAXIS Live Privacy Shield\nAXIS Scene Metadata"", ""Power"": ""PoE Class 4, DC"", ""In-/output ports"": ""4"", ""WDR/Lightfinder"": ""Forensic WDR/Lightfinder 2.0"", ""Zipstream/ H.264/H.265/AV1"": ""√ / √ / √ / √"", ""OptimizedIR/Built-in IR"": ""√ / √"", ""Secure Boot/Signed video/Secure keystore"": ""√ / √ / FIPS 140-3 Level 3"", ""Sustainability"": ""PVC free, BFR/CFR free\n42% bio-based plastics\n4% recycled plastics"", ""Special features"": ""Edge-to-edge technology\nShock detection\nBuilt-in-wiper\nElectronic image stabilization\nIP66/NEMA 4X, IK10, IP67"", ""Axis Part Number"": ""03210-001\n48 mm: 03211-001"", ""MSRP"": ""$1,899.00\n48 mm: $1,899.00""}"
Q1_2026_CheatSheet_msrp_R3_lorez.pdf,8,1,Axis,Axis box cameras,AXIS Q17 Series,AXIS Q1728-LE,48 mm,Q1728-LE 48 mm,part_number_variants,03211-001,"$1,899.00 ",3840x2160 (8.3 MP),3840,2160,8.29,8.3 MP,"13 mm: 1/1.2”, 5.9 – 13.3 mm
F1.6 – 2.9, 108°– 49°
48 mm: 1/1.2”, 15.2 – 48.7 mm
F1.7, 42°– 13°",1/1.2,15.2,48.7,,,,,48,,50/60,,"13 mm: 0.05/0.00
48 mm: 0.05/0.00",Forensic WDR/Lightfinder 2.0,√ / √,"PoE Class 4, DC",4,√ / -,yes,no,Deep learning processing unit,"AXIS Object Analytics
Audio detection
AXIS Video Motion Detection
AXIS Image Health Analytics
AXIS Live Privacy Shield
AXIS Scene Metadata",√ / √ / FIPS 140-3 Level 3,"PVC free, BFR/CFR free
42% bio-based plastics
4% recycled plastics","Edge-to-edge technology
Shock detection
Built-in-wiper
Electronic image stabilization
IP66/NEMA 4X, IK10, IP67",,,,no,,17,"{""Max. video resolution"": ""3840x2160 (8.3 MP)"", ""Sensor size/Lens/Horizontal field of view"": ""13 mm: 1/1.2”, 5.9 – 13.3 mm\nF1.6 – 2.9, 108°– 49°\n48 mm: 1/1.2”, 15.2 – 48.7 mm\nF1.7, 42°– 13°"", ""Min. illumination (lux) Color/B&W"": ""13 mm: 0.05/0.00\n48 mm: 0.05/0.00"", ""Max. frames per second"": ""50/60"", ""Audio support/ Built-in mic"": ""√ / -"", ""Compute capabilities"": ""Deep learning processing unit"", ""Included video analytics (for Axis video analytics, see page 4)"": ""AXIS Object Analytics\nAudio detection\nAXIS Video Motion Detection\nAXIS Image Health Analytics\nAXIS Live Privacy Shield\nAXIS Scene Metadata"", ""Power"": ""PoE Class 4, DC"", ""In-/output ports"": ""4"", ""WDR/Lightfinder"": ""Forensic WDR/Lightfinder 2.0"", ""Zipstream/ H.264/H.265/AV1"": ""√ / √ / √ / √"", ""OptimizedIR/Built-in IR"": ""√ / √"", ""Secure Boot/Signed video/Secure keystore"": ""√ / √ / FIPS 140-3 Level 3"", ""Sustainability"": ""PVC free, BFR/CFR free\n42% bio-based plastics\n4% recycled plastics"", ""Special features"": ""Edge-to-edge technology\nShock detection\nBuilt-in-wiper\nElectronic image stabilization\nIP66/NEMA 4X, IK10, IP67"", ""Axis Part Number"": ""03210-001\n48 mm: 03211-001"", ""MSRP"": ""$1,899.00\n48 mm: $1,899.00""}"
Q1_2026_CheatSheet_msrp_R3_lorez.pdf,14,1,Axis,Axis bullet cameras,AXIS Q18 Series,AXIS Q1800-LE,,Q1800-LE,single_model,03107-001,"$1,639.00 ",1920x1080 (2.1 MP),1920,1080,2.07,2.1 MP,"1/2.8"",
7 - 137 mm, F1.5 - 4.0
38°-2.3°",1/2.8,7,137,1.5,4,38,2.3,,,90,20x,0.06/0.00,Forensic WDR/Lightfinder 2.0,√ / √,"PoE Class 3 (no IR, no heaters)
PoE Class 4, AC, DC
PoE Class 6 (with PoE out)",2,√ / -,yes,no,Deep learning processing unit,"AXIS Object Analytics
Audio detection
AXIS Video Motion Detection
Active tampering alarm",√ / √ / FIPS 140-2 Level 2,"PVC free, BFR/CFR free","Electronic image stabilization
Shock detection
Power profiles
Traffic camera installation assistant
Support for third-party based
LPR analytics
IP66/NEMA 4X, IK10",,,,no,,18,"{""Max. video resolution"": ""1920x1080 (2.1 MP)"", ""Sensor size/Lens/Horizontal field of view"": ""1/2.8\"",\n7 - 137 mm, F1.5 - 4.0\n38°-2.3°"", ""Min. illumination (lux) Color/B&W"": ""0.06/0.00"", ""Max. frames per second"": ""90"", ""Optical zoom"": ""20x"", ""Audio support/ Built-in mic"": ""√ / -"", ""Compute capabilities"": ""Deep learning processing unit"", ""Included video analytics (for Axis video analytics, see page 4)"": ""AXIS Object Analytics\nAudio detection\nAXIS Video Motion Detection\nActive tampering alarm"", ""Power"": ""PoE Class 3 (no IR, no heaters)\nPoE Class 4, AC, DC\nPoE Class 6 (with PoE out)"", ""In-/output ports"": ""2"", ""WDR/Lightfinder"": ""Forensic WDR/Lightfinder 2.0"", ""Zipstream/ H.264/H.265/AV1"": ""√ / √ / √ / -"", ""OptimizedIR/Built-in IR"": ""√ / √"", ""Secure Boot/Signed video/Secure keystore"": ""√ / √ / FIPS 140-2 Level 2"", ""Sustainability"": ""PVC free, BFR/CFR free"", ""Special features"": ""Electronic image stabilization\nShock detection\nPower profiles\nTraffic camera installation assistant\nSupport for third-party based\nLPR analytics\nIP66/NEMA 4X, IK10"", ""Axis Part Number"": ""03107-001"", ""MSRP"": ""$1,639.00""}"
Q1_2026_CheatSheet_msrp_R3_lorez.pdf,14,1,Axis,Axis bullet cameras,AXIS Q18 Series,AXIS Q1800-LE-3,,Q1800-LE-3,single_model,03108-001,"$2,169.00 ",1920x1080 (2.1 MP),1920,1080,2.07,2.1 MP,"1/2.8"",
7 - 137 mm,F1.5 - 4.0
38°-2.3°",1/2.8,7,137,1.5,4,38,2.3,,,90,20x,0.06/0.00,Forensic WDR/Lightfinder 2.0,√ / √,"PoE Class 3 (no IR, no heaters)
PoE Class 4, AC, DC
PoE Class 6 (with PoE out)",2,√ / -,yes,no,Deep learning processing unit,"AXIS License Plate Verifier
Audio detection
AXIS Video Motion Detection
Active tampering alarm",√ / √ / FIPS 140-2 Level 2,"PVC free, BFR/CFR free","Electronic image stabilization
Shock detection
Power profiles
Vehicle speed up to 200 km/h (124 mph)
IP66/NEMA 4X, IK10",,,,no,,18,"{""Max. video resolution"": ""1920x1080 (2.1 MP)"", ""Sensor size/Lens/Horizontal field of view"": ""1/2.8\"",\n7 - 137 mm,F1.5 - 4.0\n38°-2.3°"", ""Min. illumination (lux) Color/B&W"": ""0.06/0.00"", ""Max. frames per second"": ""90"", ""Optical zoom"": ""20x"", ""Audio support/ Built-in mic"": ""√ / -"", ""Compute capabilities"": ""Deep learning processing unit"", ""Included video analytics (for Axis video analytics, see page 4)"": ""AXIS License Plate Verifier\nAudio detection\nAXIS Video Motion Detection\nActive tampering alarm"", ""Power"": ""PoE Class 3 (no IR, no heaters)\nPoE Class 4, AC, DC\nPoE Class 6 (with PoE out)"", ""In-/output ports"": ""2"", ""WDR/Lightfinder"": ""Forensic WDR/Lightfinder 2.0"", ""Zipstream/ H.264/H.265/AV1"": ""√ / √ / √ / -"", ""OptimizedIR/Built-in IR"": ""√ / √"", ""Secure Boot/Signed video/Secure keystore"": ""√ / √ / FIPS 140-2 Level 2"", ""Sustainability"": ""PVC free, BFR/CFR free"", ""Special features"": ""Electronic image stabilization\nShock detection\nPower profiles\nVehicle speed up to 200 km/h (124 mph)\nIP66/NEMA 4X, IK10"", ""Axis Part Number"": ""03108-001"", ""MSRP"": ""$2,169.00""}"
Q1_2026_CheatSheet_msrp_R3_lorez.pdf,14,1,Axis,Axis bullet cameras,AXIS Q18 Series,AXIS Q1805-LE,,Q1805-LE,single_model,02504-001,"$1,539.00 ",1920x1080 (2.1 MP),1920,1080,2.07,2.1 MP,"1/2.8”
4.3 - 137 mm, F1.4 - 4.0
60°– 2.3°",1/2.8,4.3,137,1.4,4,60,2.3,,,90,32x,0.06/0.00,Forensic WDR/Lightfinder 2.0,√ / √,"PoE Class 3 (no IR, no heaters)
PoE Class 4, AC, DC
PoE Class 6 (with PoE out)",2,√ / -,yes,no,Deep learning processing unit,"AXIS Object Analytics
AXIS Live Privacy Shield
Audio detection
AXIS Video Motion Detection
AXIS Image Health Analytics
AXIS Scene Metadata",√ / √ / FIPS 140-2 Level 2,"PVC free, BFR/CFR free","Electronic image stabilization
Shock detection
Power profilesEdge-to-edge technology
IP66/IP67/NEMA 4X, IK10",,,,no,,18,"{""Max. video resolution"": ""1920x1080 (2.1 MP)"", ""Sensor size/Lens/Horizontal field of view"": ""1/2.8”\n4.3 - 137 mm, F1.4 - 4.0\n60°– 2.3°"", ""Min. illumination (lux) Color/B&W"": ""0.06/0.00"", ""Max. frames per second"": ""90"", ""Optical zoom"": ""32x"", ""Audio support/ Built-in mic"": ""√ / -"", ""Compute capabilities"": ""Deep learning processing unit"", ""Included video analytics (for Axis video analytics, see page 4)"": ""AXIS Object Analytics\nAXIS Live Privacy Shield\nAudio detection\nAXIS Video Motion Detection\nAXIS Image Health Analytics\nAXIS Scene Metadata"", ""Power"": ""PoE Class 3 (no IR, no heaters)\nPoE Class 4, AC, DC\nPoE Class 6 (with PoE out)"", ""In-/output ports"": ""2"", ""WDR/Lightfinder"": ""Forensic WDR/Lightfinder 2.0"", ""Zipstream/ H.264/H.265/AV1"": ""√ / √ / √ / -"", ""OptimizedIR/Built-in IR"": ""√ / √"", ""Secure Boot/Signed video/Secure keystore"": ""√ / √ / FIPS 140-2 Level 2"", ""Sustainability"": ""PVC free, BFR/CFR free"", ""Special features"": ""Electronic image stabilization\nShock detection\nPower profilesEdge-to-edge technology\nIP66/IP67/NEMA 4X, IK10"", ""Axis Part Number"": ""02504-001"", ""MSRP"": ""$1,539.00""}"
Q1_2026_CheatSheet_msrp_R3_lorez.pdf,14,1,Axis,Axis bullet cameras,AXIS Q18 Series,AXIS Q1806-LE,,Q1806-LE,single_model,02506-001,"$1,749.00 ",2880x1620 (4.7 MP),2880,1620,4.67,4.7 MP,"1/1.8”
4.3 - 137 mm, F1.4 - 4.0
60°–2.3°",1/1.8,4.3,137,1.4,4,60,2.3,,,90,32x,0.08/0.00,Forensic WDR/Lightfinder 2.0,√ / √,"PoE Class 4, AC, DC
PoE Class 6 (with PoE out)",2,√ / -,yes,no,Deep learning processing unit,"AXIS Object Analytics
AXIS Live Privacy Shield
Audio detection
AXIS Video Motion Detection
AXIS Image Health Analytics
AXIS Scene Metadata",√ / √ / FIPS 140-2 Level 2,"PVC free, BFR/CFR free","Optical image stabilization
Electronic image stabilization
Shock detection
Power profiles, Edge-to-edge technology
IP66/IP67/NEMA 4X, IK10",,,,no,,18,"{""Max. video resolution"": ""2880x1620 (4.7 MP)"", ""Sensor size/Lens/Horizontal field of view"": ""1/1.8”\n4.3 - 137 mm, F1.4 - 4.0\n60°–2.3°"", ""Min. illumination (lux) Color/B&W"": ""0.08/0.00"", ""Max. frames per second"": ""90"", ""Optical zoom"": ""32x"", ""Audio support/ Built-in mic"": ""√ / -"", ""Compute capabilities"": ""Deep learning processing unit"", ""Included video analytics (for Axis video analytics, see page 4)"": ""AXIS Object Analytics\nAXIS Live Privacy Shield\nAudio detection\nAXIS Video Motion Detection\nAXIS Image Health Analytics\nAXIS Scene Metadata"", ""Power"": ""PoE Class 4, AC, DC\nPoE Class 6 (with PoE out)"", ""In-/output ports"": ""2"", ""WDR/Lightfinder"": ""Forensic WDR/Lightfinder 2.0"", ""Zipstream/ H.264/H.265/AV1"": ""√ / √ / √ / -"", ""OptimizedIR/Built-in IR"": ""√ / √"", ""Secure Boot/Signed video/Secure keystore"": ""√ / √ / FIPS 140-2 Level 2"", ""Sustainability"": ""PVC free, BFR/CFR free"", ""Special features"": ""Optical image stabilization\nElectronic image stabilization\nShock detection\nPower profiles, Edge-to-edge technology\nIP66/IP67/NEMA 4X, IK10"", ""Axis Part Number"": ""02506-001"", ""MSRP"": ""$1,749.00""}"
Q1_2026_CheatSheet_msrp_R3_lorez.pdf,14,1,Axis,Axis bullet cameras,AXIS Q18 Series,AXIS Q1808-LE,150 mm,Q1808-LE 150 mm,part_number_variants,02508-001,"$2,489.00 ",3712x2784 (10.3 MP),3712,2784,10.33,10.3 MP,"4/3”,12-48 mm, F1.7 - 4.0, 90°– 21°
4/3”, 50 - 150 mm, F4.0, 21°– 7°",3-Apr,50,150,4,4,21,7,150,,50/60,"48 mm: 4x
150 mm: 3x","48 mm: 0.02/0.00
150 mm: 0.1/0.00",Forensic WDR/Lightfinder 2.0,√ / √,"PoE Class 4, AC, DC
PoE Class 6 (with PoE out)",2,√ / -,yes,no,Deep learning processing unit,"AXIS Object Analytics
AXIS Live Privacy Shield
Audio detection
AXIS Video Motion Detection
AXIS Image Health Analytics
AXIS Scene Metadata",√ / √ / FIPS 140-2 Level 2,"PVC free, BFR/CFR free","Electronic image stabilization
Shock detection
Power profiles
white LED for 12-48 mm
Edge-to-edge technology
IP66/IP67/NEMA 4X, IK10",,,,no,,18,"{""Max. video resolution"": ""3712x2784 (10.3 MP)"", ""Sensor size/Lens/Horizontal field of view"": ""4/3”,12-48 mm, F1.7 - 4.0, 90°– 21°\n4/3”, 50 - 150 mm, F4.0, 21°– 7°"", ""Min. illumination (lux) Color/B&W"": ""48 mm: 0.02/0.00\n150 mm: 0.1/0.00"", ""Max. frames per second"": ""50/60"", ""Optical zoom"": ""48 mm: 4x\n150 mm: 3x"", ""Audio support/ Built-in mic"": ""√ / -"", ""Compute capabilities"": ""Deep learning processing unit"", ""Included video analytics (for Axis video analytics, see page 4)"": ""AXIS Object Analytics\nAXIS Live Privacy Shield\nAudio detection\nAXIS Video Motion Detection\nAXIS Image Health Analytics\nAXIS Scene Metadata"", ""Power"": ""PoE Class 4, AC, DC\nPoE Class 6 (with PoE out)"", ""In-/output ports"": ""2"", ""WDR/Lightfinder"": ""Forensic WDR/Lightfinder 2.0"", ""Zipstream/ H.264/H.265/AV1"": ""√ / √ / √ / -"", ""OptimizedIR/Built-in IR"": ""√ / √"", ""Secure Boot/Signed video/Secure keystore"": ""√ / √ / FIPS 140-2 Level 2"", ""Sustainability"": ""PVC free, BFR/CFR free"", ""Special features"": ""Electronic image stabilization\nShock detection\nPower profiles\nwhite LED for 12-48 mm\nEdge-to-edge technology\nIP66/IP67/NEMA 4X, IK10"", ""Axis Part Number"": ""02507-001\n150 mm: 02508-001"", ""MSRP"": ""$2,169.00\n150 mm: $2,489.00""}"
Q1_2026_CheatSheet_msrp_R3_lorez.pdf,14,1,Axis,Axis bullet cameras,AXIS Q18 Series,AXIS Q1808-LE,48 mm,Q1808-LE 48 mm,part_number_variants,02507-001,"$2,169.00 ",3712x2784 (10.3 MP),3712,2784,10.33,10.3 MP,"4/3”,12-48 mm, F1.7 - 4.0, 90°– 21°
4/3”, 50 - 150 mm, F4.0, 21°– 7°",3-Apr,12,48,1.7,4,90,21,48,,50/60,"48 mm: 4x
150 mm: 3x","48 mm: 0.02/0.00
150 mm: 0.1/0.00",Forensic WDR/Lightfinder 2.0,√ / √,"PoE Class 4, AC, DC
PoE Class 6 (with PoE out)",2,√ / -,yes,no,Deep learning processing unit,"AXIS Object Analytics
AXIS Live Privacy Shield
Audio detection
AXIS Video Motion Detection
AXIS Image Health Analytics
AXIS Scene Metadata",√ / √ / FIPS 140-2 Level 2,"PVC free, BFR/CFR free","Electronic image stabilization
Shock detection
Power profiles
white LED for 12-48 mm
Edge-to-edge technology
IP66/IP67/NEMA 4X, IK10",,,,no,,18,"{""Max. video resolution"": ""3712x2784 (10.3 MP)"", ""Sensor size/Lens/Horizontal field of view"": ""4/3”,12-48 mm, F1.7 - 4.0, 90°– 21°\n4/3”, 50 - 150 mm, F4.0, 21°– 7°"", ""Min. illumination (lux) Color/B&W"": ""48 mm: 0.02/0.00\n150 mm: 0.1/0.00"", ""Max. frames per second"": ""50/60"", ""Optical zoom"": ""48 mm: 4x\n150 mm: 3x"", ""Audio support/ Built-in mic"": ""√ / -"", ""Compute capabilities"": ""Deep learning processing unit"", ""Included video analytics (for Axis video analytics, see page 4)"": ""AXIS Object Analytics\nAXIS Live Privacy Shield\nAudio detection\nAXIS Video Motion Detection\nAXIS Image Health Analytics\nAXIS Scene Metadata"", ""Power"": ""PoE Class 4, AC, DC\nPoE Class 6 (with PoE out)"", ""In-/output ports"": ""2"", ""WDR/Lightfinder"": ""Forensic WDR/Lightfinder 2.0"", ""Zipstream/ H.264/H.265/AV1"": ""√ / √ / √ / -"", ""OptimizedIR/Built-in IR"": ""√ / √"", ""Secure Boot/Signed video/Secure keystore"": ""√ / √ / FIPS 140-2 Level 2"", ""Sustainability"": ""PVC free, BFR/CFR free"", ""Special features"": ""Electronic image stabilization\nShock detection\nPower profiles\nwhite LED for 12-48 mm\nEdge-to-edge technology\nIP66/IP67/NEMA 4X, IK10"", ""Axis Part Number"": ""02507-001\n150 mm: 02508-001"", ""MSRP"": ""$2,169.00\n150 mm: $2,489.00""}"
Q1_2026_CheatSheet_msrp_R3_lorez.pdf,14,1,Axis,Axis bullet cameras,AXIS Q18 Series,AXIS Q1809-LE,150 mm,Q1809-LE 150 mm,part_number_variants,03019-001,"$5,299.00 ",7424x5568 (41 MP),7424,5568,41.34,41 MP,"4/3”,12-24 mm, F2.0-3.0, 90°-44°
4/3”, 50 - 150 mm, F4.0, 21°– 7°",3-Apr,50,150,4,4,21,7,150,,25/30,"24 mm: 2x
150 mm: 3x","24 mm: 0.12/0.00
150 mm: 0.2/0.00",Dynamic Contrast/ Lightfinder,√ / √,"PoE Class 4, AC, DC
PoE Class 6 (with PoE out)",2,√ / -,yes,no,Deep learning processing unit,"Audio detection
AXIS Video Motion Detection
Active tampering alarm
AXIS Scene Metadata",√ / √ / FIPS 140-3 Level 3,"PVC free, BFR/CFR free","Electronic image stabilization
Shock detection
Power profiles
white LED for 12-24 mm
Edge-to-edge technology
IP66/IP67/NEMA 4X, IK10",,,,no,,18,"{""Max. video resolution"": ""7424x5568 (41 MP)"", ""Sensor size/Lens/Horizontal field of view"": ""4/3”,12-24 mm, F2.0-3.0, 90°-44°\n4/3”, 50 - 150 mm, F4.0, 21°– 7°"", ""Min. illumination (lux) Color/B&W"": ""24 mm: 0.12/0.00\n150 mm: 0.2/0.00"", ""Max. frames per second"": ""25/30"", ""Optical zoom"": ""24 mm: 2x\n150 mm: 3x"", ""Audio support/ Built-in mic"": ""√ / -"", ""Compute capabilities"": ""Deep learning processing unit"", ""Included video analytics (for Axis video analytics, see page 4)"": ""Audio detection\nAXIS Video Motion Detection\nActive tampering alarm\nAXIS Scene Metadata"", ""Power"": ""PoE Class 4, AC, DC\nPoE Class 6 (with PoE out)"", ""In-/output ports"": ""2"", ""WDR/Lightfinder"": ""Dynamic Contrast/ Lightfinder"", ""Zipstream/ H.264/H.265/AV1"": ""√ / √ / √ / -"", ""OptimizedIR/Built-in IR"": ""√ / √"", ""Secure Boot/Signed video/Secure keystore"": ""√ / √ / FIPS 140-3 Level 3"", ""Sustainability"": ""PVC free, BFR/CFR free"", ""Special features"": ""Electronic image stabilization\nShock detection\nPower profiles\nwhite LED for 12-24 mm\nEdge-to-edge technology\nIP66/IP67/NEMA 4X, IK10"", ""Axis Part Number"": ""02870-001\n150 mm: 03019-001"", ""MSRP"": ""$6,359.00\n150 mm: $5,299.00""}"
Q1_2026_CheatSheet_msrp_R3_lorez.pdf,14,1,Axis,Axis bullet cameras,AXIS Q18 Series,AXIS Q1809-LE,24 mm,Q1809-LE 24 mm,part_number_variants,02870-001,"$6,359.00 ",7424x5568 (41 MP),7424,5568,41.34,41 MP,"4/3”,12-24 mm, F2.0-3.0, 90°-44°
4/3”, 50 - 150 mm, F4.0, 21°– 7°",3-Apr,12,24,2,3,90,44,24,,25/30,"24 mm: 2x
150 mm: 3x","24 mm: 0.12/0.00
150 mm: 0.2/0.00",Dynamic Contrast/ Lightfinder,√ / √,"PoE Class 4, AC, DC
PoE Class 6 (with PoE out)",2,√ / -,yes,no,Deep learning processing unit,"Audio detection
AXIS Video Motion Detection
Active tampering alarm
AXIS Scene Metadata",√ / √ / FIPS 140-3 Level 3,"PVC free, BFR/CFR free","Electronic image stabilization
Shock detection
Power profiles
white LED for 12-24 mm
Edge-to-edge technology
IP66/IP67/NEMA 4X, IK10",,,,no,,18,"{""Max. video resolution"": ""7424x5568 (41 MP)"", ""Sensor size/Lens/Horizontal field of view"": ""4/3”,12-24 mm, F2.0-3.0, 90°-44°\n4/3”, 50 - 150 mm, F4.0, 21°– 7°"", ""Min. illumination (lux) Color/B&W"": ""24 mm: 0.12/0.00\n150 mm: 0.2/0.00"", ""Max. frames per second"": ""25/30"", ""Optical zoom"": ""24 mm: 2x\n150 mm: 3x"", ""Audio support/ Built-in mic"": ""√ / -"", ""Compute capabilities"": ""Deep learning processing unit"", ""Included video analytics (for Axis video analytics, see page 4)"": ""Audio detection\nAXIS Video Motion Detection\nActive tampering alarm\nAXIS Scene Metadata"", ""Power"": ""PoE Class 4, AC, DC\nPoE Class 6 (with PoE out)"", ""In-/output ports"": ""2"", ""WDR/Lightfinder"": ""Dynamic Contrast/ Lightfinder"", ""Zipstream/ H.264/H.265/AV1"": ""√ / √ / √ / -"", ""OptimizedIR/Built-in IR"": ""√ / √"", ""Secure Boot/Signed video/Secure keystore"": ""√ / √ / FIPS 140-3 Level 3"", ""Sustainability"": ""PVC free, BFR/CFR free"", ""Special features"": ""Electronic image stabilization\nShock detection\nPower profiles\nwhite LED for 12-24 mm\nEdge-to-edge technology\nIP66/IP67/NEMA 4X, IK10"", ""Axis Part Number"": ""02870-001\n150 mm: 03019-001"", ""MSRP"": ""$6,359.00\n150 mm: $5,299.00""}"
Q1_2026_CheatSheet_msrp_R3_lorez.pdf,33,1,Axis,Axis thermal cameras,AXIS Q19 Series,AXIS Q1961-TE,13 mm 30 fps,Q1961-TE 13 mm 30 fps,part_number_variants,02176-001,"$4,299.00 ",384x288,384,288,0.11,,"Uncooled microbolometer
Athermalized lens
7 mm, F1.18, 55°
13 mm, F1.0, 28°",Uncooled microbolometer,7,13,1,1.18,55,13,13,30,8.3/301,,,,,"PoE Class 3, 12 - 28 V DC",1-Jan,√ / -,yes,no,,"AXIS Guard Suite
Active tampering alarm
Early fire detection
Audio detection",√ / √ / FIPS 140-2 Level 2,"PVC free, BFR/CFR free","Isothermal palettes
Thermal palettes
Spot temperature reading
Polygonal detection areas
Electronic image stabilization
IP66/IP67/NEMA 4X, IK102","-40 °C to 350 °C
(-40 °F to 662 °F)",NETD < 40 mK,,yes,yes,16,"{""Max. video resolution"": ""384x288"", ""Sensor size/Lens/Horizontal field of view"": ""Uncooled microbolometer\nAthermalized lens\n7 mm, F1.18, 55°\n13 mm, F1.0, 28°"", ""Max. frames per second"": ""8.3/301"", ""Object temperature range"": ""-40 °C to 350 °C\n(-40 °F to 662 °F)"", ""Sensitivity"": ""NETD < 40 mK"", ""Audio support/ Built-in mic"": ""√ / -"", ""Included video analytics (for Axis video analytics, see page 4)"": ""AXIS Guard Suite\nActive tampering alarm\nEarly fire detection\nAudio detection"", ""Power"": ""PoE Class 3, 12 - 28 V DC"", ""In-/output ports"": ""1/1"", ""RS485/RS422 for pan/tilt control"": ""-"", ""Zipstream/H.264/H.265"": ""√ / √ / √"", ""Secure Boot/ Signed video/Secure keystore"": ""√ / √ / FIPS 140-2 Level 2"", ""Sustainability"": ""PVC free, BFR/CFR free"", ""Special features"": ""Isothermal palettes\nThermal palettes\nSpot temperature reading\nPolygonal detection areas\nElectronic image stabilization\nIP66/IP67/NEMA 4X, IK102"", ""Axis Part Number"": ""7 mm 30 fps: 02174-001\n13 mm 30 fps: 02176-001"", ""MSRP"": ""7mm 30 fps: $4,299.00\n13 mm 30 fps: $4,299.00""}"
Q1_2026_CheatSheet_msrp_R3_lorez.pdf,33,1,Axis,Axis thermal cameras,AXIS Q19 Series,AXIS Q1961-TE,7 mm 30 fps,Q1961-TE 7 mm 30 fps,part_number_variants,02174-001,"$4,299.00 ",384x288,384,288,0.11,,"Uncooled microbolometer
Athermalized lens
7 mm, F1.18, 55°
13 mm, F1.0, 28°",Uncooled microbolometer,7,13,1,1.18,55,13,7,30,8.3/301,,,,,"PoE Class 3, 12 - 28 V DC",1-Jan,√ / -,yes,no,,"AXIS Guard Suite
Active tampering alarm
Early fire detection
Audio detection",√ / √ / FIPS 140-2 Level 2,"PVC free, BFR/CFR free","Isothermal palettes
Thermal palettes
Spot temperature reading
Polygonal detection areas
Electronic image stabilization
IP66/IP67/NEMA 4X, IK102","-40 °C to 350 °C
(-40 °F to 662 °F)",NETD < 40 mK,,yes,yes,16,"{""Max. video resolution"": ""384x288"", ""Sensor size/Lens/Horizontal field of view"": ""Uncooled microbolometer\nAthermalized lens\n7 mm, F1.18, 55°\n13 mm, F1.0, 28°"", ""Max. frames per second"": ""8.3/301"", ""Object temperature range"": ""-40 °C to 350 °C\n(-40 °F to 662 °F)"", ""Sensitivity"": ""NETD < 40 mK"", ""Audio support/ Built-in mic"": ""√ / -"", ""Included video analytics (for Axis video analytics, see page 4)"": ""AXIS Guard Suite\nActive tampering alarm\nEarly fire detection\nAudio detection"", ""Power"": ""PoE Class 3, 12 - 28 V DC"", ""In-/output ports"": ""1/1"", ""RS485/RS422 for pan/tilt control"": ""-"", ""Zipstream/H.264/H.265"": ""√ / √ / √"", ""Secure Boot/ Signed video/Secure keystore"": ""√ / √ / FIPS 140-2 Level 2"", ""Sustainability"": ""PVC free, BFR/CFR free"", ""Special features"": ""Isothermal palettes\nThermal palettes\nSpot temperature reading\nPolygonal detection areas\nElectronic image stabilization\nIP66/IP67/NEMA 4X, IK102"", ""Axis Part Number"": ""7 mm 30 fps: 02174-001\n13 mm 30 fps: 02176-001"", ""MSRP"": ""7mm 30 fps: $4,299.00\n13 mm 30 fps: $4,299.00""}"
Q1_2026_CheatSheet_msrp_R3_lorez.pdf,35,2,Axis,Explosion-protected devices,Zone 2/Division 2 - cameras,AXIS Q1961-XTE,,Q1961-XTE,single_model,02535-001,"$7,419.00 ",384x288,384,288,0.11,,"Uncooled microbolometer
Athermalized lens
7 mm, F1.18, 55°",Uncooled microbolometer,7,7,1.18,1.18,55,55,,,8.3/301,-,,- / -,,"PoE Class 3, 12 - 28 V DC",1-Jan,,,,,"AXIS Guard Suite
Active tampering alarm
Early fire detection
Audio detection",√ / √ / √,"PVC free, BFR/CFR free","Isothermal palettes
Thermal palettes
Spot temperature reading
Polygonal detection areas
Electronic image stabilization
IP66/IP67/NEMA 250 Type 4X, V",,,,yes,yes,16,"{""Max. video resolution"": ""384x288"", ""Sensor size/Lens/Horizontal field of view"": ""Uncooled microbolometer\nAthermalized lens\n7 mm, F1.18, 55°"", ""Min. illumination (lux)Color/B&W"": ""-"", ""Max. frames per second"": ""8.3/301"", ""Optical zoom"": ""-"", ""Included video analytics (for Axis video analytics, see page 4)"": ""AXIS Guard Suite\nActive tampering alarm\nEarly fire detection\nAudio detection"", ""Power"": ""PoE Class 3, 12 - 28 V DC"", ""In-/output ports"": ""1/1"", ""WDR/Lightfinder"": ""- / -"", ""Zipstream/H.264/H.265"": ""√ / √ / √"", ""Certifications"": ""ATEX, IECEx, cULus"", ""Secure Boot/ Signed video/Secure keystore"": ""√ / √ / √"", ""Sustainability"": ""PVC free, BFR/CFR free"", ""Special features"": ""Isothermal palettes\nThermal palettes\nSpot temperature reading\nPolygonal detection areas\nElectronic image stabilization\nIP66/IP67/NEMA 250 Type 4X, V"", ""Axis Part Number"": ""02535-001"", ""MSRP"": ""$7,419.00""}"
Q1_2026_CheatSheet_msrp_R3_lorez.pdf,33,1,Axis,Axis thermal cameras,AXIS Q19 Series,AXIS Q1971-E,13 mm 30 fps,Q1971-E 13 mm 30 fps,part_number_variants,02947-001,"$3,099.00 ",384x288,384,288,0.11,,"Uncooled microbolometer
Athermalized lens
7 mm, F1.18, 55°
13 mm, F1.0, 29°
19 mm, F1.23, 19°
25 mm, F1.0, 15°
35 mm, F1.14, 10.5°",Uncooled microbolometer,7,35,1,1.23,55,10.5,13,30,8.3/301,,,,,"PoE Class 3, 12 - 28 V DC",1-Jan,√ / -,yes,no,,"AXIS Guard Suite
AXIS Video Motion Detection
Active tampering alarm
Audio detection",√ / √ / FIPS 140-2 Level 2,"PVC free, BFR/CFR free","Electronic image stabilization
Thermal palettes
IP66/IP67/NEMA 4X, IK102",-,NETD < 20 mK,,yes,yes,16,"{""Max. video resolution"": ""384x288"", ""Sensor size/Lens/Horizontal field of view"": ""Uncooled microbolometer\nAthermalized lens\n7 mm, F1.18, 55°\n13 mm, F1.0, 29°\n19 mm, F1.23, 19°\n25 mm, F1.0, 15°\n35 mm, F1.14, 10.5°"", ""Max. frames per second"": ""8.3/301"", ""Object temperature range"": ""-"", ""Sensitivity"": ""NETD < 20 mK"", ""Audio support/ Built-in mic"": ""√ / -"", ""Included video analytics (for Axis video analytics, see page 4)"": ""AXIS Guard Suite\nAXIS Video Motion Detection\nActive tampering alarm\nAudio detection"", ""Power"": ""PoE Class 3, 12 - 28 V DC"", ""In-/output ports"": ""1/1"", ""RS485/RS422 for pan/tilt control"": ""-"", ""Zipstream/H.264/H.265"": ""√ / √ / √"", ""Secure Boot/ Signed video/Secure keystore"": ""√ / √ / FIPS 140-2 Level 2"", ""Sustainability"": ""PVC free, BFR/CFR free"", ""Special features"": ""Electronic image stabilization\nThermal palettes\nIP66/IP67/NEMA 4X, IK102"", ""Axis Part Number"": ""7 mm 30 fps: 02945-001\n13 mm 30 fps: 02947-001\n19 mm 30 fps: 02949-001\n25 mm 30 fps: 02951-001\n35 mm 30 fps: 02953-001"", ""MSRP"": ""7 mm 30 fps: $2,999.00\n13 mm 30 fps: $3,099.00\n19 mm 30 fps: $3,199.00\n25 mm 30 fps: $3,799.00\n35 mm 30 fps: $4,399.00""}"
Q1_2026_CheatSheet_msrp_R3_lorez.pdf,33,1,Axis,Axis thermal cameras,AXIS Q19 Series,AXIS Q1971-E,19 mm 30 fps,Q1971-E 19 mm 30 fps,part_number_variants,02949-001,"$3,199.00 ",384x288,384,288,0.11,,"Uncooled microbolometer
Athermalized lens
7 mm, F1.18, 55°
13 mm, F1.0, 29°
19 mm, F1.23, 19°
25 mm, F1.0, 15°
35 mm, F1.14, 10.5°",Uncooled microbolometer,7,35,1,1.23,55,10.5,19,30,8.3/301,,,,,"PoE Class 3, 12 - 28 V DC",1-Jan,√ / -,yes,no,,"AXIS Guard Suite
AXIS Video Motion Detection
Active tampering alarm
Audio detection",√ / √ / FIPS 140-2 Level 2,"PVC free, BFR/CFR free","Electronic image stabilization
Thermal palettes
IP66/IP67/NEMA 4X, IK102",-,NETD < 20 mK,,yes,yes,16,"{""Max. video resolution"": ""384x288"", ""Sensor size/Lens/Horizontal field of view"": ""Uncooled microbolometer\nAthermalized lens\n7 mm, F1.18, 55°\n13 mm, F1.0, 29°\n19 mm, F1.23, 19°\n25 mm, F1.0, 15°\n35 mm, F1.14, 10.5°"", ""Max. frames per second"": ""8.3/301"", ""Object temperature range"": ""-"", ""Sensitivity"": ""NETD < 20 mK"", ""Audio support/ Built-in mic"": ""√ / -"", ""Included video analytics (for Axis video analytics, see page 4)"": ""AXIS Guard Suite\nAXIS Video Motion Detection\nActive tampering alarm\nAudio detection"", ""Power"": ""PoE Class 3, 12 - 28 V DC"", ""In-/output ports"": ""1/1"", ""RS485/RS422 for pan/tilt control"": ""-"", ""Zipstream/H.264/H.265"": ""√ / √ / √"", ""Secure Boot/ Signed video/Secure keystore"": ""√ / √ / FIPS 140-2 Level 2"", ""Sustainability"": ""PVC free, BFR/CFR free"", ""Special features"": ""Electronic image stabilization\nThermal palettes\nIP66/IP67/NEMA 4X, IK102"", ""Axis Part Number"": ""7 mm 30 fps: 02945-001\n13 mm 30 fps: 02947-001\n19 mm 30 fps: 02949-001\n25 mm 30 fps: 02951-001\n35 mm 30 fps: 02953-001"", ""MSRP"": ""7 mm 30 fps: $2,999.00\n13 mm 30 fps: $3,099.00\n19 mm 30 fps: $3,199.00\n25 mm 30 fps: $3,799.00\n35 mm 30 fps: $4,399.00""}"
Q1_2026_CheatSheet_msrp_R3_lorez.pdf,33,1,Axis,Axis thermal cameras,AXIS Q19 Series,AXIS Q1971-E,25 mm 30 fps,Q1971-E 25 mm 30 fps,part_number_variants,02951-001,"$3,799.00 ",384x288,384,288,0.11,,"Uncooled microbolometer
Athermalized lens
7 mm, F1.18, 55°
13 mm, F1.0, 29°
19 mm, F1.23, 19°
25 mm, F1.0, 15°
35 mm, F1.14, 10.5°",Uncooled microbolometer,7,35,1,1.23,55,10.5,25,30,8.3/301,,,,,"PoE Class 3, 12 - 28 V DC",1-Jan,√ / -,yes,no,,"AXIS Guard Suite
AXIS Video Motion Detection
Active tampering alarm
Audio detection",√ / √ / FIPS 140-2 Level 2,"PVC free, BFR/CFR free","Electronic image stabilization
Thermal palettes
IP66/IP67/NEMA 4X, IK102",-,NETD < 20 mK,,yes,yes,16,"{""Max. video resolution"": ""384x288"", ""Sensor size/Lens/Horizontal field of view"": ""Uncooled microbolometer\nAthermalized lens\n7 mm, F1.18, 55°\n13 mm, F1.0, 29°\n19 mm, F1.23, 19°\n25 mm, F1.0, 15°\n35 mm, F1.14, 10.5°"", ""Max. frames per second"": ""8.3/301"", ""Object temperature range"": ""-"", ""Sensitivity"": ""NETD < 20 mK"", ""Audio support/ Built-in mic"": ""√ / -"", ""Included video analytics (for Axis video analytics, see page 4)"": ""AXIS Guard Suite\nAXIS Video Motion Detection\nActive tampering alarm\nAudio detection"", ""Power"": ""PoE Class 3, 12 - 28 V DC"", ""In-/output ports"": ""1/1"", ""RS485/RS422 for pan/tilt control"": ""-"", ""Zipstream/H.264/H.265"": ""√ / √ / √"", ""Secure Boot/ Signed video/Secure keystore"": ""√ / √ / FIPS 140-2 Level 2"", ""Sustainability"": ""PVC free, BFR/CFR free"", ""Special features"": ""Electronic image stabilization\nThermal palettes\nIP66/IP67/NEMA 4X, IK102"", ""Axis Part Number"": ""7 mm 30 fps: 02945-001\n13 mm 30 fps: 02947-001\n19 mm 30 fps: 02949-001\n25 mm 30 fps: 02951-001\n35 mm 30 fps: 02953-001"", ""MSRP"": ""7 mm 30 fps: $2,999.00\n13 mm 30 fps: $3,099.00\n19 mm 30 fps: $3,199.00\n25 mm 30 fps: $3,799.00\n35 mm 30 fps: $4,399.00""}"
Q1_2026_CheatSheet_msrp_R3_lorez.pdf,33,1,Axis,Axis thermal cameras,AXIS Q19 Series,AXIS Q1971-E,35 mm 30 fps,Q1971-E 35 mm 30 fps,part_number_variants,02953-001,"$4,399.00 ",384x288,384,288,0.11,,"Uncooled microbolometer
Athermalized lens
7 mm, F1.18, 55°
13 mm, F1.0, 29°
19 mm, F1.23, 19°
25 mm, F1.0, 15°
35 mm, F1.14, 10.5°",Uncooled microbolometer,7,35,1,1.23,55,10.5,35,30,8.3/301,,,,,"PoE Class 3, 12 - 28 V DC",1-Jan,√ / -,yes,no,,"AXIS Guard Suite
AXIS Video Motion Detection
Active tampering alarm
Audio detection",√ / √ / FIPS 140-2 Level 2,"PVC free, BFR/CFR free","Electronic image stabilization
Thermal palettes
IP66/IP67/NEMA 4X, IK102",-,NETD < 20 mK,,yes,yes,16,"{""Max. video resolution"": ""384x288"", ""Sensor size/Lens/Horizontal field of view"": ""Uncooled microbolometer\nAthermalized lens\n7 mm, F1.18, 55°\n13 mm, F1.0, 29°\n19 mm, F1.23, 19°\n25 mm, F1.0, 15°\n35 mm, F1.14, 10.5°"", ""Max. frames per second"": ""8.3/301"", ""Object temperature range"": ""-"", ""Sensitivity"": ""NETD < 20 mK"", ""Audio support/ Built-in mic"": ""√ / -"", ""Included video analytics (for Axis video analytics, see page 4)"": ""AXIS Guard Suite\nAXIS Video Motion Detection\nActive tampering alarm\nAudio detection"", ""Power"": ""PoE Class 3, 12 - 28 V DC"", ""In-/output ports"": ""1/1"", ""RS485/RS422 for pan/tilt control"": ""-"", ""Zipstream/H.264/H.265"": ""√ / √ / √"", ""Secure Boot/ Signed video/Secure keystore"": ""√ / √ / FIPS 140-2 Level 2"", ""Sustainability"": ""PVC free, BFR/CFR free"", ""Special features"": ""Electronic image stabilization\nThermal palettes\nIP66/IP67/NEMA 4X, IK102"", ""Axis Part Number"": ""7 mm 30 fps: 02945-001\n13 mm 30 fps: 02947-001\n19 mm 30 fps: 02949-001\n25 mm 30 fps: 02951-001\n35 mm 30 fps: 02953-001"", ""MSRP"": ""7 mm 30 fps: $2,999.00\n13 mm 30 fps: $3,099.00\n19 mm 30 fps: $3,199.00\n25 mm 30 fps: $3,799.00\n35 mm 30 fps: $4,399.00""}"
Q1_2026_CheatSheet_msrp_R3_lorez.pdf,33,1,Axis,Axis thermal cameras,AXIS Q19 Series,AXIS Q1971-E,7 mm 30 fps,Q1971-E 7 mm 30 fps,part_number_variants,02945-001,"$2,999.00 ",384x288,384,288,0.11,,"Uncooled microbolometer
Athermalized lens
7 mm, F1.18, 55°
13 mm, F1.0, 29°
19 mm, F1.23, 19°
25 mm, F1.0, 15°
35 mm, F1.14, 10.5°",Uncooled microbolometer,7,35,1,1.23,55,10.5,7,30,8.3/301,,,,,"PoE Class 3, 12 - 28 V DC",1-Jan,√ / -,yes,no,,"AXIS Guard Suite
AXIS Video Motion Detection
Active tampering alarm
Audio detection",√ / √ / FIPS 140-2 Level 2,"PVC free, BFR/CFR free","Electronic image stabilization
Thermal palettes
IP66/IP67/NEMA 4X, IK102",-,NETD < 20 mK,,yes,yes,16,"{""Max. video resolution"": ""384x288"", ""Sensor size/Lens/Horizontal field of view"": ""Uncooled microbolometer\nAthermalized lens\n7 mm, F1.18, 55°\n13 mm, F1.0, 29°\n19 mm, F1.23, 19°\n25 mm, F1.0, 15°\n35 mm, F1.14, 10.5°"", ""Max. frames per second"": ""8.3/301"", ""Object temperature range"": ""-"", ""Sensitivity"": ""NETD < 20 mK"", ""Audio support/ Built-in mic"": ""√ / -"", ""Included video analytics (for Axis video analytics, see page 4)"": ""AXIS Guard Suite\nAXIS Video Motion Detection\nActive tampering alarm\nAudio detection"", ""Power"": ""PoE Class 3, 12 - 28 V DC"", ""In-/output ports"": ""1/1"", ""RS485/RS422 for pan/tilt control"": ""-"", ""Zipstream/H.264/H.265"": ""√ / √ / √"", ""Secure Boot/ Signed video/Secure keystore"": ""√ / √ / FIPS 140-2 Level 2"", ""Sustainability"": ""PVC free, BFR/CFR free"", ""Special features"": ""Electronic image stabilization\nThermal palettes\nIP66/IP67/NEMA 4X, IK102"", ""Axis Part Number"": ""7 mm 30 fps: 02945-001\n13 mm 30 fps: 02947-001\n19 mm 30 fps: 02949-001\n25 mm 30 fps: 02951-001\n35 mm 30 fps: 02953-001"", ""MSRP"": ""7 mm 30 fps: $2,999.00\n13 mm 30 fps: $3,099.00\n19 mm 30 fps: $3,199.00\n25 mm 30 fps: $3,799.00\n35 mm 30 fps: $4,399.00""}"
Q1_2026_CheatSheet_msrp_R3_lorez.pdf,33,1,Axis,Axis thermal cameras,AXIS Q19 Series,AXIS Q1972-E,10 mm 30 fps,Q1972-E 10 mm 30 fps,part_number_variants,03027-001,"$5,799.00 ",640x480,640,480,0.31,,"Uncooled microbolometer
Athermalized lens
10 mm, F1.2, 63°
19 mm, F1.0, 31°
25 mm, F1.0, 24.1°
35 mm, F1.2, 17°",Uncooled microbolometer,10,35,1,1.2,63,17,10,30,8.3/301,,,,,"PoE Class 3, 12 - 28 V DC",1-Jan,√ / -,yes,no,,"AXIS Guard Suite
AXIS Video Motion Detection
Active tampering alarm
Audio detection",√ / √ / FIPS 140-2 Level 2,"PVC free, BFR/CFR free","Electronic image stabilization
Thermal palettes
IP66/IP67/NEMA 4X, IK102",-,NETD < 20 mK,,yes,yes,16,"{""Max. video resolution"": ""640x480"", ""Sensor size/Lens/Horizontal field of view"": ""Uncooled microbolometer\nAthermalized lens\n10 mm, F1.2, 63°\n19 mm, F1.0, 31°\n25 mm, F1.0, 24.1°\n35 mm, F1.2, 17°"", ""Max. frames per second"": ""8.3/301"", ""Object temperature range"": ""-"", ""Sensitivity"": ""NETD < 20 mK"", ""Audio support/ Built-in mic"": ""√ / -"", ""Included video analytics (for Axis video analytics, see page 4)"": ""AXIS Guard Suite\nAXIS Video Motion Detection\nActive tampering alarm\nAudio detection"", ""Power"": ""PoE Class 3, 12 - 28 V DC"", ""In-/output ports"": ""1/1"", ""RS485/RS422 for pan/tilt control"": ""-"", ""Zipstream/H.264/H.265"": ""√ / √ / √"", ""Secure Boot/ Signed video/Secure keystore"": ""√ / √ / FIPS 140-2 Level 2"", ""Sustainability"": ""PVC free, BFR/CFR free"", ""Special features"": ""Electronic image stabilization\nThermal palettes\nIP66/IP67/NEMA 4X, IK102"", ""Axis Part Number"": ""10 mm 30 fps: 03027-001\n19 mm 30 fps: 03029-001\n25 mm 30 fps: 03031-001\n35 mm 30 fps: 03033-001"", ""MSRP"": ""10 mm 30 fps: $5,799.00\n19 mm 30 fps: $5,799.00\n25 mm 30 fps: $6,299.00\n35 mm 30 fps: $6,899.00""}"
Q1_2026_CheatSheet_msrp_R3_lorez.pdf,33,1,Axis,Axis thermal cameras,AXIS Q19 Series,AXIS Q1972-E,19 mm 30 fps,Q1972-E 19 mm 30 fps,part_number_variants,03029-001,"$5,799.00 ",640x480,640,480,0.31,,"Uncooled microbolometer
Athermalized lens
10 mm, F1.2, 63°
19 mm, F1.0, 31°
25 mm, F1.0, 24.1°
35 mm, F1.2, 17°",Uncooled microbolometer,10,35,1,1.2,63,17,19,30,8.3/301,,,,,"PoE Class 3, 12 - 28 V DC",1-Jan,√ / -,yes,no,,"AXIS Guard Suite
AXIS Video Motion Detection
Active tampering alarm
Audio detection",√ / √ / FIPS 140-2 Level 2,"PVC free, BFR/CFR free","Electronic image stabilization
Thermal palettes
IP66/IP67/NEMA 4X, IK102",-,NETD < 20 mK,,yes,yes,16,"{""Max. video resolution"": ""640x480"", ""Sensor size/Lens/Horizontal field of view"": ""Uncooled microbolometer\nAthermalized lens\n10 mm, F1.2, 63°\n19 mm, F1.0, 31°\n25 mm, F1.0, 24.1°\n35 mm, F1.2, 17°"", ""Max. frames per second"": ""8.3/301"", ""Object temperature range"": ""-"", ""Sensitivity"": ""NETD < 20 mK"", ""Audio support/ Built-in mic"": ""√ / -"", ""Included video analytics (for Axis video analytics, see page 4)"": ""AXIS Guard Suite\nAXIS Video Motion Detection\nActive tampering alarm\nAudio detection"", ""Power"": ""PoE Class 3, 12 - 28 V DC"", ""In-/output ports"": ""1/1"", ""RS485/RS422 for pan/tilt control"": ""-"", ""Zipstream/H.264/H.265"": ""√ / √ / √"", ""Secure Boot/ Signed video/Secure keystore"": ""√ / √ / FIPS 140-2 Level 2"", ""Sustainability"": ""PVC free, BFR/CFR free"", ""Special features"": ""Electronic image stabilization\nThermal palettes\nIP66/IP67/NEMA 4X, IK102"", ""Axis Part Number"": ""10 mm 30 fps: 03027-001\n19 mm 30 fps: 03029-001\n25 mm 30 fps: 03031-001\n35 mm 30 fps: 03033-001"", ""MSRP"": ""10 mm 30 fps: $5,799.00\n19 mm 30 fps: $5,799.00\n25 mm 30 fps: $6,299.00\n35 mm 30 fps: $6,899.00""}"
Q1_2026_CheatSheet_msrp_R3_lorez.pdf,33,1,Axis,Axis thermal cameras,AXIS Q19 Series,AXIS Q1972-E,25 mm 30 fps,Q1972-E 25 mm 30 fps,part_number_variants,03031-001,"$6,299.00 ",640x480,640,480,0.31,,"Uncooled microbolometer
Athermalized lens
10 mm, F1.2, 63°
19 mm, F1.0, 31°
25 mm, F1.0, 24.1°
35 mm, F1.2, 17°",Uncooled microbolometer,10,35,1,1.2,63,17,25,30,8.3/301,,,,,"PoE Class 3, 12 - 28 V DC",1-Jan,√ / -,yes,no,,"AXIS Guard Suite
AXIS Video Motion Detection
Active tampering alarm
Audio detection",√ / √ / FIPS 140-2 Level 2,"PVC free, BFR/CFR free","Electronic image stabilization
Thermal palettes
IP66/IP67/NEMA 4X, IK102",-,NETD < 20 mK,,yes,yes,16,"{""Max. video resolution"": ""640x480"", ""Sensor size/Lens/Horizontal field of view"": ""Uncooled microbolometer\nAthermalized lens\n10 mm, F1.2, 63°\n19 mm, F1.0, 31°\n25 mm, F1.0, 24.1°\n35 mm, F1.2, 17°"", ""Max. frames per second"": ""8.3/301"", ""Object temperature range"": ""-"", ""Sensitivity"": ""NETD < 20 mK"", ""Audio support/ Built-in mic"": ""√ / -"", ""Included video analytics (for Axis video analytics, see page 4)"": ""AXIS Guard Suite\nAXIS Video Motion Detection\nActive tampering alarm\nAudio detection"", ""Power"": ""PoE Class 3, 12 - 28 V DC"", ""In-/output ports"": ""1/1"", ""RS485/RS422 for pan/tilt control"": ""-"", ""Zipstream/H.264/H.265"": ""√ / √ / √"", ""Secure Boot/ Signed video/Secure keystore"": ""√ / √ / FIPS 140-2 Level 2"", ""Sustainability"": ""PVC free, BFR/CFR free"", ""Special features"": ""Electronic image stabilization\nThermal palettes\nIP66/IP67/NEMA 4X, IK102"", ""Axis Part Number"": ""10 mm 30 fps: 03027-001\n19 mm 30 fps: 03029-001\n25 mm 30 fps: 03031-001\n35 mm 30 fps: 03033-001"", ""MSRP"": ""10 mm 30 fps: $5,799.00\n19 mm 30 fps: $5,799.00\n25 mm 30 fps: $6,299.00\n35 mm 30 fps: $6,899.00""}"
Q1_2026_CheatSheet_msrp_R3_lorez.pdf,33,1,Axis,Axis thermal cameras,AXIS Q19 Series,AXIS Q1972-E,35 mm 30 fps,Q1972-E 35 mm 30 fps,part_number_variants,03033-001,"$6,899.00 ",640x480,640,480,0.31,,"Uncooled microbolometer
Athermalized lens
10 mm, F1.2, 63°
19 mm, F1.0, 31°
25 mm, F1.0, 24.1°
35 mm, F1.2, 17°",Uncooled microbolometer,10,35,1,1.2,63,17,35,30,8.3/301,,,,,"PoE Class 3, 12 - 28 V DC",1-Jan,√ / -,yes,no,,"AXIS Guard Suite
AXIS Video Motion Detection
Active tampering alarm
Audio detection",√ / √ / FIPS 140-2 Level 2,"PVC free, BFR/CFR free","Electronic image stabilization
Thermal palettes
IP66/IP67/NEMA 4X, IK102",-,NETD < 20 mK,,yes,yes,16,"{""Max. video resolution"": ""640x480"", ""Sensor size/Lens/Horizontal field of view"": ""Uncooled microbolometer\nAthermalized lens\n10 mm, F1.2, 63°\n19 mm, F1.0, 31°\n25 mm, F1.0, 24.1°\n35 mm, F1.2, 17°"", ""Max. frames per second"": ""8.3/301"", ""Object temperature range"": ""-"", ""Sensitivity"": ""NETD < 20 mK"", ""Audio support/ Built-in mic"": ""√ / -"", ""Included video analytics (for Axis video analytics, see page 4)"": ""AXIS Guard Suite\nAXIS Video Motion Detection\nActive tampering alarm\nAudio detection"", ""Power"": ""PoE Class 3, 12 - 28 V DC"", ""In-/output ports"": ""1/1"", ""RS485/RS422 for pan/tilt control"": ""-"", ""Zipstream/H.264/H.265"": ""√ / √ / √"", ""Secure Boot/ Signed video/Secure keystore"": ""√ / √ / FIPS 140-2 Level 2"", ""Sustainability"": ""PVC free, BFR/CFR free"", ""Special features"": ""Electronic image stabilization\nThermal palettes\nIP66/IP67/NEMA 4X, IK102"", ""Axis Part Number"": ""10 mm 30 fps: 03027-001\n19 mm 30 fps: 03029-001\n25 mm 30 fps: 03031-001\n35 mm 30 fps: 03033-001"", ""MSRP"": ""10 mm 30 fps: $5,799.00\n19 mm 30 fps: $5,799.00\n25 mm 30 fps: $6,299.00\n35 mm 30 fps: $6,899.00""}"
Q1_2026_CheatSheet_msrp_R3_lorez.pdf,33,1,Axis,Axis thermal cameras,AXIS Q21 Series,AXIS Q2101-TE,13 mm 30 fps,Q2101-TE 13 mm 30 fps,part_number_variants,02652-001,"$4,999.00 ",384x288,384,288,0.11,,"Uncooled microbolometer
Athermalized lens
7 mm, F1.18, 55°
13 mm, F1.0, 28°
19 mm, F1.23, 19.4°",Uncooled microbolometer,7,19,1,1.23,55,13,13,30,8.3/301,,,,,"PoE Class 3, 12 - 28 V DC",4,√ / -,yes,no,,"AXIS Guard Suite
Active tampering alarm
Early fire detection
Audio detection",√ / √ / FIPS 140-2 Level 2,"PVC free, BFR/CFR free","Thermometric guard tour
Isothermal palettes
Thermal palettes
Spot temperature reading
Polygonal detection areas
Electronic image stabilization
IP66/IP67/NEMA 4X, IK102","-40 °C to 350 °C
(-40 °F to 662 °F)",NETD < 40 mK,,yes,yes,16,"{""Max. video resolution"": ""384x288"", ""Sensor size/Lens/Horizontal field of view"": ""Uncooled microbolometer\nAthermalized lens\n7 mm, F1.18, 55°\n13 mm, F1.0, 28°\n19 mm, F1.23, 19.4°"", ""Max. frames per second"": ""8.3/301"", ""Object temperature range"": ""-40 °C to 350 °C\n(-40 °F to 662 °F)"", ""Sensitivity"": ""NETD < 40 mK"", ""Audio support/ Built-in mic"": ""√ / -"", ""Included video analytics (for Axis video analytics, see page 4)"": ""AXIS Guard Suite\nActive tampering alarm\nEarly fire detection\nAudio detection"", ""Power"": ""PoE Class 3, 12 - 28 V DC"", ""In-/output ports"": ""4"", ""RS485/RS422 for pan/tilt control"": ""√"", ""Zipstream/H.264/H.265"": ""√ / √ / √"", ""Secure Boot/ Signed video/Secure keystore"": ""√ / √ / FIPS 140-2 Level 2"", ""Sustainability"": ""PVC free, BFR/CFR free"", ""Special features"": ""Thermometric guard tour\nIsothermal palettes\nThermal palettes\nSpot temperature reading\nPolygonal detection areas\nElectronic image stabilization\nIP66/IP67/NEMA 4X, IK102"", ""Axis Part Number"": ""7 mm 30 fps: 02650-001\n13 mm 30 fps: 02652-001\n19 mm 30 fps: 02669-001"", ""MSRP"": ""7 mm 30 fps: $4,999.00\n13 mm 30 fps: $4,999.00\n19 mm 30 fps: $4,999.00""}"
Q1_2026_CheatSheet_msrp_R3_lorez.pdf,33,1,Axis,Axis thermal cameras,AXIS Q21 Series,AXIS Q2101-TE,19 mm 30 fps,Q2101-TE 19 mm 30 fps,part_number_variants,02669-001,"$4,999.00 ",384x288,384,288,0.11,,"Uncooled microbolometer
Athermalized lens
7 mm, F1.18, 55°
13 mm, F1.0, 28°
19 mm, F1.23, 19.4°",Uncooled microbolometer,7,19,1,1.23,55,13,19,30,8.3/301,,,,,"PoE Class 3, 12 - 28 V DC",4,√ / -,yes,no,,"AXIS Guard Suite
Active tampering alarm
Early fire detection
Audio detection",√ / √ / FIPS 140-2 Level 2,"PVC free, BFR/CFR free","Thermometric guard tour
Isothermal palettes
Thermal palettes
Spot temperature reading
Polygonal detection areas
Electronic image stabilization
IP66/IP67/NEMA 4X, IK102","-40 °C to 350 °C
(-40 °F to 662 °F)",NETD < 40 mK,,yes,yes,16,"{""Max. video resolution"": ""384x288"", ""Sensor size/Lens/Horizontal field of view"": ""Uncooled microbolometer\nAthermalized lens\n7 mm, F1.18, 55°\n13 mm, F1.0, 28°\n19 mm, F1.23, 19.4°"", ""Max. frames per second"": ""8.3/301"", ""Object temperature range"": ""-40 °C to 350 °C\n(-40 °F to 662 °F)"", ""Sensitivity"": ""NETD < 40 mK"", ""Audio support/ Built-in mic"": ""√ / -"", ""Included video analytics (for Axis video analytics, see page 4)"": ""AXIS Guard Suite\nActive tampering alarm\nEarly fire detection\nAudio detection"", ""Power"": ""PoE Class 3, 12 - 28 V DC"", ""In-/output ports"": ""4"", ""RS485/RS422 for pan/tilt control"": ""√"", ""Zipstream/H.264/H.265"": ""√ / √ / √"", ""Secure Boot/ Signed video/Secure keystore"": ""√ / √ / FIPS 140-2 Level 2"", ""Sustainability"": ""PVC free, BFR/CFR free"", ""Special features"": ""Thermometric guard tour\nIsothermal palettes\nThermal palettes\nSpot temperature reading\nPolygonal detection areas\nElectronic image stabilization\nIP66/IP67/NEMA 4X, IK102"", ""Axis Part Number"": ""7 mm 30 fps: 02650-001\n13 mm 30 fps: 02652-001\n19 mm 30 fps: 02669-001"", ""MSRP"": ""7 mm 30 fps: $4,999.00\n13 mm 30 fps: $4,999.00\n19 mm 30 fps: $4,999.00""}"
Q1_2026_CheatSheet_msrp_R3_lorez.pdf,33,1,Axis,Axis thermal cameras,AXIS Q21 Series,AXIS Q2101-TE,7 mm 30 fps,Q2101-TE 7 mm 30 fps,part_number_variants,02650-001,"$4,999.00 ",384x288,384,288,0.11,,"Uncooled microbolometer
Athermalized lens
7 mm, F1.18, 55°
13 mm, F1.0, 28°
19 mm, F1.23, 19.4°",Uncooled microbolometer,7,19,1,1.23,55,13,7,30,8.3/301,,,,,"PoE Class 3, 12 - 28 V DC",4,√ / -,yes,no,,"AXIS Guard Suite
Active tampering alarm
Early fire detection
Audio detection",√ / √ / FIPS 140-2 Level 2,"PVC free, BFR/CFR free","Thermometric guard tour
Isothermal palettes
Thermal palettes
Spot temperature reading
Polygonal detection areas
Electronic image stabilization
IP66/IP67/NEMA 4X, IK102","-40 °C to 350 °C
(-40 °F to 662 °F)",NETD < 40 mK,,yes,yes,16,"{""Max. video resolution"": ""384x288"", ""Sensor size/Lens/Horizontal field of view"": ""Uncooled microbolometer\nAthermalized lens\n7 mm, F1.18, 55°\n13 mm, F1.0, 28°\n19 mm, F1.23, 19.4°"", ""Max. frames per second"": ""8.3/301"", ""Object temperature range"": ""-40 °C to 350 °C\n(-40 °F to 662 °F)"", ""Sensitivity"": ""NETD < 40 mK"", ""Audio support/ Built-in mic"": ""√ / -"", ""Included video analytics (for Axis video analytics, see page 4)"": ""AXIS Guard Suite\nActive tampering alarm\nEarly fire detection\nAudio detection"", ""Power"": ""PoE Class 3, 12 - 28 V DC"", ""In-/output ports"": ""4"", ""RS485/RS422 for pan/tilt control"": ""√"", ""Zipstream/H.264/H.265"": ""√ / √ / √"", ""Secure Boot/ Signed video/Secure keystore"": ""√ / √ / FIPS 140-2 Level 2"", ""Sustainability"": ""PVC free, BFR/CFR free"", ""Special features"": ""Thermometric guard tour\nIsothermal palettes\nThermal palettes\nSpot temperature reading\nPolygonal detection areas\nElectronic image stabilization\nIP66/IP67/NEMA 4X, IK102"", ""Axis Part Number"": ""7 mm 30 fps: 02650-001\n13 mm 30 fps: 02652-001\n19 mm 30 fps: 02669-001"", ""MSRP"": ""7 mm 30 fps: $4,999.00\n13 mm 30 fps: $4,999.00\n19 mm 30 fps: $4,999.00""}"
Q1_2026_CheatSheet_msrp_R3_lorez.pdf,33,1,Axis,Axis thermal cameras,AXIS Q21 Series,AXIS Q2111-E,,Q2111-E,single_model,02600-001,"$6,699.00 ",384x288,384,288,0.11,,"Uncooled microbolometer
Athermalized lens
60 mm, F1.2, 6.2°",Uncooled microbolometer,60,60,1.2,1.2,6.2,6.2,,,8.3/301,,,,,"PoE Class 3, 12 - 28 V DC",4,√ / -,yes,no,,"AXIS Guard Suite
AXIS Video Motion Detection
Active tampering alarm
Audio detection",√ / √ / FIPS 140-2 Level 2,"PVC free, BFR/CFR free","Electronic image stabilization
Thermal palettes
IP66/IP67/NEMA 4X, IK102",-,NETD < 20 mK,,yes,yes,16,"{""Max. video resolution"": ""384x288"", ""Sensor size/Lens/Horizontal field of view"": ""Uncooled microbolometer\nAthermalized lens\n60 mm, F1.2, 6.2°"", ""Max. frames per second"": ""8.3/301"", ""Object temperature range"": ""-"", ""Sensitivity"": ""NETD < 20 mK"", ""Audio support/ Built-in mic"": ""√ / -"", ""Included video analytics (for Axis video analytics, see page 4)"": ""AXIS Guard Suite\nAXIS Video Motion Detection\nActive tampering alarm\nAudio detection"", ""Power"": ""PoE Class 3, 12 - 28 V DC"", ""In-/output ports"": ""4"", ""RS485/RS422 for pan/tilt control"": ""√"", ""Zipstream/H.264/H.265"": ""√ / √ / √"", ""Secure Boot/ Signed video/Secure keystore"": ""√ / √ / FIPS 140-2 Level 2"", ""Sustainability"": ""PVC free, BFR/CFR free"", ""Special features"": ""Electronic image stabilization\nThermal palettes\nIP66/IP67/NEMA 4X, IK102"", ""Axis Part Number"": ""02600-001"", ""MSRP"": ""$6,699.00""}"
Q1_2026_CheatSheet_msrp_R3_lorez.pdf,33,1,Axis,Axis thermal cameras,AXIS Q21 Series,AXIS Q2112-E,10 mm 30 fps,Q2112-E 10 mm 30 fps,part_number_variants,02604-001,"$6,299.00 ",640x480,640,480,0.31,,"Uncooled microbolometer
Athermalized lens
10 mm, F1.2, 63°
19 mm, F1.0, 31°
25 mm, F1.0, 24.1°
35 mm, F1.2, 17°
60 mm, F1.2, 10°",Uncooled microbolometer,10,60,1,1.2,63,10,10,30,8.3/301,,,,,"PoE Class 3, 12 - 28 V DC",4,√ / -,yes,no,,"AXIS Guard Suite
AXIS Video Motion Detection
Active tampering alarm
Audio detection",√ / √ / FIPS 140-2 Level 2,"PVC free, BFR/CFR free","Electronic image stabilization
Thermal palettes
IP66/IP67/NEMA 4X, IK102",-,NETD < 20 mK,,yes,yes,16,"{""Max. video resolution"": ""640x480"", ""Sensor size/Lens/Horizontal field of view"": ""Uncooled microbolometer\nAthermalized lens\n10 mm, F1.2, 63°\n19 mm, F1.0, 31°\n25 mm, F1.0, 24.1°\n35 mm, F1.2, 17°\n60 mm, F1.2, 10°"", ""Max. frames per second"": ""8.3/301"", ""Object temperature range"": ""-"", ""Sensitivity"": ""NETD < 20 mK"", ""Audio support/ Built-in mic"": ""√ / -"", ""Included video analytics (for Axis video analytics, see page 4)"": ""AXIS Guard Suite\nAXIS Video Motion Detection\nActive tampering alarm\nAudio detection"", ""Power"": ""PoE Class 3, 12 - 28 V DC"", ""In-/output ports"": ""4"", ""RS485/RS422 for pan/tilt control"": ""√"", ""Zipstream/H.264/H.265"": ""√ / √ / √"", ""Secure Boot/ Signed video/Secure keystore"": ""√ / √ / FIPS 140-2 Level 2"", ""Sustainability"": ""PVC free, BFR/CFR free"", ""Special features"": ""Electronic image stabilization\nThermal palettes\nIP66/IP67/NEMA 4X, IK102"", ""Axis Part Number"": ""10 mm 30 fps: 02604-001\n19 mm 30 fps: 02606-001\n25 mm 30 fps: 02608-001\n35 mm 30 fps: 02610-001\n60 mm 30 fps: 02612-001"", ""MSRP"": ""10 mm 30 fps: $6,299.00\n19 mm 30 fps: $6,299.00\n25 mm 30 fps: $6,799.00\n35 mm 30 fps: $6,799.00\n60 mm 30 fps: $8,599.00""}"
Q1_2026_CheatSheet_msrp_R3_lorez.pdf,33,1,Axis,Axis thermal cameras,AXIS Q21 Series,AXIS Q2112-E,19 mm 30 fps,Q2112-E 19 mm 30 fps,part_number_variants,02606-001,"$6,299.00 ",640x480,640,480,0.31,,"Uncooled microbolometer
Athermalized lens
10 mm, F1.2, 63°
19 mm, F1.0, 31°
25 mm, F1.0, 24.1°
35 mm, F1.2, 17°
60 mm, F1.2, 10°",Uncooled microbolometer,10,60,1,1.2,63,10,19,30,8.3/301,,,,,"PoE Class 3, 12 - 28 V DC",4,√ / -,yes,no,,"AXIS Guard Suite
AXIS Video Motion Detection
Active tampering alarm
Audio detection",√ / √ / FIPS 140-2 Level 2,"PVC free, BFR/CFR free","Electronic image stabilization
Thermal palettes
IP66/IP67/NEMA 4X, IK102",-,NETD < 20 mK,,yes,yes,16,"{""Max. video resolution"": ""640x480"", ""Sensor size/Lens/Horizontal field of view"": ""Uncooled microbolometer\nAthermalized lens\n10 mm, F1.2, 63°\n19 mm, F1.0, 31°\n25 mm, F1.0, 24.1°\n35 mm, F1.2, 17°\n60 mm, F1.2, 10°"", ""Max. frames per second"": ""8.3/301"", ""Object temperature range"": ""-"", ""Sensitivity"": ""NETD < 20 mK"", ""Audio support/ Built-in mic"": ""√ / -"", ""Included video analytics (for Axis video analytics, see page 4)"": ""AXIS Guard Suite\nAXIS Video Motion Detection\nActive tampering alarm\nAudio detection"", ""Power"": ""PoE Class 3, 12 - 28 V DC"", ""In-/output ports"": ""4"", ""RS485/RS422 for pan/tilt control"": ""√"", ""Zipstream/H.264/H.265"": ""√ / √ / √"", ""Secure Boot/ Signed video/Secure keystore"": ""√ / √ / FIPS 140-2 Level 2"", ""Sustainability"": ""PVC free, BFR/CFR free"", ""Special features"": ""Electronic image stabilization\nThermal palettes\nIP66/IP67/NEMA 4X, IK102"", ""Axis Part Number"": ""10 mm 30 fps: 02604-001\n19 mm 30 fps: 02606-001\n25 mm 30 fps: 02608-001\n35 mm 30 fps: 02610-001\n60 mm 30 fps: 02612-001"", ""MSRP"": ""10 mm 30 fps: $6,299.00\n19 mm 30 fps: $6,299.00\n25 mm 30 fps: $6,799.00\n35 mm 30 fps: $6,799.00\n60 mm 30 fps: $8,599.00""}"
Q1_2026_CheatSheet_msrp_R3_lorez.pdf,33,1,Axis,Axis thermal cameras,AXIS Q21 Series,AXIS Q2112-E,25 mm 30 fps,Q2112-E 25 mm 30 fps,part_number_variants,02608-001,"$6,799.00 ",640x480,640,480,0.31,,"Uncooled microbolometer
Athermalized lens
10 mm, F1.2, 63°
19 mm, F1.0, 31°
25 mm, F1.0, 24.1°
35 mm, F1.2, 17°
60 mm, F1.2, 10°",Uncooled microbolometer,10,60,1,1.2,63,10,25,30,8.3/301,,,,,"PoE Class 3, 12 - 28 V DC",4,√ / -,yes,no,,"AXIS Guard Suite
AXIS Video Motion Detection
Active tampering alarm
Audio detection",√ / √ / FIPS 140-2 Level 2,"PVC free, BFR/CFR free","Electronic image stabilization
Thermal palettes
IP66/IP67/NEMA 4X, IK102",-,NETD < 20 mK,,yes,yes,16,"{""Max. video resolution"": ""640x480"", ""Sensor size/Lens/Horizontal field of view"": ""Uncooled microbolometer\nAthermalized lens\n10 mm, F1.2, 63°\n19 mm, F1.0, 31°\n25 mm, F1.0, 24.1°\n35 mm, F1.2, 17°\n60 mm, F1.2, 10°"", ""Max. frames per second"": ""8.3/301"", ""Object temperature range"": ""-"", ""Sensitivity"": ""NETD < 20 mK"", ""Audio support/ Built-in mic"": ""√ / -"", ""Included video analytics (for Axis video analytics, see page 4)"": ""AXIS Guard Suite\nAXIS Video Motion Detection\nActive tampering alarm\nAudio detection"", ""Power"": ""PoE Class 3, 12 - 28 V DC"", ""In-/output ports"": ""4"", ""RS485/RS422 for pan/tilt control"": ""√"", ""Zipstream/H.264/H.265"": ""√ / √ / √"", ""Secure Boot/ Signed video/Secure keystore"": ""√ / √ / FIPS 140-2 Level 2"", ""Sustainability"": ""PVC free, BFR/CFR free"", ""Special features"": ""Electronic image stabilization\nThermal palettes\nIP66/IP67/NEMA 4X, IK102"", ""Axis Part Number"": ""10 mm 30 fps: 02604-001\n19 mm 30 fps: 02606-001\n25 mm 30 fps: 02608-001\n35 mm 30 fps: 02610-001\n60 mm 30 fps: 02612-001"", ""MSRP"": ""10 mm 30 fps: $6,299.00\n19 mm 30 fps: $6,299.00\n25 mm 30 fps: $6,799.00\n35 mm 30 fps: $6,799.00\n60 mm 30 fps: $8,599.00""}"
Q1_2026_CheatSheet_msrp_R3_lorez.pdf,33,1,Axis,Axis thermal cameras,AXIS Q21 Series,AXIS Q2112-E,35 mm 30 fps,Q2112-E 35 mm 30 fps,part_number_variants,02610-001,"$6,799.00 ",640x480,640,480,0.31,,"Uncooled microbolometer
Athermalized lens
10 mm, F1.2, 63°
19 mm, F1.0, 31°
25 mm, F1.0, 24.1°
35 mm, F1.2, 17°
60 mm, F1.2, 10°",Uncooled microbolometer,10,60,1,1.2,63,10,35,30,8.3/301,,,,,"PoE Class 3, 12 - 28 V DC",4,√ / -,yes,no,,"AXIS Guard Suite
AXIS Video Motion Detection
Active tampering alarm
Audio detection",√ / √ / FIPS 140-2 Level 2,"PVC free, BFR/CFR free","Electronic image stabilization
Thermal palettes
IP66/IP67/NEMA 4X, IK102",-,NETD < 20 mK,,yes,yes,16,"{""Max. video resolution"": ""640x480"", ""Sensor size/Lens/Horizontal field of view"": ""Uncooled microbolometer\nAthermalized lens\n10 mm, F1.2, 63°\n19 mm, F1.0, 31°\n25 mm, F1.0, 24.1°\n35 mm, F1.2, 17°\n60 mm, F1.2, 10°"", ""Max. frames per second"": ""8.3/301"", ""Object temperature range"": ""-"", ""Sensitivity"": ""NETD < 20 mK"", ""Audio support/ Built-in mic"": ""√ / -"", ""Included video analytics (for Axis video analytics, see page 4)"": ""AXIS Guard Suite\nAXIS Video Motion Detection\nActive tampering alarm\nAudio detection"", ""Power"": ""PoE Class 3, 12 - 28 V DC"", ""In-/output ports"": ""4"", ""RS485/RS422 for pan/tilt control"": ""√"", ""Zipstream/H.264/H.265"": ""√ / √ / √"", ""Secure Boot/ Signed video/Secure keystore"": ""√ / √ / FIPS 140-2 Level 2"", ""Sustainability"": ""PVC free, BFR/CFR free"", ""Special features"": ""Electronic image stabilization\nThermal palettes\nIP66/IP67/NEMA 4X, IK102"", ""Axis Part Number"": ""10 mm 30 fps: 02604-001\n19 mm 30 fps: 02606-001\n25 mm 30 fps: 02608-001\n35 mm 30 fps: 02610-001\n60 mm 30 fps: 02612-001"", ""MSRP"": ""10 mm 30 fps: $6,299.00\n19 mm 30 fps: $6,299.00\n25 mm 30 fps: $6,799.00\n35 mm 30 fps: $6,799.00\n60 mm 30 fps: $8,599.00""}"
Q1_2026_CheatSheet_msrp_R3_lorez.pdf,33,1,Axis,Axis thermal cameras,AXIS Q21 Series,AXIS Q2112-E,60 mm 30 fps,Q2112-E 60 mm 30 fps,part_number_variants,02612-001,"$8,599.00 ",640x480,640,480,0.31,,"Uncooled microbolometer
Athermalized lens
10 mm, F1.2, 63°
19 mm, F1.0, 31°
25 mm, F1.0, 24.1°
35 mm, F1.2, 17°
60 mm, F1.2, 10°",Uncooled microbolometer,10,60,1,1.2,63,10,60,30,8.3/301,,,,,"PoE Class 3, 12 - 28 V DC",4,√ / -,yes,no,,"AXIS Guard Suite
AXIS Video Motion Detection
Active tampering alarm
Audio detection",√ / √ / FIPS 140-2 Level 2,"PVC free, BFR/CFR free","Electronic image stabilization
Thermal palettes
IP66/IP67/NEMA 4X, IK102",-,NETD < 20 mK,,yes,yes,16,"{""Max. video resolution"": ""640x480"", ""Sensor size/Lens/Horizontal field of view"": ""Uncooled microbolometer\nAthermalized lens\n10 mm, F1.2, 63°\n19 mm, F1.0, 31°\n25 mm, F1.0, 24.1°\n35 mm, F1.2, 17°\n60 mm, F1.2, 10°"", ""Max. frames per second"": ""8.3/301"", ""Object temperature range"": ""-"", ""Sensitivity"": ""NETD < 20 mK"", ""Audio support/ Built-in mic"": ""√ / -"", ""Included video analytics (for Axis video analytics, see page 4)"": ""AXIS Guard Suite\nAXIS Video Motion Detection\nActive tampering alarm\nAudio detection"", ""Power"": ""PoE Class 3, 12 - 28 V DC"", ""In-/output ports"": ""4"", ""RS485/RS422 for pan/tilt control"": ""√"", ""Zipstream/H.264/H.265"": ""√ / √ / √"", ""Secure Boot/ Signed video/Secure keystore"": ""√ / √ / FIPS 140-2 Level 2"", ""Sustainability"": ""PVC free, BFR/CFR free"", ""Special features"": ""Electronic image stabilization\nThermal palettes\nIP66/IP67/NEMA 4X, IK102"", ""Axis Part Number"": ""10 mm 30 fps: 02604-001\n19 mm 30 fps: 02606-001\n25 mm 30 fps: 02608-001\n35 mm 30 fps: 02610-001\n60 mm 30 fps: 02612-001"", ""MSRP"": ""10 mm 30 fps: $6,299.00\n19 mm 30 fps: $6,299.00\n25 mm 30 fps: $6,799.00\n35 mm 30 fps: $6,799.00\n60 mm 30 fps: $8,599.00""}"
Q1_2026_CheatSheet_msrp_R3_lorez.pdf,19,1,Axis,Axis dome cameras,AXIS Q35 Series,AXIS Q3538-SLVE,,Q3538-SLVE,single_model,02463-001,"$1,899.00 ",3840x2160 (8.3 MP),3840,2160,8.29,8.3 MP,"1/1.2”
6.2 –12.9 mm, F1.6 - 2.9
103°– 49°",1/1.2,6.2,12.9,1.6,2.9,103,49,,,50/60,,0.07/0.00,"Forensic WDR/
Lightfinder 2.0",,"PoE Class 4, DC",2,√ / -,yes,no,Deep learning processing unit,"AXIS Object Analytics
Audio detection
AXIS Video Motion Detection
AXIS Image Health Analytics
AXIS Live Privacy Shield
AXIS Scene Metadata",√ / √ / FIPS 140-2 Level 2,PVC free,"Electronic image stabilization
Shock detection
NSF/ANSI Standard 169, DNV
IP66/NEMA 250 Type 4X/NEMA
TS 2 (2.2.7-2.2.9),
IK10+, IP6K9K",,,,no,,17,"{""Max. video resolution"": ""3840x2160 (8.3 MP)"", ""Sensor size/Lens/Horizontal field of view"": ""1/1.2”\n6.2 –12.9 mm, F1.6 - 2.9\n103°– 49°"", ""Min. illumination (lux) Color/B&W"": ""0.07/0.00"", ""Max. frames per second"": ""50/60"", ""Audio support/ Built-in mic"": ""√ / -"", ""Compute capabilities"": ""Deep learning processing unit"", ""Included video analytics (for Axis video analytics, see page 4)"": ""AXIS Object Analytics\nAudio detection\nAXIS Video Motion Detection\nAXIS Image Health Analytics\nAXIS Live Privacy Shield\nAXIS Scene Metadata"", ""Power"": ""PoE Class 4, DC"", ""In-/output ports"": ""2"", ""WDR/Lightfinder"": ""Forensic WDR/\nLightfinder 2.0"", ""Zipstream/ H.264/H.265/AV1"": ""√ / √ / √"", ""OptimizedIR/ Built-in IR"": ""√ / √"", ""Secure Boot/Signed video/Secure keystore"": ""√ / √ / FIPS 140-2 Level 2"", ""Sustainability"": ""PVC free"", ""Special features"": ""Electronic image stabilization\nShock detection\nNSF/ANSI Standard 169, DNV\nIP66/NEMA 250 Type 4X/NEMA\nTS 2 (2.2.7-2.2.9),\nIK10+, IP6K9K"", ""Axis Part Number"": ""02463-001"", ""MSRP"": ""$1,899.00""}"
Q1_2026_CheatSheet_msrp_R3_lorez.pdf,19,1,Axis,Axis dome cameras,AXIS Q35 Series,AXIS Q3546-LVE,,Q3546-LVE,single_model,02971-001,"$1,379.00 ",2688x1512 (4.1MP),2688,1512,4.06,4.1MP,"1/1.8""
4.7 -10 mm, F1.5 - 2.4
101°-44°",1/1.8,4.7,10,1.5,2.4,101,44,,,100/120,,0.01/0.00,"Forensic WDR/
Lightfinder 2.0",,"PoE Class 4, DC",2,√ / -,yes,no,Deep learning processing unit,"AXIS Object Analytics
Audio detection
AXIS Video Motion Detection
AXIS Image Health Analytics
AXIS Live Privacy Shield
AXIS Scene Metadata",√ / √ / FIPS 140-3,"PVC free, BFR/CFR free","Electronic image stabilization
Shock detection
IP66/NEMA 250 Type 4X/NEMA
TS 2 (2.2.7-2.2.9),
IK10, IP6K9K",,,,no,,17,"{""Max. video resolution"": ""2688x1512 (4.1MP)"", ""Sensor size/Lens/Horizontal field of view"": ""1/1.8\""\n4.7 -10 mm, F1.5 - 2.4\n101°-44°"", ""Min. illumination (lux) Color/B&W"": ""0.01/0.00"", ""Max. frames per second"": ""100/120"", ""Audio support/ Built-in mic"": ""√ / -"", ""Compute capabilities"": ""Deep learning processing unit"", ""Included video analytics (for Axis video analytics, see page 4)"": ""AXIS Object Analytics\nAudio detection\nAXIS Video Motion Detection\nAXIS Image Health Analytics\nAXIS Live Privacy Shield\nAXIS Scene Metadata"", ""Power"": ""PoE Class 4, DC"", ""In-/output ports"": ""2"", ""WDR/Lightfinder"": ""Forensic WDR/\nLightfinder 2.0"", ""Zipstream/ H.264/H.265/AV1"": ""√ / √ / √ / √"", ""OptimizedIR/ Built-in IR"": ""√ / √"", ""Secure Boot/Signed video/Secure keystore"": ""√ / √ / FIPS 140-3"", ""Sustainability"": ""PVC free, BFR/CFR free"", ""Special features"": ""Electronic image stabilization\nShock detection\nIP66/NEMA 250 Type 4X/NEMA\nTS 2 (2.2.7-2.2.9),\nIK10, IP6K9K"", ""Axis Part Number"": ""02971-001"", ""MSRP"": ""$1,379.00""}"
Q1_2026_CheatSheet_msrp_R3_lorez.pdf,19,1,Axis,Axis dome cameras,AXIS Q35 Series,AXIS Q3548-LVE,,Q3548-LVE,single_model,02973-001,"$1,589.00 ",3840x2160 (8.3 MP),3840,2160,8.29,8.3 MP,"1/1.2""
6.3 - 13 mm, F1.5 - 2.9
104°-48°",1/1.2,6.3,13,1.5,2.9,104,48,,,50/60,,0.04/0.00,"Forensic WDR/
Lightfinder 2.0",,"PoE Class 4, DC",2,√ / -,yes,no,Deep learning processing unit,"AXIS Object Analytics
Audio detection
AXIS Video Motion Detection
AXIS Image Health Analytics
AXIS Live Privacy Shield
AXIS Scene Metadata",√ / √ / FIPS 140-3,"PVC free, BFR/CFR free","Electronic image stabilization
Shock detection
IP66/NEMA 250 Type 4X/NEMA
TS 2 (2.2.7-2.2.9),
IK10, IP6K9K",,,,no,,17,"{""Max. video resolution"": ""3840x2160 (8.3 MP)"", ""Sensor size/Lens/Horizontal field of view"": ""1/1.2\""\n6.3 - 13 mm, F1.5 - 2.9\n104°-48°"", ""Min. illumination (lux) Color/B&W"": ""0.04/0.00"", ""Max. frames per second"": ""50/60"", ""Audio support/ Built-in mic"": ""√ / -"", ""Compute capabilities"": ""Deep learning processing unit"", ""Included video analytics (for Axis video analytics, see page 4)"": ""AXIS Object Analytics\nAudio detection\nAXIS Video Motion Detection\nAXIS Image Health Analytics\nAXIS Live Privacy Shield\nAXIS Scene Metadata"", ""Power"": ""PoE Class 4, DC"", ""In-/output ports"": ""2"", ""WDR/Lightfinder"": ""Forensic WDR/\nLightfinder 2.0"", ""Zipstream/ H.264/H.265/AV1"": ""√ / √ / √ / √"", ""OptimizedIR/ Built-in IR"": ""√ / √"", ""Secure Boot/Signed video/Secure keystore"": ""√ / √ / FIPS 140-3"", ""Sustainability"": ""PVC free, BFR/CFR free"", ""Special features"": ""Electronic image stabilization\nShock detection\nIP66/NEMA 250 Type 4X/NEMA\nTS 2 (2.2.7-2.2.9),\nIK10, IP6K9K"", ""Axis Part Number"": ""02973-001"", ""MSRP"": ""$1,589.00""}"
Q1_2026_CheatSheet_msrp_R3_lorez.pdf,19,1,Axis,Axis dome cameras,AXIS Q35 Series,AXIS Q3556-LVE,10 mm,Q3556-LVE 10 mm,part_number_variants,03204-001,"$1,379.00 ",2688x1512 (4.1MP),2688,1512,4.06,4.1MP,"1/1.8""
4.7 - 10 mm, F1.5 - 2.4
101°- 44°",,4.7,10,1.5,2.4,,,10,,100/120,,0.01/0.00,"Forensic WDR/
Lightfinder 2.0",,"PoE Class 4, DC",2,- / -,no,no,Deep learning processing unit,"AXIS Object Analytics
AXIS Audio Analytics
AXIS Video Motion Detection
AXIS Image Health Analytics
AXIS Live Privacy Shield
AXIS Scene Metadata",√ / √ / FIPS 140-3,"PVC free, BFR/CFR free","Electronic image stabilization
Shock detection
IP66/NEMA 250 Type 4X/NEMA
TS 2 (2.2.7-2.2.9),
IK10, IP6K9K",,,,no,,17,"{""Max. video resolution"": ""2688x1512 (4.1MP)"", ""Sensor size/Lens/Horizontal field of view"": ""1/1.8\""\n4.7 - 10 mm, F1.5 - 2.4\n101°- 44°"", ""Min. illumination (lux) Color/B&W"": ""0.01/0.00"", ""Max. frames per second"": ""100/120"", ""Audio support/ Built-in mic"": ""- / -"", ""Compute capabilities"": ""Deep learning processing unit"", ""Included video analytics (for Axis video analytics, see page 4)"": ""AXIS Object Analytics\nAXIS Audio Analytics\nAXIS Video Motion Detection\nAXIS Image Health Analytics\nAXIS Live Privacy Shield\nAXIS Scene Metadata"", ""Power"": ""PoE Class 4, DC"", ""In-/output ports"": ""2"", ""WDR/Lightfinder"": ""Forensic WDR/\nLightfinder 2.0"", ""Zipstream/ H.264/H.265/AV1"": ""√ / √ / √ / √"", ""OptimizedIR/ Built-in IR"": ""√ / √"", ""Secure Boot/Signed video/Secure keystore"": ""√ / √ / FIPS 140-3"", ""Sustainability"": ""PVC free, BFR/CFR free"", ""Special features"": ""Electronic image stabilization\nShock detection\nIP66/NEMA 250 Type 4X/NEMA\nTS 2 (2.2.7-2.2.9),\nIK10, IP6K9K"", ""Axis Part Number"": ""10 mm: 03204-001\n51 mm: 03205-001"", ""MSRP"": ""10 mm: $1,379.00\n51 mm: $1,379.00""}"
Q1_2026_CheatSheet_msrp_R3_lorez.pdf,19,1,Axis,Axis dome cameras,AXIS Q35 Series,AXIS Q3556-LVE,51 mm,Q3556-LVE 51 mm,part_number_variants,03205-001,"$1,379.00 ",2688x1512 (4.1MP),2688,1512,4.06,4.1MP,"1/1.8""
4.7 - 10 mm, F1.5 - 2.4
101°- 44°",1/1.8,4.7,10,1.5,2.4,101,44,51,,100/120,,0.01/0.00,"Forensic WDR/
Lightfinder 2.0",,"PoE Class 4, DC",2,- / -,no,no,Deep learning processing unit,"AXIS Object Analytics
AXIS Audio Analytics
AXIS Video Motion Detection
AXIS Image Health Analytics
AXIS Live Privacy Shield
AXIS Scene Metadata",√ / √ / FIPS 140-3,"PVC free, BFR/CFR free","Electronic image stabilization
Shock detection
IP66/NEMA 250 Type 4X/NEMA
TS 2 (2.2.7-2.2.9),
IK10, IP6K9K",,,,no,,17,"{""Max. video resolution"": ""2688x1512 (4.1MP)"", ""Sensor size/Lens/Horizontal field of view"": ""1/1.8\""\n4.7 - 10 mm, F1.5 - 2.4\n101°- 44°"", ""Min. illumination (lux) Color/B&W"": ""0.01/0.00"", ""Max. frames per second"": ""100/120"", ""Audio support/ Built-in mic"": ""- / -"", ""Compute capabilities"": ""Deep learning processing unit"", ""Included video analytics (for Axis video analytics, see page 4)"": ""AXIS Object Analytics\nAXIS Audio Analytics\nAXIS Video Motion Detection\nAXIS Image Health Analytics\nAXIS Live Privacy Shield\nAXIS Scene Metadata"", ""Power"": ""PoE Class 4, DC"", ""In-/output ports"": ""2"", ""WDR/Lightfinder"": ""Forensic WDR/\nLightfinder 2.0"", ""Zipstream/ H.264/H.265/AV1"": ""√ / √ / √ / √"", ""OptimizedIR/ Built-in IR"": ""√ / √"", ""Secure Boot/Signed video/Secure keystore"": ""√ / √ / FIPS 140-3"", ""Sustainability"": ""PVC free, BFR/CFR free"", ""Special features"": ""Electronic image stabilization\nShock detection\nIP66/NEMA 250 Type 4X/NEMA\nTS 2 (2.2.7-2.2.9),\nIK10, IP6K9K"", ""Axis Part Number"": ""10 mm: 03204-001\n51 mm: 03205-001"", ""MSRP"": ""10 mm: $1,379.00\n51 mm: $1,379.00""}"
Q1_2026_CheatSheet_msrp_R3_lorez.pdf,19,1,Axis,Axis dome cameras,AXIS Q35 Series,AXIS Q3558-LVE,,Q3558-LVE,single_model,03206-001,"$1,589.00 ",3840x2160 (8.3 MP),3840,2160,8.29,8.3 MP,"1/1.2""
6.3 - 13 mm, F1.5 - 2.9
104°- 48°",1/1.2,6.3,13,1.5,2.9,104,48,,,50/60,,0.04/0.00,"Forensic WDR/
Lightfinder 2.0",,"PoE Class 4, DC",2,- / -,no,no,Deep learning processing unit,"AXIS Object Analytics
AXIS Audio Analytics
AXIS Video Motion Detection
AXIS Image Health Analytics
AXIS Live Privacy Shield
AXIS Scene Metadata",√ / √ / FIPS 140-3,"PVC free, BFR/CFR free","Electronic image stabilization
Shock detection
IP66/NEMA 250 Type 4X/
NEMA
TS 2 (2.2.7-2.2.9)",,,,no,,17,"{""Max. video resolution"": ""3840x2160 (8.3 MP)"", ""Sensor size/Lens/Horizontal field of view"": ""1/1.2\""\n6.3 - 13 mm, F1.5 - 2.9\n104°- 48°"", ""Min. illumination (lux) Color/B&W"": ""0.04/0.00"", ""Max. frames per second"": ""50/60"", ""Audio support/ Built-in mic"": ""- / -"", ""Compute capabilities"": ""Deep learning processing unit"", ""Included video analytics (for Axis video analytics, see page 4)"": ""AXIS Object Analytics\nAXIS Audio Analytics\nAXIS Video Motion Detection\nAXIS Image Health Analytics\nAXIS Live Privacy Shield\nAXIS Scene Metadata"", ""Power"": ""PoE Class 4, DC"", ""In-/output ports"": ""2"", ""WDR/Lightfinder"": ""Forensic WDR/\nLightfinder 2.0"", ""Zipstream/ H.264/H.265/AV1"": ""√ / √ / √ / √"", ""OptimizedIR/ Built-in IR"": ""√ / √"", ""Secure Boot/Signed video/Secure keystore"": ""√ / √ / FIPS 140-3"", ""Sustainability"": ""PVC free, BFR/CFR free"", ""Special features"": ""Electronic image stabilization\nShock detection\nIP66/NEMA 250 Type 4X/\nNEMA\nTS 2 (2.2.7-2.2.9)"", ""Axis Part Number"": ""03206-001"", ""MSRP"": ""$1,589.00""}"
Q1_2026_CheatSheet_msrp_R3_lorez.pdf,19,1,Axis,Axis dome cameras,AXIS Q36 Series,AXIS Q3626-VE,,Q3626-VE,single_model,02616-004,"$1,479.00 ",2688x1512 (4.1 MP),2688,1512,4.06,4.1 MP,"1/1.8""
4.3 - 8-6 mm, F1.5 - 2.4
103°- 52°",1/1.8,6,8,1.5,2.4,103,52,,,50/60,,0.06/0.01,"Forensic WDR/
Lightfinder 2.0",,"PoE Class 4, DC",2,√ / -,yes,no,Deep learning processing unit,"AXIS Object Analytics
Audio detection
AXIS Video Motion Detection
AXIS Image Health Analytics
AXIS Live Privacy Shield
AXIS Scene Metadata",√ / √ / FIPS 140-2 Level 2,"PVC free, BFR/CFR free
62% bio-based plastics
2% recycled plastics","Electronic image stabilization
Shock detection
Pan-tilt-roll-zoom (PTRZ)
IP66/NEMA 250 Type 4X/NEMA
TS 2 (2.2.7-2.2.9),
IK10, IP6K9K",,,,no,,17,"{""Max. video resolution"": ""2688x1512 (4.1 MP)"", ""Sensor size/Lens/Horizontal field of view"": ""1/1.8\""\n4.3 - 8-6 mm, F1.5 - 2.4\n103°- 52°"", ""Min. illumination (lux) Color/B&W"": ""0.06/0.01"", ""Max. frames per second"": ""50/60"", ""Audio support/ Built-in mic"": ""√ / -"", ""Compute capabilities"": ""Deep learning processing unit"", ""Included video analytics (for Axis video analytics, see page 4)"": ""AXIS Object Analytics\nAudio detection\nAXIS Video Motion Detection\nAXIS Image Health Analytics\nAXIS Live Privacy Shield\nAXIS Scene Metadata"", ""Power"": ""PoE Class 4, DC"", ""In-/output ports"": ""2"", ""WDR/Lightfinder"": ""Forensic WDR/\nLightfinder 2.0"", ""Zipstream/ H.264/H.265/AV1"": ""√ / √ / √ / -"", ""OptimizedIR/ Built-in IR"": ""- / -"", ""Secure Boot/Signed video/Secure keystore"": ""√ / √ / FIPS 140-2 Level 2"", ""Sustainability"": ""PVC free, BFR/CFR free\n62% bio-based plastics\n2% recycled plastics"", ""Special features"": ""Electronic image stabilization\nShock detection\nPan-tilt-roll-zoom (PTRZ)\nIP66/NEMA 250 Type 4X/NEMA\nTS 2 (2.2.7-2.2.9),\nIK10, IP6K9K"", ""Axis Part Number"": ""02616-004"", ""MSRP"": ""$1,479.00""}"
Q1_2026_CheatSheet_msrp_R3_lorez.pdf,19,1,Axis,Axis dome cameras,AXIS Q36 Series,AXIS Q3628-VE,,Q3628-VE,single_model,02617-004,"$1,799.00 ",3840x2160 (8.3 MP),3840,2160,8.29,8.3 MP,"1/1.2”
6.2-12.9 mm, F1.6 - 2.9
103°- 48°",1/1.2,6.2,12.9,1.6,2.9,103,48,,,50/60,,0.07/0.01,"Forensic WDR/
Lightfinder 2.0",,"PoE Class 4, DC",2,√ / -,yes,no,Deep learning processing unit,"AXIS Object Analytics
Audio detection
AXIS Video Motion Detection
AXIS Image Health Analytics
AXIS Live Privacy Shield
AXIS Scene Metadata",√ / √ / FIPS 140-2 Level 2,"PVC free, BFR/CFR free
62% bio-based plastics
2% recycled plastics","Electronic image stabilization
Shock detection
Pan-tilt-roll-zoom (PTRZ)
IP66/NEMA 250 Type 4X/NEMA
TS 2 (2.2.7-2.2.9),
IK10, IP6K9K",,,,no,,17,"{""Max. video resolution"": ""3840x2160 (8.3 MP)"", ""Sensor size/Lens/Horizontal field of view"": ""1/1.2”\n6.2-12.9 mm, F1.6 - 2.9\n103°- 48°"", ""Min. illumination (lux) Color/B&W"": ""0.07/0.01"", ""Max. frames per second"": ""50/60"", ""Audio support/ Built-in mic"": ""√ / -"", ""Compute capabilities"": ""Deep learning processing unit"", ""Included video analytics (for Axis video analytics, see page 4)"": ""AXIS Object Analytics\nAudio detection\nAXIS Video Motion Detection\nAXIS Image Health Analytics\nAXIS Live Privacy Shield\nAXIS Scene Metadata"", ""Power"": ""PoE Class 4, DC"", ""In-/output ports"": ""2"", ""WDR/Lightfinder"": ""Forensic WDR/\nLightfinder 2.0"", ""Zipstream/ H.264/H.265/AV1"": ""√ / √ / √ / -"", ""OptimizedIR/ Built-in IR"": ""- / -"", ""Secure Boot/Signed video/Secure keystore"": ""√ / √ / FIPS 140-2 Level 2"", ""Sustainability"": ""PVC free, BFR/CFR free\n62% bio-based plastics\n2% recycled plastics"", ""Special features"": ""Electronic image stabilization\nShock detection\nPan-tilt-roll-zoom (PTRZ)\nIP66/NEMA 250 Type 4X/NEMA\nTS 2 (2.2.7-2.2.9),\nIK10, IP6K9K"", ""Axis Part Number"": ""02617-004"", ""MSRP"": ""$1,799.00""}"
Q1_2026_CheatSheet_msrp_R3_lorez.pdf,25,1,Axis,Axis panoramic cameras,AXIS Q38 Series,AXIS Q3839-PVE,,Q3839-PVE,single_model,02657-001,"$2,439.00 ",7552x3776 (29MP),7552,3776,28.52,29MP,"4x 1/1.8"", 4.6 mm
F1.8, 180°",1/1.8,4.6,4.6,1.8,1.8,180,180,,,25/30,,0.10/0.03,Forensic WDR / √,- / -,Poe Class 4,1-Jan,√ / -,yes,no,Deep learning processing unit,"AXIS Object Analytics
AXIS Video Motion Detection
Active tampering alarm
AXIS Scene Metadata",√ / √ / FIPS 140-2 Level 2,"BFR/CFR freePVC free
16% recycled plastics
14% bioplastics","Horizon Straightening
Remote Pan/Tilt/Roll
IP66/67/NEMA 4X, IK10",,,,no,,18,"{""Max. video resolution"": ""7552x3776 (29MP)"", ""Sensor size/Lens/Horizontal field of view"": ""4x 1/1.8\"", 4.6 mm\nF1.8, 180°"", ""Day and night"": ""√"", ""Min. illumination (lux) Color/B&W"": ""0.10/0.03"", ""Max. frames per second"": ""25/30"", ""Audio support/ Built-in mic"": ""√ / -"", ""Compute capabilities"": ""Deep learning processing unit"", ""Included video analytics (for Axis video analytics, see page 4)"": ""AXIS Object Analytics\nAXIS Video Motion Detection\nActive tampering alarm\nAXIS Scene Metadata"", ""Power"": ""Poe Class 4"", ""In-/output ports"": ""1/1"", ""WDR/Lightfinder"": ""Forensic WDR / √"", ""Zipstream/ H.264/H.265/AV1"": ""√ / √ / √ / -"", ""OptimizedIR/Built-in IR"": ""- / -"", ""Secure Boot/Signed video/Secure keystore"": ""√ / √ / FIPS 140-2 Level 2"", ""Sustainability"": ""BFR/CFR freePVC free\n16% recycled plastics\n14% bioplastics"", ""Special features"": ""Horizon Straightening\nRemote Pan/Tilt/Roll\nIP66/67/NEMA 4X, IK10"", ""Axis Part Number"": ""02657-001"", ""MSRP"": ""$2,439.00""}"
Q1_2026_CheatSheet_msrp_R3_lorez.pdf,25,1,Axis,Axis panoramic cameras,AXIS Q38 Series,AXIS Q3839-SPVE,,Q3839-SPVE,single_model,03201-001,"$2,699.00 ",7552x3776 (29MP),7552,3776,28.52,29MP,"4x 1/1.8"", 4.6 mm
F1.8, 180°",1/1.8,4.6,4.6,1.8,1.8,180,180,,,25/30,,0.10/0.03,Forensic WDR / √,- / -,Poe Class 4,1-Jan,√ / -,yes,no,Deep learning processing unit,"AXIS Object Analytics
AXIS Video Motion Detection
Active tampering alarm
AXIS Scene Metadata",√ / √ / FIPS 140-2 Level 2,"PVC free, BFR/CFR free
31% recycled plastics
1% bioplastics","Stainless Steel, Horizon
Straightening
Remote Pan/Tilt/Roll
SF/ANSI Standard 169,
IP66/NEMA 250 Type 4X
IK10, IP66, IP67, IP68, IP6K9K",,,,no,,18,"{""Max. video resolution"": ""7552x3776 (29MP)"", ""Sensor size/Lens/Horizontal field of view"": ""4x 1/1.8\"", 4.6 mm\nF1.8, 180°"", ""Day and night"": ""√"", ""Min. illumination (lux) Color/B&W"": ""0.10/0.03"", ""Max. frames per second"": ""25/30"", ""Audio support/ Built-in mic"": ""√ / -"", ""Compute capabilities"": ""Deep learning processing unit"", ""Included video analytics (for Axis video analytics, see page 4)"": ""AXIS Object Analytics\nAXIS Video Motion Detection\nActive tampering alarm\nAXIS Scene Metadata"", ""Power"": ""Poe Class 4"", ""In-/output ports"": ""1/1"", ""WDR/Lightfinder"": ""Forensic WDR / √"", ""Zipstream/ H.264/H.265/AV1"": ""√ / √ / √ / -"", ""OptimizedIR/Built-in IR"": ""- / -"", ""Secure Boot/Signed video/Secure keystore"": ""√ / √ / FIPS 140-2 Level 2"", ""Sustainability"": ""PVC free, BFR/CFR free\n31% recycled plastics\n1% bioplastics"", ""Special features"": ""Stainless Steel, Horizon\nStraightening\nRemote Pan/Tilt/Roll\nSF/ANSI Standard 169,\nIP66/NEMA 250 Type 4X\nIK10, IP66, IP67, IP68, IP6K9K"", ""Axis Part Number"": ""03201-001"", ""MSRP"": ""$2,699.00""}"
Q1_2026_CheatSheet_msrp_R3_lorez.pdf,25,1,Axis,Axis panoramic cameras,AXIS Q48,AXIS Q4809-PVE,,Q4809-PVE,single_model,02658-001,"$2,439.00 ",10240x2560 (26MP),10240,2560,26.21,26MP,"4x 1/2.3"", 5.05 mm
F1.7, 180°",1/2.3,5.05,5.05,1.7,1.7,180,180,,,25/30,,0.10/0.03,Forensic WDR / √,- / -,Poe Class 4,1-Jan,√ / -,yes,no,Deep learning processing unit,"AXIS Object Analytics
AXIS Video Motion Detection
Active tampering alarm
AXIS Scene Metadata",√ / √ / FIPS 140-2 Level 2,16% recycled plastics,"Horizon Straightening
Remote Pan/Tilt/Roll
IP66/67/NEMA 4X, IK10",,,,no,,18,"{""Max. video resolution"": ""10240x2560 (26MP)"", ""Sensor size/Lens/Horizontal field of view"": ""4x 1/2.3\"", 5.05 mm\nF1.7, 180°"", ""Day and night"": ""√"", ""Min. illumination (lux) Color/B&W"": ""0.10/0.03"", ""Max. frames per second"": ""25/30"", ""Audio support/ Built-in mic"": ""√ / -"", ""Compute capabilities"": ""Deep learning processing unit"", ""Included video analytics (for Axis video analytics, see page 4)"": ""AXIS Object Analytics\nAXIS Video Motion Detection\nActive tampering alarm\nAXIS Scene Metadata"", ""Power"": ""Poe Class 4"", ""In-/output ports"": ""1/1"", ""WDR/Lightfinder"": ""Forensic WDR / √"", ""Zipstream/ H.264/H.265/AV1"": ""√ / √ / √ / -"", ""OptimizedIR/Built-in IR"": ""- / -"", ""Secure Boot/Signed video/Secure keystore"": ""√ / √ / FIPS 140-2 Level 2"", ""Sustainability"": ""16% recycled plastics"", ""Special features"": ""Horizon Straightening\nRemote Pan/Tilt/Roll\nIP66/67/NEMA 4X, IK10"", ""Axis Part Number"": ""02658-001"", ""MSRP"": ""$2,439.00""}"
Q1_2026_CheatSheet_msrp_R3_lorez.pdf,30,1,Axis,Axis pan/tilt/zoom cameras,AXIS Q60 Series,AXIS Q6020-E,,Q6020-E,single_model,02957-001,"$2,329.00 ",2592x1944 (20.4 MP),2592,1944,5.04,20.4 MP,"1/2""
3.7mm, F3.7
360°",2-Jan,3.7,3.7,3.7,360,360,360,,,25/30,-,0.06/0.03,WDR / Lightfinder 2.0,- / -,"PoE Class 8
PoE Class 4",-,√ / -,yes,no,Deep learning processing unit,"AXIS Object Analytics
AXIS Video Motion Detection
Autopilot",√ / √ / FIPS 140-3 Level 3,"PVC free, BFR/CFR free","Exchangeable lenses
Current AXIS Q60-E PTZ Camera
recommended
IP66/NEMA 4X, IK10",,,,no,,19,"{""Max. video resolution"": ""2592x1944 (20.4 MP)"", ""Sensor size/Lens/Horizontal field of view"": ""1/2\""\n3.7mm, F3.7\n360°"", ""Day and night"": ""√"", ""Min. illumination (lux) Color/B&W"": ""0.06/0.03"", ""Max. frames per second"": ""25/30"", ""Optical zoom"": ""-"", ""Audio support/ Built-in mic"": ""√ / -"", ""Compute capabilities"": ""Deep learning processing unit"", ""Included video analytics (for Axis video analytics, see page 4)"": ""AXIS Object Analytics\nAXIS Video Motion Detection\nAutopilot"", ""Power"": ""PoE Class 8\nPoE Class 4"", ""In-/output ports"": ""-"", ""WDR/Lightfinder"": ""WDR / Lightfinder 2.0"", ""Zipstream/ H.264/H.265/AV1"": ""√ / √ / √ / -"", ""OptimizedIR/Built-in IR"": ""- / -"", ""Secure Boot/Signed video/Secure keystore"": ""√ / √ / FIPS 140-3 Level 3"", ""Sustainability"": ""PVC free, BFR/CFR free"", ""Special features"": ""Exchangeable lenses\nCurrent AXIS Q60-E PTZ Camera\nrecommended\nIP66/NEMA 4X, IK10"", ""Axis Part Number"": ""02957-001"", ""MSRP"": ""$2,329.00""}"
Q1_2026_CheatSheet_msrp_R3_lorez.pdf,30,1,Axis,Axis pan/tilt/zoom cameras,AXIS Q60 Series,AXIS Q6074,,Q6074,single_model,01968-004,"$2,499.00 ",1280x720 (1 MP),1280,720,0.92,1 MP,"1/2.8”
4.25 -127.5 mm, F1.6 - 4.2
63.8° - 2.6° (720p), 49.7° - 1.73° (D1)",1/2.8,4.25,127.5,1.6,4.2,63.8,1.73,,,50/60,40,0.1/0.002,WDR / Lightfinder 2.0,- / -,"PoE Class 4, AC, DC
Midspan included",4,√ / -,yes,no,-,"AXIS Object Analytics
Active Gatekeeper
Audio detection, Autotracking
AXIS Video Motion Detection
Active tampering alarm
AXIS Scene Metadata",√ / - / √,PVC free,"Electronic image stabilization
Automatic defog, Focus recall
Shock detection
Orientation aid",,,,no,,19,"{""Max. video resolution"": ""1280x720 (1 MP)"", ""Sensor size/Lens/Horizontal field of view"": ""1/2.8”\n4.25 -127.5 mm, F1.6 - 4.2\n63.8° - 2.6° (720p), 49.7° - 1.73° (D1)"", ""Day and night"": ""√"", ""Min. illumination (lux) Color/B&W"": ""0.1/0.002"", ""Max. frames per second"": ""50/60"", ""Optical zoom"": ""40"", ""Audio support/ Built-in mic"": ""√ / -"", ""Compute capabilities"": ""-"", ""Included video analytics (for Axis video analytics, see page 4)"": ""AXIS Object Analytics\nActive Gatekeeper\nAudio detection, Autotracking\nAXIS Video Motion Detection\nActive tampering alarm\nAXIS Scene Metadata"", ""Power"": ""PoE Class 4, AC, DC\nMidspan included"", ""In-/output ports"": ""4"", ""WDR/Lightfinder"": ""WDR / Lightfinder 2.0"", ""Zipstream/ H.264/H.265/AV1"": ""√ / √ / √ / -"", ""OptimizedIR/Built-in IR"": ""- / -"", ""Secure Boot/Signed video/Secure keystore"": ""√ / - / √"", ""Sustainability"": ""PVC free"", ""Special features"": ""Electronic image stabilization\nAutomatic defog, Focus recall\nShock detection\nOrientation aid"", ""Axis Part Number"": ""01968-004"", ""MSRP"": ""$2,499.00""}"
Q1_2026_CheatSheet_msrp_R3_lorez.pdf,30,1,Axis,Axis pan/tilt/zoom cameras,AXIS Q60 Series,AXIS Q6074-E,,Q6074-E,single_model,01974-004,"$2,969.00 ",1280x720 (1 MP),1280,720,0.92,1 MP,"1/2.8”
4.25 -127.5 mm, F1.6 - 4.2
63.8° – 2.6° (720p), 49.7° - 1.73° (D1)",1/2.8,4.25,127.5,1.6,4.2,63.8,1.73,,,50/60,30,0.1/0.002,WDR / Lightfinder 2.0,- / -,"Axis High PoE
SFP midspan included",3,√ / -,yes,no,-,"AXIS Object Analytics
Active Gatekeeper
Audio detection, Autotracking
AXIS Video Motion Detection
Active tampering alarm
AXIS Scene Metadata",√ / - / √,PVC free,"Electronic image stabilization
Automatic defog, Focus recall
Shock detection
Orientation aid
IP66/IP67/NEMA 4X, IK10",,,,no,,19,"{""Max. video resolution"": ""1280x720 (1 MP)"", ""Sensor size/Lens/Horizontal field of view"": ""1/2.8”\n4.25 -127.5 mm, F1.6 - 4.2\n63.8° – 2.6° (720p), 49.7° - 1.73° (D1)"", ""Day and night"": ""√"", ""Min. illumination (lux) Color/B&W"": ""0.1/0.002"", ""Max. frames per second"": ""50/60"", ""Optical zoom"": ""30"", ""Audio support/ Built-in mic"": ""√ / -"", ""Compute capabilities"": ""-"", ""Included video analytics (for Axis video analytics, see page 4)"": ""AXIS Object Analytics\nActive Gatekeeper\nAudio detection, Autotracking\nAXIS Video Motion Detection\nActive tampering alarm\nAXIS Scene Metadata"", ""Power"": ""Axis High PoE\nSFP midspan included"", ""In-/output ports"": ""3"", ""WDR/Lightfinder"": ""WDR / Lightfinder 2.0"", ""Zipstream/ H.264/H.265/AV1"": ""√ / √ / √ / -"", ""OptimizedIR/Built-in IR"": ""- / -"", ""Secure Boot/Signed video/Secure keystore"": ""√ / - / √"", ""Sustainability"": ""PVC free"", ""Special features"": ""Electronic image stabilization\nAutomatic defog, Focus recall\nShock detection\nOrientation aid\nIP66/IP67/NEMA 4X, IK10"", ""Axis Part Number"": ""01974-004"", ""MSRP"": ""$2,969.00""}"
Q1_2026_CheatSheet_msrp_R3_lorez.pdf,30,1,Axis,Axis pan/tilt/zoom cameras,AXIS Q60 Series,AXIS Q6075,,Q6075,single_model,01750-004,"$2,899.00 ",1920x1080 (2.1 MP),1920,1080,2.07,2.1 MP,"1/2.8”
4.25 - 170 mm, F1.6 - 4.95
62.8° - 2.23°",1/2.8,4.25,170,1.6,4.95,62.8,2.23,,,50/60,40,0.1/0.002,WDR / Lightfinder 2.0,- / -,"PoE Class 4, AC, DC
Midspan included",4,√ / -,yes,no,-,"AXIS Object Analytics
Active gatekeeper, Autotracking 2
AXIS Video Motion Detection
Active tampering alarm
AXIS Scene Metadata",√ / - / FIPS 140-2 Level 2,PVC free,"Electronic image stabilization
Focus recall
Orientation aid, Automatic defog
Shock detection
IK10",,,,no,,19,"{""Max. video resolution"": ""1920x1080 (2.1 MP)"", ""Sensor size/Lens/Horizontal field of view"": ""1/2.8”\n4.25 - 170 mm, F1.6 - 4.95\n62.8° - 2.23°"", ""Day and night"": ""√"", ""Min. illumination (lux) Color/B&W"": ""0.1/0.002"", ""Max. frames per second"": ""50/60"", ""Optical zoom"": ""40"", ""Audio support/ Built-in mic"": ""√ / -"", ""Compute capabilities"": ""-"", ""Included video analytics (for Axis video analytics, see page 4)"": ""AXIS Object Analytics\nActive gatekeeper, Autotracking 2\nAXIS Video Motion Detection\nActive tampering alarm\nAXIS Scene Metadata"", ""Power"": ""PoE Class 4, AC, DC\nMidspan included"", ""In-/output ports"": ""4"", ""WDR/Lightfinder"": ""WDR / Lightfinder 2.0"", ""Zipstream/ H.264/H.265/AV1"": ""√ / √ / √ / -"", ""OptimizedIR/Built-in IR"": ""- / -"", ""Secure Boot/Signed video/Secure keystore"": ""√ / - / FIPS 140-2 Level 2"", ""Sustainability"": ""PVC free"", ""Special features"": ""Electronic image stabilization\nFocus recall\nOrientation aid, Automatic defog\nShock detection\nIK10"", ""Axis Part Number"": ""01750-004"", ""MSRP"": ""$2,899.00""}"
Q1_2026_CheatSheet_msrp_R3_lorez.pdf,30,1,Axis,Axis pan/tilt/zoom cameras,AXIS Q60 Series,AXIS Q6075-E,,Q6075-E,single_model,01752-004,"$3,499.00 ",1920x1080 (2.1 MP),1920,1080,2.07,2.1 MP,"1/2.8”
4.25 - 170 mm, F1.6 - 4.95
65.1° - 2.0°",1/2.8,4.25,170,1.6,4.95,65.1,2,,,50/60,40,0.1/0.002,WDR / Lightfinder 2.0,- / -,"Axis High PoE, PoE Class 4
SFP midspan included",3,√ / -,yes,no,-,"AXIS Object Analytics
Active gatekeeper, Autotracking 2
AXIS Video Motion Detection
Active tampering alarm
AXIS Scene Metadata",√ / - / FIPS 140-2 Level 2,PVC free,"Electronic image stabilization
Focus recall
Orientation aid, Automatic defog
Shock detection
IP66/IP67/NEMA 4X, IK10",,,,no,,19,"{""Max. video resolution"": ""1920x1080 (2.1 MP)"", ""Sensor size/Lens/Horizontal field of view"": ""1/2.8”\n4.25 - 170 mm, F1.6 - 4.95\n65.1° - 2.0°"", ""Day and night"": ""√"", ""Min. illumination (lux) Color/B&W"": ""0.1/0.002"", ""Max. frames per second"": ""50/60"", ""Optical zoom"": ""40"", ""Audio support/ Built-in mic"": ""√ / -"", ""Compute capabilities"": ""-"", ""Included video analytics (for Axis video analytics, see page 4)"": ""AXIS Object Analytics\nActive gatekeeper, Autotracking 2\nAXIS Video Motion Detection\nActive tampering alarm\nAXIS Scene Metadata"", ""Power"": ""Axis High PoE, PoE Class 4\nSFP midspan included"", ""In-/output ports"": ""3"", ""WDR/Lightfinder"": ""WDR / Lightfinder 2.0"", ""Zipstream/ H.264/H.265/AV1"": ""√ / √ / √ / -"", ""OptimizedIR/Built-in IR"": ""- / -"", ""Secure Boot/Signed video/Secure keystore"": ""√ / - / FIPS 140-2 Level 2"", ""Sustainability"": ""PVC free"", ""Special features"": ""Electronic image stabilization\nFocus recall\nOrientation aid, Automatic defog\nShock detection\nIP66/IP67/NEMA 4X, IK10"", ""Axis Part Number"": ""01752-004"", ""MSRP"": ""$3,499.00""}"
Q1_2026_CheatSheet_msrp_R3_lorez.pdf,30,1,Axis,Axis pan/tilt/zoom cameras,AXIS Q60 Series,AXIS Q6088-E,,Q6088-E,single_model,03190-004,"$3,649.00 ",3840x2160 (8 MP),3840,2160,8.29,8 MP,"1/2""
6.64 - 225.5 mm, F1.7 - 5.1
60.8° - 2.0°",2-Jan,6.64,225.5,1.7,5.1,60.8,2,,,50/60,34,0.07/0.05,Forensic WDR / Lightfinder 2.0,- / -,"PoE Class 6, PoE Class 4
SFP midspan included",3,√ / -,yes,no,Deep learning processing unit,"AXIS Object Analytics
AXIS Image Health Analytics
AXIS Scene Metadata
AXIS Video Motion Detection 4",√ / √ / FIPS 140-3 Level 3,"PVC free, BFR/CFR free","Electronic image stabilization
Orientation aid
Shock detection, Laser focus
Power meter, Power profiles
IP66/67/NEMA 4X/IK10",,,,no,,19,"{""Max. video resolution"": ""3840x2160 (8 MP)"", ""Sensor size/Lens/Horizontal field of view"": ""1/2\""\n6.64 - 225.5 mm, F1.7 - 5.1\n60.8° - 2.0°"", ""Day and night"": ""√"", ""Min. illumination (lux) Color/B&W"": ""0.07/0.05"", ""Max. frames per second"": ""50/60"", ""Optical zoom"": ""34"", ""Audio support/ Built-in mic"": ""√ / -"", ""Compute capabilities"": ""Deep learning processing unit"", ""Included video analytics (for Axis video analytics, see page 4)"": ""AXIS Object Analytics\nAXIS Image Health Analytics\nAXIS Scene Metadata\nAXIS Video Motion Detection 4"", ""Power"": ""PoE Class 6, PoE Class 4\nSFP midspan included"", ""In-/output ports"": ""3"", ""WDR/Lightfinder"": ""Forensic WDR / Lightfinder 2.0"", ""Zipstream/ H.264/H.265/AV1"": ""√ / √ / √ / √"", ""OptimizedIR/Built-in IR"": ""- / -"", ""Secure Boot/Signed video/Secure keystore"": ""√ / √ / FIPS 140-3 Level 3"", ""Sustainability"": ""PVC free, BFR/CFR free"", ""Special features"": ""Electronic image stabilization\nOrientation aid\nShock detection, Laser focus\nPower meter, Power profiles\nIP66/67/NEMA 4X/IK10"", ""Axis Part Number"": ""03190-004"", ""MSRP"": ""$3,649.00""}"
Q1_2026_CheatSheet_msrp_R3_lorez.pdf,29,1,Axis,Axis pan/tilt/zoom cameras,AXIS Q61,AXIS Q6135-LE,,Q6135-LE,single_model,01959-004,"$2,849.00 ",1920x1080 (2.1 MP),1920,1080,2.07,2.1 MP,"1/2.8”,
4.3 - 137.6 mm, F1.4 - 4.0
58.3°– 2.4°",1/2.8,4.3,137.6,1.4,4,58.3,2.4,,,50/60,32,0.06/0.008,Forensic Capture / Lightfinder 2.0,√ / √,"Axis High PoE, PoE Class 4
SFP midspan included",-,√ / -,yes,no,-,"Axis Object Analytics
Active Gatekeeper, Autotracking
AXIS Video Motion Detection
AXIS Scene Metadata",√ / - / FIPS 140-2 Level 2,PVC free,"Electronic image stabilization
Focus recall, Sharpdome
Speed dry, Shock detection
Power meter, Power profiles
IP66/NEMA 4X, IK08",,-,,no,,20,"{""Max. video resolution"": ""1920x1080 (2.1 MP)"", ""Sensor size/Lens/Horizontal field of view"": ""1/2.8”,\n4.3 - 137.6 mm, F1.4 - 4.0\n58.3°– 2.4°"", ""Day and night"": ""√"", ""Min. illumination (lux) Color/B&W"": ""0.06/0.008"", ""Max. frames per second"": ""50/60"", ""Optical zoom"": ""32"", ""Audio support/ Built-in mic"": ""√ / -"", ""Compute capabilities"": ""-"", ""Sensitivity"": ""-"", ""Included video analytics (for Axis video analytics, see page 4)"": ""Axis Object Analytics\nActive Gatekeeper, Autotracking\nAXIS Video Motion Detection\nAXIS Scene Metadata"", ""Power"": ""Axis High PoE, PoE Class 4\nSFP midspan included"", ""In-/output ports"": ""-"", ""WDR/Lightfinder"": ""Forensic Capture / Lightfinder 2.0"", ""Zipstream/ H.264/H.265/AV1"": ""√ / √ / √ / -"", ""OptimizedIR/Built-in IR"": ""√ / √"", ""Secure Boot/Signed video/Secure keystore"": ""√ / - / FIPS 140-2 Level 2"", ""Sustainability"": ""PVC free"", ""Special features"": ""Electronic image stabilization\nFocus recall, Sharpdome\nSpeed dry, Shock detection\nPower meter, Power profiles\nIP66/NEMA 4X, IK08"", ""Axis Part Number"": ""01959-004"", ""MSRP"": ""$2,849.00""}"
Q1_2026_CheatSheet_msrp_R3_lorez.pdf,29,1,Axis,Axis pan/tilt/zoom cameras,AXIS Q62,AXIS Q6225-LE,,Q6225-LE,single_model,02317-004,"$3,949.00 ",1920x1080 (2.1 MP),1920,1080,2.07,2.1 MP,"1/2""
6.91 - 214.64 mm, F1.36 - 4.6
63.8° – 2.2°",2-Jan,6.91,214.64,1.36,4.6,63.8,2.2,,,50/60,31,0.05/0.001,Forensic WDR / Lightfinder 2.0,√ / √,"PoE Class 8
SFP midspan included",3,√ / -,yes,no,-,"AXIS Object Analytics
Active Gatekeeper, Autotracking
AXIS Video Motion Detection
AXIS Scene Metadata",√ / √ / FIPS 140-2 Level 2,PVC free,"Electronic image stabilization
Built-in wiper
Orientation aid, Shock detection
Power meter, Power profiles
IP66/IP68/NEMA 4X , IK10,
MIL-STD-810G",,-,,no,,20,"{""Max. video resolution"": ""1920x1080 (2.1 MP)"", ""Sensor size/Lens/Horizontal field of view"": ""1/2\""\n6.91 - 214.64 mm, F1.36 - 4.6\n63.8° – 2.2°"", ""Day and night"": ""√"", ""Min. illumination (lux) Color/B&W"": ""0.05/0.001"", ""Max. frames per second"": ""50/60"", ""Optical zoom"": ""31"", ""Audio support/ Built-in mic"": ""√ / -"", ""Compute capabilities"": ""-"", ""Sensitivity"": ""-"", ""Included video analytics (for Axis video analytics, see page 4)"": ""AXIS Object Analytics\nActive Gatekeeper, Autotracking\nAXIS Video Motion Detection\nAXIS Scene Metadata"", ""Power"": ""PoE Class 8\nSFP midspan included"", ""In-/output ports"": ""3"", ""WDR/Lightfinder"": ""Forensic WDR / Lightfinder 2.0"", ""Zipstream/ H.264/H.265/AV1"": ""√ / √ / √ / -"", ""OptimizedIR/Built-in IR"": ""√ / √"", ""Secure Boot/Signed video/Secure keystore"": ""√ / √ / FIPS 140-2 Level 2"", ""Sustainability"": ""PVC free"", ""Special features"": ""Electronic image stabilization\nBuilt-in wiper\nOrientation aid, Shock detection\nPower meter, Power profiles\nIP66/IP68/NEMA 4X , IK10,\nMIL-STD-810G"", ""Axis Part Number"": ""02317-004"", ""MSRP"": ""$3,949.00""}"
Q1_2026_CheatSheet_msrp_R3_lorez.pdf,29,1,Axis,Axis pan/tilt/zoom cameras,AXIS Q63 Series,AXIS Q6300-E,,Q6300-E,single_model,02943-001,"$2,329.00 ",2592x1944 (20.4 MP),2592,1944,5.04,20.4 MP,"1/2""
3.7 mm, F3.7
360°",2-Jan,3.7,3.7,3.7,360,360,360,,,25/30,-,0.06/0.03,WDR / Lightfinder 2.0,- / -,"PoE Class 8
PoE Class 4",-,√ / -,yes,no,Deep learning processing unit,"AXIS Object Analytics
Autopilot
AXIS Video Motion Detection",√ / √ / FIPS 140-3 Level 3,"PVC free, BFR/CFR free","Directional audio detection
Exchangeable lenses
Current AXIS Q63/Q61/P56-E PTZ Camera
recommended
IP66/NEMA 4X, IK10",,-,,no,,20,"{""Max. video resolution"": ""2592x1944 (20.4 MP)"", ""Sensor size/Lens/Horizontal field of view"": ""1/2\""\n3.7 mm, F3.7\n360°"", ""Day and night"": ""√"", ""Min. illumination (lux) Color/B&W"": ""0.06/0.03"", ""Max. frames per second"": ""25/30"", ""Optical zoom"": ""-"", ""Audio support/ Built-in mic"": ""√ / -"", ""Compute capabilities"": ""Deep learning processing unit"", ""Sensitivity"": ""-"", ""Included video analytics (for Axis video analytics, see page 4)"": ""AXIS Object Analytics\nAutopilot\nAXIS Video Motion Detection"", ""Power"": ""PoE Class 8\nPoE Class 4"", ""In-/output ports"": ""-"", ""WDR/Lightfinder"": ""WDR / Lightfinder 2.0"", ""Zipstream/ H.264/H.265/AV1"": ""√ / √ / √ / -"", ""OptimizedIR/Built-in IR"": ""- / -"", ""Secure Boot/Signed video/Secure keystore"": ""√ / √ / FIPS 140-3 Level 3"", ""Sustainability"": ""PVC free, BFR/CFR free"", ""Special features"": ""Directional audio detection\nExchangeable lenses\nCurrent AXIS Q63/Q61/P56-E PTZ Camera\nrecommended\nIP66/NEMA 4X, IK10"", ""Axis Part Number"": ""02943-001"", ""MSRP"": ""$2,329.00""}"
Q1_2026_CheatSheet_msrp_R3_lorez.pdf,29,1,Axis,Axis pan/tilt/zoom cameras,AXIS Q63 Series,AXIS Q6325-LE,,Q6325-LE,single_model,03313-001,"$2,699.00 ",1920x1080 (2.1 MP),1920,1080,2.07,2.1 MP,"1/2""
6.91 - 214.64 mm, F1.36 - 4.6
60.6° – 2.0°",2-Jan,6.91,214.64,1.36,4.6,60.6,2,,,50/60,31,0.09/0.002,Forensic WDR / Lightfinder 2.0,√ / √,"PoE Class 6, PoE Class 4",3,√ / -,yes,no,Deep learning processing unit,"AXIS Object Analytics
Active Gatekeeper, Autotracking
AXIS Video Motion Detection
AXIS Scene Metadata",√ / √ / FIPS 140-3 Level 3,"PVC free, BFR/CFR free
18% recycled plastics, 5% bioplastics","Electronic image stabilization
Orientation aid, Shock detection
Power meter, Power profiles
IP66/IP67/NEMA 4X, IK10",,-,,no,,20,"{""Max. video resolution"": ""1920x1080 (2.1 MP)"", ""Sensor size/Lens/Horizontal field of view"": ""1/2\""\n6.91 - 214.64 mm, F1.36 - 4.6\n60.6° – 2.0°"", ""Day and night"": ""√"", ""Min. illumination (lux) Color/B&W"": ""0.09/0.002"", ""Max. frames per second"": ""50/60"", ""Optical zoom"": ""31"", ""Audio support/ Built-in mic"": ""√ / -"", ""Compute capabilities"": ""Deep learning processing unit"", ""Sensitivity"": ""-"", ""Included video analytics (for Axis video analytics, see page 4)"": ""AXIS Object Analytics\nActive Gatekeeper, Autotracking\nAXIS Video Motion Detection\nAXIS Scene Metadata"", ""Power"": ""PoE Class 6, PoE Class 4"", ""In-/output ports"": ""3"", ""WDR/Lightfinder"": ""Forensic WDR / Lightfinder 2.0"", ""Zipstream/ H.264/H.265/AV1"": ""√ / √ / √ / √"", ""OptimizedIR/Built-in IR"": ""√ / √"", ""Secure Boot/Signed video/Secure keystore"": ""√ / √ / FIPS 140-3 Level 3"", ""Sustainability"": ""PVC free, BFR/CFR free\n18% recycled plastics, 5% bioplastics"", ""Special features"": ""Electronic image stabilization\nOrientation aid, Shock detection\nPower meter, Power profiles\nIP66/IP67/NEMA 4X, IK10"", ""Axis Part Number"": ""03313-001"", ""MSRP"": ""$2,699.00""}"
Q1_2026_CheatSheet_msrp_R3_lorez.pdf,29,1,Axis,Axis pan/tilt/zoom cameras,AXIS Q63 Series,AXIS Q6355-LE,,Q6355-LE,single_model,02976-004,"$3,439.00 ",1920x1080 (2.1 MP),1920,1080,2.07,2.1 MP,"1/2""
6.91 - 214.64 mm, F1.36 - 4.6
60.6° – 2.0°",2-Jan,6.91,214.64,1.36,4.6,60.6,2,,,50/60,31,0.06/0.001,WDR / Lightfinder 2.0,√ / √,"PoE Class 6
SFP midspan included",3,√ / -,yes,no,Deep learning processing unit,"AXIS Object Analytics
Active Gatekeeper, Autotracking
AXIS Video Motion Detection
AXIS Scene Metadata",√ / √ / FIPS 140-3 Level 3,"PVC free, BFR/CFR free","Electronic image stabilization
Orientation aid, Shock detection
Laser focus
Power meter, Power profiles
IP66/IP67/NEMA 4X, IK10",,-,,no,,20,"{""Max. video resolution"": ""1920x1080 (2.1 MP)"", ""Sensor size/Lens/Horizontal field of view"": ""1/2\""\n6.91 - 214.64 mm, F1.36 - 4.6\n60.6° – 2.0°"", ""Day and night"": ""√"", ""Min. illumination (lux) Color/B&W"": ""0.06/0.001"", ""Max. frames per second"": ""50/60"", ""Optical zoom"": ""31"", ""Audio support/ Built-in mic"": ""√ / -"", ""Compute capabilities"": ""Deep learning processing unit"", ""Sensitivity"": ""-"", ""Included video analytics (for Axis video analytics, see page 4)"": ""AXIS Object Analytics\nActive Gatekeeper, Autotracking\nAXIS Video Motion Detection\nAXIS Scene Metadata"", ""Power"": ""PoE Class 6\nSFP midspan included"", ""In-/output ports"": ""3"", ""WDR/Lightfinder"": ""WDR / Lightfinder 2.0"", ""Zipstream/ H.264/H.265/AV1"": ""√ / √ / √ / √"", ""OptimizedIR/Built-in IR"": ""√ / √"", ""Secure Boot/Signed video/Secure keystore"": ""√ / √ / FIPS 140-3 Level 3"", ""Sustainability"": ""PVC free, BFR/CFR free"", ""Special features"": ""Electronic image stabilization\nOrientation aid, Shock detection\nLaser focus\nPower meter, Power profiles\nIP66/IP67/NEMA 4X, IK10"", ""Axis Part Number"": ""02976-004"", ""MSRP"": ""$3,439.00""}"
Q1_2026_CheatSheet_msrp_R3_lorez.pdf,29,1,Axis,Axis pan/tilt/zoom cameras,AXIS Q63 Series,AXIS Q6358-LE,,Q6358-LE,single_model,02977-004,"$3,699.00 ",3840x2160 (8 MP),3840,2160,8.29,8 MP,"1/2""
6.91 - 214.64 mm, F1.36 - 4.6
58.5° – 2.3°",2-Jan,6.91,214.64,1.36,4.6,58.5,2.3,,,50/60,31,0.11/0.001,WDR / Lightfinder 2.0,√ / √,"PoE Class 6
SFP midspan included",3,√ / -,yes,no,Deep learning processing unit,"AXIS Object Analytics
Active Gatekeeper, Autotracking
AXIS Video Motion Detection
AXIS Scene Metadata",√ / √ / FIPS 140-3 Level 3,"PVC free, BFR/CFR free","Orientation aid
Shock detection, Laser focus
Power meter, Power profiles
IP66/IP67/NEMA 4X, IK10",,-,,no,,20,"{""Max. video resolution"": ""3840x2160 (8 MP)"", ""Sensor size/Lens/Horizontal field of view"": ""1/2\""\n6.91 - 214.64 mm, F1.36 - 4.6\n58.5° – 2.3°"", ""Day and night"": ""√"", ""Min. illumination (lux) Color/B&W"": ""0.11/0.001"", ""Max. frames per second"": ""50/60"", ""Optical zoom"": ""31"", ""Audio support/ Built-in mic"": ""√ / -"", ""Compute capabilities"": ""Deep learning processing unit"", ""Sensitivity"": ""-"", ""Included video analytics (for Axis video analytics, see page 4)"": ""AXIS Object Analytics\nActive Gatekeeper, Autotracking\nAXIS Video Motion Detection\nAXIS Scene Metadata"", ""Power"": ""PoE Class 6\nSFP midspan included"", ""In-/output ports"": ""3"", ""WDR/Lightfinder"": ""WDR / Lightfinder 2.0"", ""Zipstream/ H.264/H.265/AV1"": ""√ / √ / √ / √"", ""OptimizedIR/Built-in IR"": ""√ / √"", ""Secure Boot/Signed video/Secure keystore"": ""√ / √ / FIPS 140-3 Level 3"", ""Sustainability"": ""PVC free, BFR/CFR free"", ""Special features"": ""Orientation aid\nShock detection, Laser focus\nPower meter, Power profiles\nIP66/IP67/NEMA 4X, IK10"", ""Axis Part Number"": ""02977-004"", ""MSRP"": ""$3,699.00""}"
Q1_2026_CheatSheet_msrp_R3_lorez.pdf,28,1,Axis,Axis pan/tilt/zoom cameras,AXIS Q87,AXIS Q8752-E Mk II,,Q8752-E Mk II,single_model,03053-001,"$14,999.00 ","Visual: 1920x1080
Thermal: 640x480",1920,1080,2.07,,"Visual: 1/2.8” progressive scan CMOS
4.3 – 137,6 mm, F1.4 – 4.0
58.5° – 2.4°
Thermal: Uncooled microbolometer
Athermalized 35 mm, F1.2, 17°
Athermalized 35-105 mm, F1.6, 18° -6° (Zoom)",1/2.8,4.3,137.6,1.2,4,58.5,2.4,,,"Visual: 50/60
Thermal: 8.3/301","Visual: 32
Thermal: 3 (Zoom)",Visual: 0.1/0.02,Visual: Forensic WDR / Lightfinder 2.0,- / -,56 V AC/DC,4,,,,Deep learning processing unit,"Advanced gatekeeper
Audio detection
AXIS Guard Suite
AXIS Video Motion Detection
Active tampering alarm",,PVC free,"Electronic image stabilization2
RJ45 and SFP interfaces
Thermal palettes, Built-in wiper
Visual channel: Focus recall
IP66/NEMA 4X, IK10",,Thermal: NETD < 50 mK,"360° endless /
-90° to 45°
-45° to 90°
(inverted configuration)",yes,,20,"{""Max. video resolution"": ""Visual: 1920x1080\nThermal: 640x480"", ""Sensor size/Lens/Horizontal field of view"": ""Visual: 1/2.8” progressive scan CMOS\n4.3 – 137,6 mm, F1.4 – 4.0\n58.5° – 2.4°\nThermal: Uncooled microbolometer\nAthermalized 35 mm, F1.2, 17°\nAthermalized 35-105 mm, F1.6, 18° -6° (Zoom)"", ""Day and night"": ""√"", ""Min. illumination (lux) Color/B&W"": ""Visual: 0.1/0.02"", ""Max. frames per second"": ""Visual: 50/60\nThermal: 8.3/301"", ""Pan/Tilt"": ""360° endless /\n-90° to 45°\n-45° to 90°\n(inverted configuration)"", ""Optical zoom"": ""Visual: 32\nThermal: 3 (Zoom)"", ""Sensitivity"": ""Thermal: NETD < 50 mK"", ""Compute capabilities"": ""Deep learning processing unit"", ""Included video analytics (for Axis video analytics, see page 4)"": ""Advanced gatekeeper\nAudio detection\nAXIS Guard Suite\nAXIS Video Motion Detection\nActive tampering alarm"", ""Power"": ""56 V AC/DC"", ""In-/output ports"": ""4"", ""WDR/Lightfinder"": ""Visual: Forensic WDR / Lightfinder 2.0"", ""Zipstream/ H.264/H.265/AV1"": ""√ / √ / √ / -"", ""OptimizedIR/Built-in IR"": ""- / -"", ""Secure Boot/Signed video/ Secure keystore"": ""√ / √ / FIPS 140-2 Level 2"", ""Sustainability"": ""PVC free"", ""Special features"": ""Electronic image stabilization2\nRJ45 and SFP interfaces\nThermal palettes, Built-in wiper\nVisual channel: Focus recall\nIP66/NEMA 4X, IK10"", ""Axis Part Number"": ""03053-001"", ""MSRP"": ""$14,999.00""}"
Q1_2026_CheatSheet_msrp_R3_lorez.pdf,19,1,Axis,Axis dome cameras,AXIS Q92,AXIS Q9227-SLV,Steel,Q9227-SLV Steel,part_number_variants,03138-001,"$1,399.00 ",2880x2160 (5 MP),2880,2160,6.22,5 MP,"1/1.7”
3.7 mm, F2.0
115°",1/1.7,3.7,3.7,2,115,115,115,,,25/30,,0.06/0.00,"Forensic WDR/
Lightfinder 2.0",,PoE Class 3,1-Jan,√ / √,yes,yes,Deep learning processing unit,"AXIS Object Analytics
AXIS Audio Analytics
AXIS Video Motion Detection
AXIS Image Health Analytics
AXIS Live Privacy Shield
AXIS Scene Metadata",√ / √ / √,"PVC free, BFR/CFR free","White LED
Indication LED
Built-in speaker
On/off switch
IP66/IP6K9K/NEMA 4X, IK11",,,,no,,17,"{""Max. video resolution"": ""2880x2160 (5 MP)"", ""Sensor size/Lens/Horizontal field of view"": ""1/1.7”\n3.7 mm, F2.0\n115°"", ""Min. illumination (lux) Color/B&W"": ""0.06/0.00"", ""Max. frames per second"": ""25/30"", ""Audio support/ Built-in mic"": ""√ / √"", ""Compute capabilities"": ""Deep learning processing unit"", ""Included video analytics (for Axis video analytics, see page 4)"": ""AXIS Object Analytics\nAXIS Audio Analytics\nAXIS Video Motion Detection\nAXIS Image Health Analytics\nAXIS Live Privacy Shield\nAXIS Scene Metadata"", ""Power"": ""PoE Class 3"", ""In-/output ports"": ""1/1"", ""WDR/Lightfinder"": ""Forensic WDR/\nLightfinder 2.0"", ""Zipstream/ H.264/H.265/AV1"": ""√ / √ / √ / -"", ""OptimizedIR/ Built-in IR"": ""√ */ √"", ""Secure Boot/Signed video/Secure keystore"": ""√ / √ / √"", ""Sustainability"": ""PVC free, BFR/CFR free"", ""Special features"": ""White LED\nIndication LED\nBuilt-in speaker\nOn/off switch\nIP66/IP6K9K/NEMA 4X, IK11"", ""Axis Part Number"": ""Steel: 03138-001\nWhite: 03139-001"", ""MSRP"": ""Steel: $1,399.00\nWhite: $1,399.00""}"
Q1_2026_CheatSheet_msrp_R3_lorez.pdf,19,1,Axis,Axis dome cameras,AXIS Q92,AXIS Q9227-SLV,White,Q9227-SLV White,part_number_variants,03139-001,"$1,399.00 ",2880x2160 (5 MP),2880,2160,6.22,5 MP,"1/1.7”
3.7 mm, F2.0
115°",1/1.7,3.7,3.7,2,115,115,115,,,25/30,,0.06/0.00,"Forensic WDR/
Lightfinder 2.0",,PoE Class 3,1-Jan,√ / √,yes,yes,Deep learning processing unit,"AXIS Object Analytics
AXIS Audio Analytics
AXIS Video Motion Detection
AXIS Image Health Analytics
AXIS Live Privacy Shield
AXIS Scene Metadata",√ / √ / √,"PVC free, BFR/CFR free","White LED
Indication LED
Built-in speaker
On/off switch
IP66/IP6K9K/NEMA 4X, IK11",,,,no,,17,"{""Max. video resolution"": ""2880x2160 (5 MP)"", ""Sensor size/Lens/Horizontal field of view"": ""1/1.7”\n3.7 mm, F2.0\n115°"", ""Min. illumination (lux) Color/B&W"": ""0.06/0.00"", ""Max. frames per second"": ""25/30"", ""Audio support/ Built-in mic"": ""√ / √"", ""Compute capabilities"": ""Deep learning processing unit"", ""Included video analytics (for Axis video analytics, see page 4)"": ""AXIS Object Analytics\nAXIS Audio Analytics\nAXIS Video Motion Detection\nAXIS Image Health Analytics\nAXIS Live Privacy Shield\nAXIS Scene Metadata"", ""Power"": ""PoE Class 3"", ""In-/output ports"": ""1/1"", ""WDR/Lightfinder"": ""Forensic WDR/\nLightfinder 2.0"", ""Zipstream/ H.264/H.265/AV1"": ""√ / √ / √ / -"", ""OptimizedIR/ Built-in IR"": ""√ */ √"", ""Secure Boot/Signed video/Secure keystore"": ""√ / √ / √"", ""Sustainability"": ""PVC free, BFR/CFR free"", ""Special features"": ""White LED\nIndication LED\nBuilt-in speaker\nOn/off switch\nIP66/IP6K9K/NEMA 4X, IK11"", ""Axis Part Number"": ""Steel: 03138-001\nWhite: 03139-001"", ""MSRP"": ""Steel: $1,399.00\nWhite: $1,399.00""}"
Q1_2026_CheatSheet_msrp_R3_lorez.pdf,19,1,Axis,Axis dome cameras,AXIS Q93,AXIS Q9307-LV,,Q9307-LV,single_model,02487-001,"$1,499.00 ",2592x1944 (5 MP),2592,1944,5.04,5 MP,"1/2.7”
3 – 8 mm, F1.3
104°– 40°",1/2.7,3,8,1.3,104,104,40,,,25/30,,0.13/0.00,"Forensic WDR/
Lightfinder 2.0",,PoE Class 4,1-Jan,√ / 4,yes,,Deep learning processing unit,"AXIS Object Analytics
Audio detection
AXIS Video Motion Detection
AXIS Image Health Analytics
AXIS Live Privacy Shield
AXIS Scene Metadata
Coughing fit and stressed
voice detection",√ / √ / √,PVC free,"Two-way audio
Echo cancellation
Chemical resistant casing
LED Indicators
IP44- and IK08-rated",,,,no,,17,"{""Max. video resolution"": ""2592x1944 (5 MP)"", ""Sensor size/Lens/Horizontal field of view"": ""1/2.7”\n3 – 8 mm, F1.3\n104°– 40°"", ""Min. illumination (lux) Color/B&W"": ""0.13/0.00"", ""Max. frames per second"": ""25/30"", ""Audio support/ Built-in mic"": ""√ / 4"", ""Compute capabilities"": ""Deep learning processing unit"", ""Included video analytics (for Axis video analytics, see page 4)"": ""AXIS Object Analytics\nAudio detection\nAXIS Video Motion Detection\nAXIS Image Health Analytics\nAXIS Live Privacy Shield\nAXIS Scene Metadata\nCoughing fit and stressed\nvoice detection"", ""Power"": ""PoE Class 4"", ""In-/output ports"": ""1/1"", ""WDR/Lightfinder"": ""Forensic WDR/\nLightfinder 2.0"", ""Zipstream/ H.264/H.265/AV1"": ""√ / √ / √ / -"", ""OptimizedIR/ Built-in IR"": ""√ / √"", ""Secure Boot/Signed video/Secure keystore"": ""√ / √ / √"", ""Sustainability"": ""PVC free"", ""Special features"": ""Two-way audio\nEcho cancellation\nChemical resistant casing\nLED Indicators\nIP44- and IK08-rated"", ""Axis Part Number"": ""02487-001"", ""MSRP"": ""$1,499.00""}"
Q1_2026_CheatSheet_msrp_R3_lorez.pdf,31,1,Axis,Axis pan/tilt/zoom cameras,AXIS V59 Series,AXIS V5925,,V5925,single_model,01966-004,"$2,279.00 ",1920x1080 (2.1 MP),1920,1080,2.07,2.1 MP,"1/2.8"",
4.4 – 132 mm, F1.4 - 4.6
62°– 2.3°",1/2.8,4.4,132,1.4,4.6,62,2.3,,,50/60,30,1.0/0.03,- / -,- / -,DC,2,√ / -,yes,no,,"AXIS Video Motion Detection
Active tampering alarm
Autotracking",√ / - / -,-,"2x Canon XLR3
3G-SDI, HDMITM
CamStreamer 3-month trial included
VISCA support, VISCA over IP support",,,,no,,18,"{""Max. video resolution"": ""1920x1080 (2.1 MP)"", ""Sensor size/Lens/Horizontal field of view"": ""1/2.8\"",\n4.4 – 132 mm, F1.4 - 4.6\n62°– 2.3°"", ""Day and night"": ""√"", ""Min. illumination (lux) Color/B&W"": ""1.0/0.03"", ""Max. frames per second"": ""50/60"", ""Optical zoom"": ""30"", ""Audio support/ Built-in mic"": ""√ / -"", ""Included video analytics (for Axis video analytics, see page 4)"": ""AXIS Video Motion Detection\nActive tampering alarm\nAutotracking"", ""Power"": ""DC"", ""In-/output ports"": ""2"", ""WDR/Lightfinder"": ""- / -"", ""Zipstream/ H.264/H.265/AV1"": ""√ / √ / √ / -"", ""OptimizedIR/Built-in IR"": ""- / -"", ""Secure Boot/ Signed video/Secure keystore"": ""√ / - / -"", ""Sustainability"": ""-"", ""Special features"": ""2x Canon XLR3\n3G-SDI, HDMITM\nCamStreamer 3-month trial included\nVISCA support, VISCA over IP support"", ""Axis Part Number"": ""01966-004"", ""MSRP"": ""$2,279.00""}"
Q1_2026_CheatSheet_msrp_R3_lorez.pdf,31,1,Axis,Axis pan/tilt/zoom cameras,AXIS V59 Series,AXIS V5938,,V5938,single_model,02023-004,"$3,499.00 ",3840x2160 (8MP),3840,2160,8.29,8MP,"1/2.5"",
4.4 – 88 mm, F2.0 - 3.8,
70.2°– 4.1°",1/2.5,4.4,88,2,3.8,70.2,4.1,,,25/30,20,0.7/0.06,- / -,- / -,DC,2,√ / -,yes,no,,"AXIS Video Motion Detection
Active tampering alarm
Autotracking",√ / - / -,-,"UHD 4K
2x Canon XLR3
3G-SDI, HDMITM
CamStreamer 3-month trial included
VISCA support, VISCA over IP support",,,,no,,18,"{""Max. video resolution"": ""3840x2160 (8MP)"", ""Sensor size/Lens/Horizontal field of view"": ""1/2.5\"",\n4.4 – 88 mm, F2.0 - 3.8,\n70.2°– 4.1°"", ""Day and night"": ""√"", ""Min. illumination (lux) Color/B&W"": ""0.7/0.06"", ""Max. frames per second"": ""25/30"", ""Optical zoom"": ""20"", ""Audio support/ Built-in mic"": ""√ / -"", ""Included video analytics (for Axis video analytics, see page 4)"": ""AXIS Video Motion Detection\nActive tampering alarm\nAutotracking"", ""Power"": ""DC"", ""In-/output ports"": ""2"", ""WDR/Lightfinder"": ""- / -"", ""Zipstream/ H.264/H.265/AV1"": ""√ / √ / √ / -"", ""OptimizedIR/Built-in IR"": ""- / -"", ""Secure Boot/ Signed video/Secure keystore"": ""√ / - / -"", ""Sustainability"": ""-"", ""Special features"": ""UHD 4K\n2x Canon XLR3\n3G-SDI, HDMITM\nCamStreamer 3-month trial included\nVISCA support, VISCA over IP support"", ""Axis Part Number"": ""02023-004"", ""MSRP"": ""$3,499.00""}"
Q1_2026_CheatSheet_msrp_R3_lorez.pdf,36,1,Canon,Canon network cameras,,VB-H47,Black,VB-H47 Black,part_number_variants,5715C002,"$2,939.00 ",1920x1080 (2.1 MP),1920,1080,2.07,2.1 MP,"62.4°– 3.2°
Progressive scan CMOS 1/3”
4.7 – 94 mm
F1.6 – F3.5
Autofocus
20x optical, 16x digital zoom",3-Jan,4.7,94,1.6,3.5,62.4,3.2,,,,,"0.02 (Color)
0.003 (B/W)",,,"AC/DC
PoE IEEE 802.3at Type1",,,,,,,,,,,,"64 presets
340° pan
100° (-90° to +10°) tilt",no,,16,"{""Max. video resolution"": ""1920x1080 (2.1 MP)"", ""Sensor size/Lens/Horizontal field of view"": ""62.4°– 3.2°\nProgressive scan CMOS 1/3”"", ""Lens"": ""4.7 – 94 mm\nF1.6 – F3.5\nAutofocus\n20x optical, 16x digital zoom"", ""Day and night"": ""√"", ""Min. illumination (lux)"": ""0.02 (Color)\n0.003 (B/W)"", ""Frames per second"": ""30"", ""Pan/Tilt"": ""64 presets\n340° pan\n100° (-90° to +10°) tilt"", ""Audio support"": ""Two-way"", ""Alarm in-/outputs"": ""2/2"", ""Analytics"": ""Moving Object Detection\nAbandoned Object Detection\nRemoved Object Detection\nCamera Tampering Detection\nPassing Detection\nIntrusion Detection\nVolume Detection\nFace Detection"", ""Power"": ""AC/DC\nPoE IEEE 802.3at Type1"", ""Outdoor ready"": ""-"", ""H.264/H.265"": ""√ / √"", ""Other"": ""Motion Adaptive Noise Reduction\nArea-specific Data Size Reduction (ADSR)\nONVIF Profile S & G & T"", ""Axis Part Number"": ""White: 5715C001\nBlack: 5715C002"", ""MSRP"": ""White: $2,939.00\nBlack: $2,939.00""}"
Q1_2026_CheatSheet_msrp_R3_lorez.pdf,36,1,Canon,Canon network cameras,,VB-H47,White,VB-H47 White,part_number_variants,5715C001,"$2,939.00 ",1920x1080 (2.1 MP),1920,1080,2.07,2.1 MP,"62.4°– 3.2°
Progressive scan CMOS 1/3”
4.7 – 94 mm
F1.6 – F3.5
Autofocus
20x optical, 16x digital zoom",3-Jan,4.7,94,1.6,3.5,62.4,3.2,,,,,"0.02 (Color)
0.003 (B/W)",,,"AC/DC
PoE IEEE 802.3at Type1",,,,,,,,,,,,"64 presets
340° pan
100° (-90° to +10°) tilt",no,,16,"{""Max. video resolution"": ""1920x1080 (2.1 MP)"", ""Sensor size/Lens/Horizontal field of view"": ""62.4°– 3.2°\nProgressive scan CMOS 1/3”"", ""Lens"": ""4.7 – 94 mm\nF1.6 – F3.5\nAutofocus\n20x optical, 16x digital zoom"", ""Day and night"": ""√"", ""Min. illumination (lux)"": ""0.02 (Color)\n0.003 (B/W)"", ""Frames per second"": ""30"", ""Pan/Tilt"": ""64 presets\n340° pan\n100° (-90° to +10°) tilt"", ""Audio support"": ""Two-way"", ""Alarm in-/outputs"": ""2/2"", ""Analytics"": ""Moving Object Detection\nAbandoned Object Detection\nRemoved Object Detection\nCamera Tampering Detection\nPassing Detection\nIntrusion Detection\nVolume Detection\nFace Detection"", ""Power"": ""AC/DC\nPoE IEEE 802.3at Type1"", ""Outdoor ready"": ""-"", ""H.264/H.265"": ""√ / √"", ""Other"": ""Motion Adaptive Noise Reduction\nArea-specific Data Size Reduction (ADSR)\nONVIF Profile S & G & T"", ""Axis Part Number"": ""White: 5715C001\nBlack: 5715C002"", ""MSRP"": ""White: $2,939.00\nBlack: $2,939.00""}"
Q1_2026_CheatSheet_msrp_R3_lorez.pdf,36,1,Canon,Canon network cameras,,VB-M46,Black,VB-M46 Black,part_number_variants,5716C002,"$2,109.00 ",1280x960 (1.3 MP),1280,960,1.23,1.3 MP,"62.4°– 3.2°
Progressive scan CMOS 1/3”
4.7 – 94 mm
F1.6 – F3.5
Autofocus
20x optical, 16x digital zoom",3-Jan,4.7,94,1.6,3.5,62.4,3.2,,,,,"0.02 (Color)
0.003 (B/W)",,,"AC/DC
PoE IEEE 802.3at Type1",,,,,,,,,,,,"64 presets
340° pan
100° (-90° to +10°) tilt",no,,16,"{""Max. video resolution"": ""1280x960 (1.3 MP)"", ""Sensor size/Lens/Horizontal field of view"": ""62.4°– 3.2°\nProgressive scan CMOS 1/3”"", ""Lens"": ""4.7 – 94 mm\nF1.6 – F3.5\nAutofocus\n20x optical, 16x digital zoom"", ""Day and night"": ""√"", ""Min. illumination (lux)"": ""0.02 (Color)\n0.003 (B/W)"", ""Frames per second"": ""30"", ""Pan/Tilt"": ""64 presets\n340° pan\n100° (-90° to +10°) tilt"", ""Audio support"": ""Two-way"", ""Alarm in-/outputs"": ""2/2"", ""Analytics"": ""Moving Object Detection\nAbandoned Object Detection\nRemoved Object Detection\nCamera Tampering Detection\nPassing Detection\nIntrusion Detection\nVolume Detection\nFace Detection"", ""Power"": ""AC/DC\nPoE IEEE 802.3at Type1"", ""Outdoor ready"": ""-"", ""H.264/H.265"": ""√ / √"", ""Other"": ""Motion Adaptive Noise Reduction\nArea-specific Data Size Reduction (ADSR)\nONVIF Profile S & G & T"", ""Axis Part Number"": ""White: 5716C001\nBlack: 5716C002"", ""MSRP"": ""White: $2,109.00\nBlack: $2,109.00""}"
Q1_2026_CheatSheet_msrp_R3_lorez.pdf,36,1,Canon,Canon network cameras,,VB-M46,White,VB-M46 White,part_number_variants,5716C001,"$2,109.00 ",1280x960 (1.3 MP),1280,960,1.23,1.3 MP,"62.4°– 3.2°
Progressive scan CMOS 1/3”
4.7 – 94 mm
F1.6 – F3.5
Autofocus
20x optical, 16x digital zoom",3-Jan,4.7,94,1.6,3.5,62.4,3.2,,,,,"0.02 (Color)
0.003 (B/W)",,,"AC/DC
PoE IEEE 802.3at Type1",,,,,,,,,,,,"64 presets
340° pan
100° (-90° to +10°) tilt",no,,16,"{""Max. video resolution"": ""1280x960 (1.3 MP)"", ""Sensor size/Lens/Horizontal field of view"": ""62.4°– 3.2°\nProgressive scan CMOS 1/3”"", ""Lens"": ""4.7 – 94 mm\nF1.6 – F3.5\nAutofocus\n20x optical, 16x digital zoom"", ""Day and night"": ""√"", ""Min. illumination (lux)"": ""0.02 (Color)\n0.003 (B/W)"", ""Frames per second"": ""30"", ""Pan/Tilt"": ""64 presets\n340° pan\n100° (-90° to +10°) tilt"", ""Audio support"": ""Two-way"", ""Alarm in-/outputs"": ""2/2"", ""Analytics"": ""Moving Object Detection\nAbandoned Object Detection\nRemoved Object Detection\nCamera Tampering Detection\nPassing Detection\nIntrusion Detection\nVolume Detection\nFace Detection"", ""Power"": ""AC/DC\nPoE IEEE 802.3at Type1"", ""Outdoor ready"": ""-"", ""H.264/H.265"": ""√ / √"", ""Other"": ""Motion Adaptive Noise Reduction\nArea-specific Data Size Reduction (ADSR)\nONVIF Profile S & G & T"", ""Axis Part Number"": ""White: 5716C001\nBlack: 5716C002"", ""MSRP"": ""White: $2,109.00\nBlack: $2,109.00""}"
Q1_2026_CheatSheet_msrp_R3_lorez.pdf,34,1,Axis,Explosion-protected devices,,AXIS XFQ1656,,XFQ1656,single_model,02462-001,"$10,599.00 ",2688x1512 (4 MP),2688,1512,4.06,4 MP,"1/1.8”, i-CS lens
3.9 - 10 mm, F1.5
120° - 47°",1/1.8,3.9,10,1.5,120,120,47,,,50/60,~2.5x zoom,0.05/0.01,Forensic WDR/ Lightfinder 2.0,,"PoE Class 6
100-240 V AC",4,,,,,"Smoke alert, Audio detection
AXIS Object Analytics
AXIS Video Motion Detection
AXIS Image Health Analytics
AXIS Live Privacy Shield
AXIS Scene Metadata",√ / √ / FIPS 140-2 Level 2,-,"Electronic image stabilization
Built-in wiper
Shock detection
Edge-to-edge technology
IP66/IP67/IP68",,,,no,,16,"{""Max. video resolution"": ""2688x1512 (4 MP)"", ""Sensor size/Lens/Horizontal field of view"": ""1/1.8”, i-CS lens\n3.9 - 10 mm, F1.5\n120° - 47°"", ""Min. illumination (lux) Color/B&W"": ""0.05/0.01"", ""Max. frames per second"": ""50/60"", ""Optical zoom"": ""~2.5x zoom"", ""Included video analytics (for Axis video analytics, see page 4)"": ""Smoke alert, Audio detection\nAXIS Object Analytics\nAXIS Video Motion Detection\nAXIS Image Health Analytics\nAXIS Live Privacy Shield\nAXIS Scene Metadata"", ""Power"": ""PoE Class 6\n100-240 V AC"", ""In-/output ports"": ""4"", ""WDR/Lightfinder"": ""Forensic WDR/ Lightfinder 2.0"", ""Zipstream/H.264/H.265"": ""√ / √ / √"", ""Certifications"": ""ATEX, IECEx, INMETRO, IA, KCs, PESO, cMETus, JPEx, OSHA(TW)"", ""Secure Boot/ Signed video/Secure keystore"": ""√ / √ / FIPS 140-2 Level 2"", ""Sustainability"": ""-"", ""Special features"": ""Electronic image stabilization\nBuilt-in wiper\nShock detection\nEdge-to-edge technology\nIP66/IP67/IP68"", ""Axis Part Number"": ""02462-001"", ""MSRP"": ""$10,599.00""}"
